"run","method","true_label","predicted_label","count","row_percent"
"1","BPTT checkpoint","Baseball","Baseball","11","55.00000000000001"
"1","BPTT checkpoint","Baseball","Bottle","0","0.0"
"1","BPTT checkpoint","Baseball","Sponge Dice","0","0.0"
"1","BPTT checkpoint","Baseball","Tape","6","30.0"
"1","BPTT checkpoint","Baseball","Plush Toy","0","0.0"
"1","BPTT checkpoint","Baseball","Optical Mouse","0","0.0"
"1","BPTT checkpoint","Baseball","Smartphone","0","0.0"
"1","BPTT checkpoint","Baseball","Rubik's Cube","0","0.0"
"1","BPTT checkpoint","Baseball","Stuffed Ball","3","15.0"
"1","BPTT checkpoint","Baseball","3D-Printed Part","0","0.0"
"1","BPTT checkpoint","Bottle","Baseball","0","0.0"
"1","BPTT checkpoint","Bottle","Bottle","20","100.0"
"1","BPTT checkpoint","Bottle","Sponge Dice","0","0.0"
"1","BPTT checkpoint","Bottle","Tape","0","0.0"
"1","BPTT checkpoint","Bottle","Plush Toy","0","0.0"
"1","BPTT checkpoint","Bottle","Optical Mouse","0","0.0"
"1","BPTT checkpoint","Bottle","Smartphone","0","0.0"
"1","BPTT checkpoint","Bottle","Rubik's Cube","0","0.0"
"1","BPTT checkpoint","Bottle","Stuffed Ball","0","0.0"
"1","BPTT checkpoint","Bottle","3D-Printed Part","0","0.0"
"1","BPTT checkpoint","Sponge Dice","Baseball","0","0.0"
"1","BPTT checkpoint","Sponge Dice","Bottle","0","0.0"
"1","BPTT checkpoint","Sponge Dice","Sponge Dice","17","85.0"
"1","BPTT checkpoint","Sponge Dice","Tape","0","0.0"
"1","BPTT checkpoint","Sponge Dice","Plush Toy","0","0.0"
"1","BPTT checkpoint","Sponge Dice","Optical Mouse","0","0.0"
"1","BPTT checkpoint","Sponge Dice","Smartphone","0","0.0"
"1","BPTT checkpoint","Sponge Dice","Rubik's Cube","2","10.0"
"1","BPTT checkpoint","Sponge Dice","Stuffed Ball","0","0.0"
"1","BPTT checkpoint","Sponge Dice","3D-Printed Part","1","5.0"
"1","BPTT checkpoint","Tape","Baseball","4","20.0"
"1","BPTT checkpoint","Tape","Bottle","0","0.0"
"1","BPTT checkpoint","Tape","Sponge Dice","0","0.0"
"1","BPTT checkpoint","Tape","Tape","14","70.0"
"1","BPTT checkpoint","Tape","Plush Toy","0","0.0"
"1","BPTT checkpoint","Tape","Optical Mouse","0","0.0"
"1","BPTT checkpoint","Tape","Smartphone","0","0.0"
"1","BPTT checkpoint","Tape","Rubik's Cube","0","0.0"
"1","BPTT checkpoint","Tape","Stuffed Ball","2","10.0"
"1","BPTT checkpoint","Tape","3D-Printed Part","0","0.0"
"1","BPTT checkpoint","Plush Toy","Baseball","0","0.0"
"1","BPTT checkpoint","Plush Toy","Bottle","0","0.0"
"1","BPTT checkpoint","Plush Toy","Sponge Dice","0","0.0"
"1","BPTT checkpoint","Plush Toy","Tape","0","0.0"
"1","BPTT checkpoint","Plush Toy","Plush Toy","20","100.0"
"1","BPTT checkpoint","Plush Toy","Optical Mouse","0","0.0"
"1","BPTT checkpoint","Plush Toy","Smartphone","0","0.0"
"1","BPTT checkpoint","Plush Toy","Rubik's Cube","0","0.0"
"1","BPTT checkpoint","Plush Toy","Stuffed Ball","0","0.0"
"1","BPTT checkpoint","Plush Toy","3D-Printed Part","0","0.0"
"1","BPTT checkpoint","Optical Mouse","Baseball","0","0.0"
"1","BPTT checkpoint","Optical Mouse","Bottle","0","0.0"
"1","BPTT checkpoint","Optical Mouse","Sponge Dice","0","0.0"
"1","BPTT checkpoint","Optical Mouse","Tape","0","0.0"
"1","BPTT checkpoint","Optical Mouse","Plush Toy","3","15.0"
"1","BPTT checkpoint","Optical Mouse","Optical Mouse","17","85.0"
"1","BPTT checkpoint","Optical Mouse","Smartphone","0","0.0"
"1","BPTT checkpoint","Optical Mouse","Rubik's Cube","0","0.0"
"1","BPTT checkpoint","Optical Mouse","Stuffed Ball","0","0.0"
"1","BPTT checkpoint","Optical Mouse","3D-Printed Part","0","0.0"
"1","BPTT checkpoint","Smartphone","Baseball","0","0.0"
"1","BPTT checkpoint","Smartphone","Bottle","0","0.0"
"1","BPTT checkpoint","Smartphone","Sponge Dice","0","0.0"
"1","BPTT checkpoint","Smartphone","Tape","0","0.0"
"1","BPTT checkpoint","Smartphone","Plush Toy","0","0.0"
"1","BPTT checkpoint","Smartphone","Optical Mouse","0","0.0"
"1","BPTT checkpoint","Smartphone","Smartphone","20","100.0"
"1","BPTT checkpoint","Smartphone","Rubik's Cube","0","0.0"
"1","BPTT checkpoint","Smartphone","Stuffed Ball","0","0.0"
"1","BPTT checkpoint","Smartphone","3D-Printed Part","0","0.0"
"1","BPTT checkpoint","Rubik's Cube","Baseball","0","0.0"
"1","BPTT checkpoint","Rubik's Cube","Bottle","0","0.0"
"1","BPTT checkpoint","Rubik's Cube","Sponge Dice","0","0.0"
"1","BPTT checkpoint","Rubik's Cube","Tape","0","0.0"
"1","BPTT checkpoint","Rubik's Cube","Plush Toy","0","0.0"
"1","BPTT checkpoint","Rubik's Cube","Optical Mouse","0","0.0"
"1","BPTT checkpoint","Rubik's Cube","Smartphone","1","5.0"
"1","BPTT checkpoint","Rubik's Cube","Rubik's Cube","19","95.0"
"1","BPTT checkpoint","Rubik's Cube","Stuffed Ball","0","0.0"
"1","BPTT checkpoint","Rubik's Cube","3D-Printed Part","0","0.0"
"1","BPTT checkpoint","Stuffed Ball","Baseball","8","40.0"
"1","BPTT checkpoint","Stuffed Ball","Bottle","0","0.0"
"1","BPTT checkpoint","Stuffed Ball","Sponge Dice","0","0.0"
"1","BPTT checkpoint","Stuffed Ball","Tape","0","0.0"
"1","BPTT checkpoint","Stuffed Ball","Plush Toy","0","0.0"
"1","BPTT checkpoint","Stuffed Ball","Optical Mouse","0","0.0"
"1","BPTT checkpoint","Stuffed Ball","Smartphone","0","0.0"
"1","BPTT checkpoint","Stuffed Ball","Rubik's Cube","0","0.0"
"1","BPTT checkpoint","Stuffed Ball","Stuffed Ball","12","60.0"
"1","BPTT checkpoint","Stuffed Ball","3D-Printed Part","0","0.0"
"1","BPTT checkpoint","3D-Printed Part","Baseball","0","0.0"
"1","BPTT checkpoint","3D-Printed Part","Bottle","0","0.0"
"1","BPTT checkpoint","3D-Printed Part","Sponge Dice","0","0.0"
"1","BPTT checkpoint","3D-Printed Part","Tape","0","0.0"
"1","BPTT checkpoint","3D-Printed Part","Plush Toy","0","0.0"
"1","BPTT checkpoint","3D-Printed Part","Optical Mouse","0","0.0"
"1","BPTT checkpoint","3D-Printed Part","Smartphone","0","0.0"
"1","BPTT checkpoint","3D-Printed Part","Rubik's Cube","0","0.0"
"1","BPTT checkpoint","3D-Printed Part","Stuffed Ball","0","0.0"
"1","BPTT checkpoint","3D-Printed Part","3D-Printed Part","20","100.0"
"2","BPTT checkpoint","Baseball","Baseball","16","80.0"
"2","BPTT checkpoint","Baseball","Bottle","0","0.0"
"2","BPTT checkpoint","Baseball","Sponge Dice","0","0.0"
"2","BPTT checkpoint","Baseball","Tape","3","15.0"
"2","BPTT checkpoint","Baseball","Plush Toy","0","0.0"
"2","BPTT checkpoint","Baseball","Optical Mouse","0","0.0"
"2","BPTT checkpoint","Baseball","Smartphone","0","0.0"
"2","BPTT checkpoint","Baseball","Rubik's Cube","1","5.0"
"2","BPTT checkpoint","Baseball","Stuffed Ball","0","0.0"
"2","BPTT checkpoint","Baseball","3D-Printed Part","0","0.0"
"2","BPTT checkpoint","Bottle","Baseball","0","0.0"
"2","BPTT checkpoint","Bottle","Bottle","19","95.0"
"2","BPTT checkpoint","Bottle","Sponge Dice","0","0.0"
"2","BPTT checkpoint","Bottle","Tape","0","0.0"
"2","BPTT checkpoint","Bottle","Plush Toy","0","0.0"
"2","BPTT checkpoint","Bottle","Optical Mouse","0","0.0"
"2","BPTT checkpoint","Bottle","Smartphone","1","5.0"
"2","BPTT checkpoint","Bottle","Rubik's Cube","0","0.0"
"2","BPTT checkpoint","Bottle","Stuffed Ball","0","0.0"
"2","BPTT checkpoint","Bottle","3D-Printed Part","0","0.0"
"2","BPTT checkpoint","Sponge Dice","Baseball","0","0.0"
"2","BPTT checkpoint","Sponge Dice","Bottle","0","0.0"
"2","BPTT checkpoint","Sponge Dice","Sponge Dice","17","85.0"
"2","BPTT checkpoint","Sponge Dice","Tape","0","0.0"
"2","BPTT checkpoint","Sponge Dice","Plush Toy","0","0.0"
"2","BPTT checkpoint","Sponge Dice","Optical Mouse","0","0.0"
"2","BPTT checkpoint","Sponge Dice","Smartphone","1","5.0"
"2","BPTT checkpoint","Sponge Dice","Rubik's Cube","1","5.0"
"2","BPTT checkpoint","Sponge Dice","Stuffed Ball","0","0.0"
"2","BPTT checkpoint","Sponge Dice","3D-Printed Part","1","5.0"
"2","BPTT checkpoint","Tape","Baseball","2","10.0"
"2","BPTT checkpoint","Tape","Bottle","0","0.0"
"2","BPTT checkpoint","Tape","Sponge Dice","0","0.0"
"2","BPTT checkpoint","Tape","Tape","13","65.0"
"2","BPTT checkpoint","Tape","Plush Toy","0","0.0"
"2","BPTT checkpoint","Tape","Optical Mouse","0","0.0"
"2","BPTT checkpoint","Tape","Smartphone","0","0.0"
"2","BPTT checkpoint","Tape","Rubik's Cube","0","0.0"
"2","BPTT checkpoint","Tape","Stuffed Ball","5","25.0"
"2","BPTT checkpoint","Tape","3D-Printed Part","0","0.0"
"2","BPTT checkpoint","Plush Toy","Baseball","0","0.0"
"2","BPTT checkpoint","Plush Toy","Bottle","0","0.0"
"2","BPTT checkpoint","Plush Toy","Sponge Dice","0","0.0"
"2","BPTT checkpoint","Plush Toy","Tape","0","0.0"
"2","BPTT checkpoint","Plush Toy","Plush Toy","16","80.0"
"2","BPTT checkpoint","Plush Toy","Optical Mouse","4","20.0"
"2","BPTT checkpoint","Plush Toy","Smartphone","0","0.0"
"2","BPTT checkpoint","Plush Toy","Rubik's Cube","0","0.0"
"2","BPTT checkpoint","Plush Toy","Stuffed Ball","0","0.0"
"2","BPTT checkpoint","Plush Toy","3D-Printed Part","0","0.0"
"2","BPTT checkpoint","Optical Mouse","Baseball","0","0.0"
"2","BPTT checkpoint","Optical Mouse","Bottle","0","0.0"
"2","BPTT checkpoint","Optical Mouse","Sponge Dice","0","0.0"
"2","BPTT checkpoint","Optical Mouse","Tape","0","0.0"
"2","BPTT checkpoint","Optical Mouse","Plush Toy","2","10.0"
"2","BPTT checkpoint","Optical Mouse","Optical Mouse","18","90.0"
"2","BPTT checkpoint","Optical Mouse","Smartphone","0","0.0"
"2","BPTT checkpoint","Optical Mouse","Rubik's Cube","0","0.0"
"2","BPTT checkpoint","Optical Mouse","Stuffed Ball","0","0.0"
"2","BPTT checkpoint","Optical Mouse","3D-Printed Part","0","0.0"
"2","BPTT checkpoint","Smartphone","Baseball","0","0.0"
"2","BPTT checkpoint","Smartphone","Bottle","0","0.0"
"2","BPTT checkpoint","Smartphone","Sponge Dice","0","0.0"
"2","BPTT checkpoint","Smartphone","Tape","0","0.0"
"2","BPTT checkpoint","Smartphone","Plush Toy","0","0.0"
"2","BPTT checkpoint","Smartphone","Optical Mouse","0","0.0"
"2","BPTT checkpoint","Smartphone","Smartphone","20","100.0"
"2","BPTT checkpoint","Smartphone","Rubik's Cube","0","0.0"
"2","BPTT checkpoint","Smartphone","Stuffed Ball","0","0.0"
"2","BPTT checkpoint","Smartphone","3D-Printed Part","0","0.0"
"2","BPTT checkpoint","Rubik's Cube","Baseball","0","0.0"
"2","BPTT checkpoint","Rubik's Cube","Bottle","1","5.0"
"2","BPTT checkpoint","Rubik's Cube","Sponge Dice","0","0.0"
"2","BPTT checkpoint","Rubik's Cube","Tape","0","0.0"
"2","BPTT checkpoint","Rubik's Cube","Plush Toy","1","5.0"
"2","BPTT checkpoint","Rubik's Cube","Optical Mouse","0","0.0"
"2","BPTT checkpoint","Rubik's Cube","Smartphone","1","5.0"
"2","BPTT checkpoint","Rubik's Cube","Rubik's Cube","17","85.0"
"2","BPTT checkpoint","Rubik's Cube","Stuffed Ball","0","0.0"
"2","BPTT checkpoint","Rubik's Cube","3D-Printed Part","0","0.0"
"2","BPTT checkpoint","Stuffed Ball","Baseball","2","10.0"
"2","BPTT checkpoint","Stuffed Ball","Bottle","0","0.0"
"2","BPTT checkpoint","Stuffed Ball","Sponge Dice","0","0.0"
"2","BPTT checkpoint","Stuffed Ball","Tape","0","0.0"
"2","BPTT checkpoint","Stuffed Ball","Plush Toy","0","0.0"
"2","BPTT checkpoint","Stuffed Ball","Optical Mouse","0","0.0"
"2","BPTT checkpoint","Stuffed Ball","Smartphone","0","0.0"
"2","BPTT checkpoint","Stuffed Ball","Rubik's Cube","0","0.0"
"2","BPTT checkpoint","Stuffed Ball","Stuffed Ball","18","90.0"
"2","BPTT checkpoint","Stuffed Ball","3D-Printed Part","0","0.0"
"2","BPTT checkpoint","3D-Printed Part","Baseball","0","0.0"
"2","BPTT checkpoint","3D-Printed Part","Bottle","0","0.0"
"2","BPTT checkpoint","3D-Printed Part","Sponge Dice","0","0.0"
"2","BPTT checkpoint","3D-Printed Part","Tape","0","0.0"
"2","BPTT checkpoint","3D-Printed Part","Plush Toy","0","0.0"
"2","BPTT checkpoint","3D-Printed Part","Optical Mouse","0","0.0"
"2","BPTT checkpoint","3D-Printed Part","Smartphone","0","0.0"
"2","BPTT checkpoint","3D-Printed Part","Rubik's Cube","0","0.0"
"2","BPTT checkpoint","3D-Printed Part","Stuffed Ball","0","0.0"
"2","BPTT checkpoint","3D-Printed Part","3D-Printed Part","20","100.0"
"3","BPTT checkpoint","Baseball","Baseball","16","80.0"
"3","BPTT checkpoint","Baseball","Bottle","0","0.0"
"3","BPTT checkpoint","Baseball","Sponge Dice","0","0.0"
"3","BPTT checkpoint","Baseball","Tape","3","15.0"
"3","BPTT checkpoint","Baseball","Plush Toy","0","0.0"
"3","BPTT checkpoint","Baseball","Optical Mouse","0","0.0"
"3","BPTT checkpoint","Baseball","Smartphone","0","0.0"
"3","BPTT checkpoint","Baseball","Rubik's Cube","0","0.0"
"3","BPTT checkpoint","Baseball","Stuffed Ball","1","5.0"
"3","BPTT checkpoint","Baseball","3D-Printed Part","0","0.0"
"3","BPTT checkpoint","Bottle","Baseball","0","0.0"
"3","BPTT checkpoint","Bottle","Bottle","20","100.0"
"3","BPTT checkpoint","Bottle","Sponge Dice","0","0.0"
"3","BPTT checkpoint","Bottle","Tape","0","0.0"
"3","BPTT checkpoint","Bottle","Plush Toy","0","0.0"
"3","BPTT checkpoint","Bottle","Optical Mouse","0","0.0"
"3","BPTT checkpoint","Bottle","Smartphone","0","0.0"
"3","BPTT checkpoint","Bottle","Rubik's Cube","0","0.0"
"3","BPTT checkpoint","Bottle","Stuffed Ball","0","0.0"
"3","BPTT checkpoint","Bottle","3D-Printed Part","0","0.0"
"3","BPTT checkpoint","Sponge Dice","Baseball","0","0.0"
"3","BPTT checkpoint","Sponge Dice","Bottle","1","5.0"
"3","BPTT checkpoint","Sponge Dice","Sponge Dice","18","90.0"
"3","BPTT checkpoint","Sponge Dice","Tape","0","0.0"
"3","BPTT checkpoint","Sponge Dice","Plush Toy","0","0.0"
"3","BPTT checkpoint","Sponge Dice","Optical Mouse","0","0.0"
"3","BPTT checkpoint","Sponge Dice","Smartphone","0","0.0"
"3","BPTT checkpoint","Sponge Dice","Rubik's Cube","0","0.0"
"3","BPTT checkpoint","Sponge Dice","Stuffed Ball","0","0.0"
"3","BPTT checkpoint","Sponge Dice","3D-Printed Part","1","5.0"
"3","BPTT checkpoint","Tape","Baseball","0","0.0"
"3","BPTT checkpoint","Tape","Bottle","0","0.0"
"3","BPTT checkpoint","Tape","Sponge Dice","0","0.0"
"3","BPTT checkpoint","Tape","Tape","15","75.0"
"3","BPTT checkpoint","Tape","Plush Toy","0","0.0"
"3","BPTT checkpoint","Tape","Optical Mouse","0","0.0"
"3","BPTT checkpoint","Tape","Smartphone","0","0.0"
"3","BPTT checkpoint","Tape","Rubik's Cube","0","0.0"
"3","BPTT checkpoint","Tape","Stuffed Ball","5","25.0"
"3","BPTT checkpoint","Tape","3D-Printed Part","0","0.0"
"3","BPTT checkpoint","Plush Toy","Baseball","0","0.0"
"3","BPTT checkpoint","Plush Toy","Bottle","0","0.0"
"3","BPTT checkpoint","Plush Toy","Sponge Dice","0","0.0"
"3","BPTT checkpoint","Plush Toy","Tape","0","0.0"
"3","BPTT checkpoint","Plush Toy","Plush Toy","15","75.0"
"3","BPTT checkpoint","Plush Toy","Optical Mouse","5","25.0"
"3","BPTT checkpoint","Plush Toy","Smartphone","0","0.0"
"3","BPTT checkpoint","Plush Toy","Rubik's Cube","0","0.0"
"3","BPTT checkpoint","Plush Toy","Stuffed Ball","0","0.0"
"3","BPTT checkpoint","Plush Toy","3D-Printed Part","0","0.0"
"3","BPTT checkpoint","Optical Mouse","Baseball","0","0.0"
"3","BPTT checkpoint","Optical Mouse","Bottle","0","0.0"
"3","BPTT checkpoint","Optical Mouse","Sponge Dice","0","0.0"
"3","BPTT checkpoint","Optical Mouse","Tape","0","0.0"
"3","BPTT checkpoint","Optical Mouse","Plush Toy","1","5.0"
"3","BPTT checkpoint","Optical Mouse","Optical Mouse","19","95.0"
"3","BPTT checkpoint","Optical Mouse","Smartphone","0","0.0"
"3","BPTT checkpoint","Optical Mouse","Rubik's Cube","0","0.0"
"3","BPTT checkpoint","Optical Mouse","Stuffed Ball","0","0.0"
"3","BPTT checkpoint","Optical Mouse","3D-Printed Part","0","0.0"
"3","BPTT checkpoint","Smartphone","Baseball","0","0.0"
"3","BPTT checkpoint","Smartphone","Bottle","0","0.0"
"3","BPTT checkpoint","Smartphone","Sponge Dice","0","0.0"
"3","BPTT checkpoint","Smartphone","Tape","0","0.0"
"3","BPTT checkpoint","Smartphone","Plush Toy","0","0.0"
"3","BPTT checkpoint","Smartphone","Optical Mouse","0","0.0"
"3","BPTT checkpoint","Smartphone","Smartphone","20","100.0"
"3","BPTT checkpoint","Smartphone","Rubik's Cube","0","0.0"
"3","BPTT checkpoint","Smartphone","Stuffed Ball","0","0.0"
"3","BPTT checkpoint","Smartphone","3D-Printed Part","0","0.0"
"3","BPTT checkpoint","Rubik's Cube","Baseball","0","0.0"
"3","BPTT checkpoint","Rubik's Cube","Bottle","0","0.0"
"3","BPTT checkpoint","Rubik's Cube","Sponge Dice","0","0.0"
"3","BPTT checkpoint","Rubik's Cube","Tape","0","0.0"
"3","BPTT checkpoint","Rubik's Cube","Plush Toy","0","0.0"
"3","BPTT checkpoint","Rubik's Cube","Optical Mouse","0","0.0"
"3","BPTT checkpoint","Rubik's Cube","Smartphone","1","5.0"
"3","BPTT checkpoint","Rubik's Cube","Rubik's Cube","19","95.0"
"3","BPTT checkpoint","Rubik's Cube","Stuffed Ball","0","0.0"
"3","BPTT checkpoint","Rubik's Cube","3D-Printed Part","0","0.0"
"3","BPTT checkpoint","Stuffed Ball","Baseball","3","15.0"
"3","BPTT checkpoint","Stuffed Ball","Bottle","0","0.0"
"3","BPTT checkpoint","Stuffed Ball","Sponge Dice","0","0.0"
"3","BPTT checkpoint","Stuffed Ball","Tape","0","0.0"
"3","BPTT checkpoint","Stuffed Ball","Plush Toy","0","0.0"
"3","BPTT checkpoint","Stuffed Ball","Optical Mouse","0","0.0"
"3","BPTT checkpoint","Stuffed Ball","Smartphone","0","0.0"
"3","BPTT checkpoint","Stuffed Ball","Rubik's Cube","0","0.0"
"3","BPTT checkpoint","Stuffed Ball","Stuffed Ball","17","85.0"
"3","BPTT checkpoint","Stuffed Ball","3D-Printed Part","0","0.0"
"3","BPTT checkpoint","3D-Printed Part","Baseball","0","0.0"
"3","BPTT checkpoint","3D-Printed Part","Bottle","0","0.0"
"3","BPTT checkpoint","3D-Printed Part","Sponge Dice","0","0.0"
"3","BPTT checkpoint","3D-Printed Part","Tape","0","0.0"
"3","BPTT checkpoint","3D-Printed Part","Plush Toy","0","0.0"
"3","BPTT checkpoint","3D-Printed Part","Optical Mouse","0","0.0"
"3","BPTT checkpoint","3D-Printed Part","Smartphone","0","0.0"
"3","BPTT checkpoint","3D-Printed Part","Rubik's Cube","0","0.0"
"3","BPTT checkpoint","3D-Printed Part","Stuffed Ball","0","0.0"
"3","BPTT checkpoint","3D-Printed Part","3D-Printed Part","20","100.0"
"4","BPTT checkpoint","Baseball","Baseball","15","75.0"
"4","BPTT checkpoint","Baseball","Bottle","0","0.0"
"4","BPTT checkpoint","Baseball","Sponge Dice","0","0.0"
"4","BPTT checkpoint","Baseball","Tape","4","20.0"
"4","BPTT checkpoint","Baseball","Plush Toy","0","0.0"
"4","BPTT checkpoint","Baseball","Optical Mouse","0","0.0"
"4","BPTT checkpoint","Baseball","Smartphone","0","0.0"
"4","BPTT checkpoint","Baseball","Rubik's Cube","0","0.0"
"4","BPTT checkpoint","Baseball","Stuffed Ball","1","5.0"
"4","BPTT checkpoint","Baseball","3D-Printed Part","0","0.0"
"4","BPTT checkpoint","Bottle","Baseball","0","0.0"
"4","BPTT checkpoint","Bottle","Bottle","20","100.0"
"4","BPTT checkpoint","Bottle","Sponge Dice","0","0.0"
"4","BPTT checkpoint","Bottle","Tape","0","0.0"
"4","BPTT checkpoint","Bottle","Plush Toy","0","0.0"
"4","BPTT checkpoint","Bottle","Optical Mouse","0","0.0"
"4","BPTT checkpoint","Bottle","Smartphone","0","0.0"
"4","BPTT checkpoint","Bottle","Rubik's Cube","0","0.0"
"4","BPTT checkpoint","Bottle","Stuffed Ball","0","0.0"
"4","BPTT checkpoint","Bottle","3D-Printed Part","0","0.0"
"4","BPTT checkpoint","Sponge Dice","Baseball","0","0.0"
"4","BPTT checkpoint","Sponge Dice","Bottle","1","5.0"
"4","BPTT checkpoint","Sponge Dice","Sponge Dice","18","90.0"
"4","BPTT checkpoint","Sponge Dice","Tape","0","0.0"
"4","BPTT checkpoint","Sponge Dice","Plush Toy","0","0.0"
"4","BPTT checkpoint","Sponge Dice","Optical Mouse","0","0.0"
"4","BPTT checkpoint","Sponge Dice","Smartphone","0","0.0"
"4","BPTT checkpoint","Sponge Dice","Rubik's Cube","0","0.0"
"4","BPTT checkpoint","Sponge Dice","Stuffed Ball","0","0.0"
"4","BPTT checkpoint","Sponge Dice","3D-Printed Part","1","5.0"
"4","BPTT checkpoint","Tape","Baseball","4","20.0"
"4","BPTT checkpoint","Tape","Bottle","0","0.0"
"4","BPTT checkpoint","Tape","Sponge Dice","0","0.0"
"4","BPTT checkpoint","Tape","Tape","15","75.0"
"4","BPTT checkpoint","Tape","Plush Toy","0","0.0"
"4","BPTT checkpoint","Tape","Optical Mouse","0","0.0"
"4","BPTT checkpoint","Tape","Smartphone","0","0.0"
"4","BPTT checkpoint","Tape","Rubik's Cube","0","0.0"
"4","BPTT checkpoint","Tape","Stuffed Ball","1","5.0"
"4","BPTT checkpoint","Tape","3D-Printed Part","0","0.0"
"4","BPTT checkpoint","Plush Toy","Baseball","0","0.0"
"4","BPTT checkpoint","Plush Toy","Bottle","0","0.0"
"4","BPTT checkpoint","Plush Toy","Sponge Dice","0","0.0"
"4","BPTT checkpoint","Plush Toy","Tape","0","0.0"
"4","BPTT checkpoint","Plush Toy","Plush Toy","20","100.0"
"4","BPTT checkpoint","Plush Toy","Optical Mouse","0","0.0"
"4","BPTT checkpoint","Plush Toy","Smartphone","0","0.0"
"4","BPTT checkpoint","Plush Toy","Rubik's Cube","0","0.0"
"4","BPTT checkpoint","Plush Toy","Stuffed Ball","0","0.0"
"4","BPTT checkpoint","Plush Toy","3D-Printed Part","0","0.0"
"4","BPTT checkpoint","Optical Mouse","Baseball","0","0.0"
"4","BPTT checkpoint","Optical Mouse","Bottle","0","0.0"
"4","BPTT checkpoint","Optical Mouse","Sponge Dice","0","0.0"
"4","BPTT checkpoint","Optical Mouse","Tape","0","0.0"
"4","BPTT checkpoint","Optical Mouse","Plush Toy","3","15.0"
"4","BPTT checkpoint","Optical Mouse","Optical Mouse","17","85.0"
"4","BPTT checkpoint","Optical Mouse","Smartphone","0","0.0"
"4","BPTT checkpoint","Optical Mouse","Rubik's Cube","0","0.0"
"4","BPTT checkpoint","Optical Mouse","Stuffed Ball","0","0.0"
"4","BPTT checkpoint","Optical Mouse","3D-Printed Part","0","0.0"
"4","BPTT checkpoint","Smartphone","Baseball","0","0.0"
"4","BPTT checkpoint","Smartphone","Bottle","0","0.0"
"4","BPTT checkpoint","Smartphone","Sponge Dice","0","0.0"
"4","BPTT checkpoint","Smartphone","Tape","0","0.0"
"4","BPTT checkpoint","Smartphone","Plush Toy","0","0.0"
"4","BPTT checkpoint","Smartphone","Optical Mouse","0","0.0"
"4","BPTT checkpoint","Smartphone","Smartphone","20","100.0"
"4","BPTT checkpoint","Smartphone","Rubik's Cube","0","0.0"
"4","BPTT checkpoint","Smartphone","Stuffed Ball","0","0.0"
"4","BPTT checkpoint","Smartphone","3D-Printed Part","0","0.0"
"4","BPTT checkpoint","Rubik's Cube","Baseball","0","0.0"
"4","BPTT checkpoint","Rubik's Cube","Bottle","0","0.0"
"4","BPTT checkpoint","Rubik's Cube","Sponge Dice","2","10.0"
"4","BPTT checkpoint","Rubik's Cube","Tape","0","0.0"
"4","BPTT checkpoint","Rubik's Cube","Plush Toy","1","5.0"
"4","BPTT checkpoint","Rubik's Cube","Optical Mouse","0","0.0"
"4","BPTT checkpoint","Rubik's Cube","Smartphone","0","0.0"
"4","BPTT checkpoint","Rubik's Cube","Rubik's Cube","17","85.0"
"4","BPTT checkpoint","Rubik's Cube","Stuffed Ball","0","0.0"
"4","BPTT checkpoint","Rubik's Cube","3D-Printed Part","0","0.0"
"4","BPTT checkpoint","Stuffed Ball","Baseball","1","5.0"
"4","BPTT checkpoint","Stuffed Ball","Bottle","0","0.0"
"4","BPTT checkpoint","Stuffed Ball","Sponge Dice","0","0.0"
"4","BPTT checkpoint","Stuffed Ball","Tape","0","0.0"
"4","BPTT checkpoint","Stuffed Ball","Plush Toy","0","0.0"
"4","BPTT checkpoint","Stuffed Ball","Optical Mouse","0","0.0"
"4","BPTT checkpoint","Stuffed Ball","Smartphone","0","0.0"
"4","BPTT checkpoint","Stuffed Ball","Rubik's Cube","0","0.0"
"4","BPTT checkpoint","Stuffed Ball","Stuffed Ball","19","95.0"
"4","BPTT checkpoint","Stuffed Ball","3D-Printed Part","0","0.0"
"4","BPTT checkpoint","3D-Printed Part","Baseball","0","0.0"
"4","BPTT checkpoint","3D-Printed Part","Bottle","0","0.0"
"4","BPTT checkpoint","3D-Printed Part","Sponge Dice","0","0.0"
"4","BPTT checkpoint","3D-Printed Part","Tape","0","0.0"
"4","BPTT checkpoint","3D-Printed Part","Plush Toy","0","0.0"
"4","BPTT checkpoint","3D-Printed Part","Optical Mouse","0","0.0"
"4","BPTT checkpoint","3D-Printed Part","Smartphone","0","0.0"
"4","BPTT checkpoint","3D-Printed Part","Rubik's Cube","0","0.0"
"4","BPTT checkpoint","3D-Printed Part","Stuffed Ball","0","0.0"
"4","BPTT checkpoint","3D-Printed Part","3D-Printed Part","20","100.0"
"5","BPTT checkpoint","Baseball","Baseball","15","75.0"
"5","BPTT checkpoint","Baseball","Bottle","0","0.0"
"5","BPTT checkpoint","Baseball","Sponge Dice","0","0.0"
"5","BPTT checkpoint","Baseball","Tape","4","20.0"
"5","BPTT checkpoint","Baseball","Plush Toy","0","0.0"
"5","BPTT checkpoint","Baseball","Optical Mouse","0","0.0"
"5","BPTT checkpoint","Baseball","Smartphone","0","0.0"
"5","BPTT checkpoint","Baseball","Rubik's Cube","0","0.0"
"5","BPTT checkpoint","Baseball","Stuffed Ball","1","5.0"
"5","BPTT checkpoint","Baseball","3D-Printed Part","0","0.0"
"5","BPTT checkpoint","Bottle","Baseball","0","0.0"
"5","BPTT checkpoint","Bottle","Bottle","20","100.0"
"5","BPTT checkpoint","Bottle","Sponge Dice","0","0.0"
"5","BPTT checkpoint","Bottle","Tape","0","0.0"
"5","BPTT checkpoint","Bottle","Plush Toy","0","0.0"
"5","BPTT checkpoint","Bottle","Optical Mouse","0","0.0"
"5","BPTT checkpoint","Bottle","Smartphone","0","0.0"
"5","BPTT checkpoint","Bottle","Rubik's Cube","0","0.0"
"5","BPTT checkpoint","Bottle","Stuffed Ball","0","0.0"
"5","BPTT checkpoint","Bottle","3D-Printed Part","0","0.0"
"5","BPTT checkpoint","Sponge Dice","Baseball","0","0.0"
"5","BPTT checkpoint","Sponge Dice","Bottle","0","0.0"
"5","BPTT checkpoint","Sponge Dice","Sponge Dice","19","95.0"
"5","BPTT checkpoint","Sponge Dice","Tape","0","0.0"
"5","BPTT checkpoint","Sponge Dice","Plush Toy","0","0.0"
"5","BPTT checkpoint","Sponge Dice","Optical Mouse","0","0.0"
"5","BPTT checkpoint","Sponge Dice","Smartphone","0","0.0"
"5","BPTT checkpoint","Sponge Dice","Rubik's Cube","0","0.0"
"5","BPTT checkpoint","Sponge Dice","Stuffed Ball","0","0.0"
"5","BPTT checkpoint","Sponge Dice","3D-Printed Part","1","5.0"
"5","BPTT checkpoint","Tape","Baseball","3","15.0"
"5","BPTT checkpoint","Tape","Bottle","0","0.0"
"5","BPTT checkpoint","Tape","Sponge Dice","0","0.0"
"5","BPTT checkpoint","Tape","Tape","14","70.0"
"5","BPTT checkpoint","Tape","Plush Toy","0","0.0"
"5","BPTT checkpoint","Tape","Optical Mouse","0","0.0"
"5","BPTT checkpoint","Tape","Smartphone","0","0.0"
"5","BPTT checkpoint","Tape","Rubik's Cube","0","0.0"
"5","BPTT checkpoint","Tape","Stuffed Ball","3","15.0"
"5","BPTT checkpoint","Tape","3D-Printed Part","0","0.0"
"5","BPTT checkpoint","Plush Toy","Baseball","0","0.0"
"5","BPTT checkpoint","Plush Toy","Bottle","0","0.0"
"5","BPTT checkpoint","Plush Toy","Sponge Dice","0","0.0"
"5","BPTT checkpoint","Plush Toy","Tape","0","0.0"
"5","BPTT checkpoint","Plush Toy","Plush Toy","16","80.0"
"5","BPTT checkpoint","Plush Toy","Optical Mouse","4","20.0"
"5","BPTT checkpoint","Plush Toy","Smartphone","0","0.0"
"5","BPTT checkpoint","Plush Toy","Rubik's Cube","0","0.0"
"5","BPTT checkpoint","Plush Toy","Stuffed Ball","0","0.0"
"5","BPTT checkpoint","Plush Toy","3D-Printed Part","0","0.0"
"5","BPTT checkpoint","Optical Mouse","Baseball","0","0.0"
"5","BPTT checkpoint","Optical Mouse","Bottle","0","0.0"
"5","BPTT checkpoint","Optical Mouse","Sponge Dice","0","0.0"
"5","BPTT checkpoint","Optical Mouse","Tape","0","0.0"
"5","BPTT checkpoint","Optical Mouse","Plush Toy","2","10.0"
"5","BPTT checkpoint","Optical Mouse","Optical Mouse","18","90.0"
"5","BPTT checkpoint","Optical Mouse","Smartphone","0","0.0"
"5","BPTT checkpoint","Optical Mouse","Rubik's Cube","0","0.0"
"5","BPTT checkpoint","Optical Mouse","Stuffed Ball","0","0.0"
"5","BPTT checkpoint","Optical Mouse","3D-Printed Part","0","0.0"
"5","BPTT checkpoint","Smartphone","Baseball","0","0.0"
"5","BPTT checkpoint","Smartphone","Bottle","0","0.0"
"5","BPTT checkpoint","Smartphone","Sponge Dice","0","0.0"
"5","BPTT checkpoint","Smartphone","Tape","0","0.0"
"5","BPTT checkpoint","Smartphone","Plush Toy","0","0.0"
"5","BPTT checkpoint","Smartphone","Optical Mouse","0","0.0"
"5","BPTT checkpoint","Smartphone","Smartphone","20","100.0"
"5","BPTT checkpoint","Smartphone","Rubik's Cube","0","0.0"
"5","BPTT checkpoint","Smartphone","Stuffed Ball","0","0.0"
"5","BPTT checkpoint","Smartphone","3D-Printed Part","0","0.0"
"5","BPTT checkpoint","Rubik's Cube","Baseball","0","0.0"
"5","BPTT checkpoint","Rubik's Cube","Bottle","0","0.0"
"5","BPTT checkpoint","Rubik's Cube","Sponge Dice","0","0.0"
"5","BPTT checkpoint","Rubik's Cube","Tape","0","0.0"
"5","BPTT checkpoint","Rubik's Cube","Plush Toy","0","0.0"
"5","BPTT checkpoint","Rubik's Cube","Optical Mouse","0","0.0"
"5","BPTT checkpoint","Rubik's Cube","Smartphone","1","5.0"
"5","BPTT checkpoint","Rubik's Cube","Rubik's Cube","19","95.0"
"5","BPTT checkpoint","Rubik's Cube","Stuffed Ball","0","0.0"
"5","BPTT checkpoint","Rubik's Cube","3D-Printed Part","0","0.0"
"5","BPTT checkpoint","Stuffed Ball","Baseball","3","15.0"
"5","BPTT checkpoint","Stuffed Ball","Bottle","0","0.0"
"5","BPTT checkpoint","Stuffed Ball","Sponge Dice","0","0.0"
"5","BPTT checkpoint","Stuffed Ball","Tape","0","0.0"
"5","BPTT checkpoint","Stuffed Ball","Plush Toy","0","0.0"
"5","BPTT checkpoint","Stuffed Ball","Optical Mouse","0","0.0"
"5","BPTT checkpoint","Stuffed Ball","Smartphone","0","0.0"
"5","BPTT checkpoint","Stuffed Ball","Rubik's Cube","0","0.0"
"5","BPTT checkpoint","Stuffed Ball","Stuffed Ball","17","85.0"
"5","BPTT checkpoint","Stuffed Ball","3D-Printed Part","0","0.0"
"5","BPTT checkpoint","3D-Printed Part","Baseball","0","0.0"
"5","BPTT checkpoint","3D-Printed Part","Bottle","0","0.0"
"5","BPTT checkpoint","3D-Printed Part","Sponge Dice","0","0.0"
"5","BPTT checkpoint","3D-Printed Part","Tape","0","0.0"
"5","BPTT checkpoint","3D-Printed Part","Plush Toy","0","0.0"
"5","BPTT checkpoint","3D-Printed Part","Optical Mouse","0","0.0"
"5","BPTT checkpoint","3D-Printed Part","Smartphone","0","0.0"
"5","BPTT checkpoint","3D-Printed Part","Rubik's Cube","0","0.0"
"5","BPTT checkpoint","3D-Printed Part","Stuffed Ball","0","0.0"
"5","BPTT checkpoint","3D-Printed Part","3D-Printed Part","20","100.0"
"6","BPTT checkpoint","Baseball","Baseball","17","85.0"
"6","BPTT checkpoint","Baseball","Bottle","0","0.0"
"6","BPTT checkpoint","Baseball","Sponge Dice","0","0.0"
"6","BPTT checkpoint","Baseball","Tape","2","10.0"
"6","BPTT checkpoint","Baseball","Plush Toy","0","0.0"
"6","BPTT checkpoint","Baseball","Optical Mouse","0","0.0"
"6","BPTT checkpoint","Baseball","Smartphone","0","0.0"
"6","BPTT checkpoint","Baseball","Rubik's Cube","0","0.0"
"6","BPTT checkpoint","Baseball","Stuffed Ball","1","5.0"
"6","BPTT checkpoint","Baseball","3D-Printed Part","0","0.0"
"6","BPTT checkpoint","Bottle","Baseball","0","0.0"
"6","BPTT checkpoint","Bottle","Bottle","20","100.0"
"6","BPTT checkpoint","Bottle","Sponge Dice","0","0.0"
"6","BPTT checkpoint","Bottle","Tape","0","0.0"
"6","BPTT checkpoint","Bottle","Plush Toy","0","0.0"
"6","BPTT checkpoint","Bottle","Optical Mouse","0","0.0"
"6","BPTT checkpoint","Bottle","Smartphone","0","0.0"
"6","BPTT checkpoint","Bottle","Rubik's Cube","0","0.0"
"6","BPTT checkpoint","Bottle","Stuffed Ball","0","0.0"
"6","BPTT checkpoint","Bottle","3D-Printed Part","0","0.0"
"6","BPTT checkpoint","Sponge Dice","Baseball","0","0.0"
"6","BPTT checkpoint","Sponge Dice","Bottle","0","0.0"
"6","BPTT checkpoint","Sponge Dice","Sponge Dice","19","95.0"
"6","BPTT checkpoint","Sponge Dice","Tape","0","0.0"
"6","BPTT checkpoint","Sponge Dice","Plush Toy","0","0.0"
"6","BPTT checkpoint","Sponge Dice","Optical Mouse","0","0.0"
"6","BPTT checkpoint","Sponge Dice","Smartphone","0","0.0"
"6","BPTT checkpoint","Sponge Dice","Rubik's Cube","0","0.0"
"6","BPTT checkpoint","Sponge Dice","Stuffed Ball","0","0.0"
"6","BPTT checkpoint","Sponge Dice","3D-Printed Part","1","5.0"
"6","BPTT checkpoint","Tape","Baseball","3","15.0"
"6","BPTT checkpoint","Tape","Bottle","0","0.0"
"6","BPTT checkpoint","Tape","Sponge Dice","0","0.0"
"6","BPTT checkpoint","Tape","Tape","13","65.0"
"6","BPTT checkpoint","Tape","Plush Toy","0","0.0"
"6","BPTT checkpoint","Tape","Optical Mouse","0","0.0"
"6","BPTT checkpoint","Tape","Smartphone","0","0.0"
"6","BPTT checkpoint","Tape","Rubik's Cube","0","0.0"
"6","BPTT checkpoint","Tape","Stuffed Ball","4","20.0"
"6","BPTT checkpoint","Tape","3D-Printed Part","0","0.0"
"6","BPTT checkpoint","Plush Toy","Baseball","0","0.0"
"6","BPTT checkpoint","Plush Toy","Bottle","0","0.0"
"6","BPTT checkpoint","Plush Toy","Sponge Dice","0","0.0"
"6","BPTT checkpoint","Plush Toy","Tape","0","0.0"
"6","BPTT checkpoint","Plush Toy","Plush Toy","16","80.0"
"6","BPTT checkpoint","Plush Toy","Optical Mouse","4","20.0"
"6","BPTT checkpoint","Plush Toy","Smartphone","0","0.0"
"6","BPTT checkpoint","Plush Toy","Rubik's Cube","0","0.0"
"6","BPTT checkpoint","Plush Toy","Stuffed Ball","0","0.0"
"6","BPTT checkpoint","Plush Toy","3D-Printed Part","0","0.0"
"6","BPTT checkpoint","Optical Mouse","Baseball","0","0.0"
"6","BPTT checkpoint","Optical Mouse","Bottle","0","0.0"
"6","BPTT checkpoint","Optical Mouse","Sponge Dice","0","0.0"
"6","BPTT checkpoint","Optical Mouse","Tape","0","0.0"
"6","BPTT checkpoint","Optical Mouse","Plush Toy","2","10.0"
"6","BPTT checkpoint","Optical Mouse","Optical Mouse","18","90.0"
"6","BPTT checkpoint","Optical Mouse","Smartphone","0","0.0"
"6","BPTT checkpoint","Optical Mouse","Rubik's Cube","0","0.0"
"6","BPTT checkpoint","Optical Mouse","Stuffed Ball","0","0.0"
"6","BPTT checkpoint","Optical Mouse","3D-Printed Part","0","0.0"
"6","BPTT checkpoint","Smartphone","Baseball","0","0.0"
"6","BPTT checkpoint","Smartphone","Bottle","0","0.0"
"6","BPTT checkpoint","Smartphone","Sponge Dice","0","0.0"
"6","BPTT checkpoint","Smartphone","Tape","0","0.0"
"6","BPTT checkpoint","Smartphone","Plush Toy","0","0.0"
"6","BPTT checkpoint","Smartphone","Optical Mouse","0","0.0"
"6","BPTT checkpoint","Smartphone","Smartphone","20","100.0"
"6","BPTT checkpoint","Smartphone","Rubik's Cube","0","0.0"
"6","BPTT checkpoint","Smartphone","Stuffed Ball","0","0.0"
"6","BPTT checkpoint","Smartphone","3D-Printed Part","0","0.0"
"6","BPTT checkpoint","Rubik's Cube","Baseball","0","0.0"
"6","BPTT checkpoint","Rubik's Cube","Bottle","0","0.0"
"6","BPTT checkpoint","Rubik's Cube","Sponge Dice","0","0.0"
"6","BPTT checkpoint","Rubik's Cube","Tape","0","0.0"
"6","BPTT checkpoint","Rubik's Cube","Plush Toy","0","0.0"
"6","BPTT checkpoint","Rubik's Cube","Optical Mouse","0","0.0"
"6","BPTT checkpoint","Rubik's Cube","Smartphone","1","5.0"
"6","BPTT checkpoint","Rubik's Cube","Rubik's Cube","19","95.0"
"6","BPTT checkpoint","Rubik's Cube","Stuffed Ball","0","0.0"
"6","BPTT checkpoint","Rubik's Cube","3D-Printed Part","0","0.0"
"6","BPTT checkpoint","Stuffed Ball","Baseball","3","15.0"
"6","BPTT checkpoint","Stuffed Ball","Bottle","0","0.0"
"6","BPTT checkpoint","Stuffed Ball","Sponge Dice","0","0.0"
"6","BPTT checkpoint","Stuffed Ball","Tape","0","0.0"
"6","BPTT checkpoint","Stuffed Ball","Plush Toy","0","0.0"
"6","BPTT checkpoint","Stuffed Ball","Optical Mouse","0","0.0"
"6","BPTT checkpoint","Stuffed Ball","Smartphone","0","0.0"
"6","BPTT checkpoint","Stuffed Ball","Rubik's Cube","0","0.0"
"6","BPTT checkpoint","Stuffed Ball","Stuffed Ball","17","85.0"
"6","BPTT checkpoint","Stuffed Ball","3D-Printed Part","0","0.0"
"6","BPTT checkpoint","3D-Printed Part","Baseball","0","0.0"
"6","BPTT checkpoint","3D-Printed Part","Bottle","0","0.0"
"6","BPTT checkpoint","3D-Printed Part","Sponge Dice","0","0.0"
"6","BPTT checkpoint","3D-Printed Part","Tape","0","0.0"
"6","BPTT checkpoint","3D-Printed Part","Plush Toy","0","0.0"
"6","BPTT checkpoint","3D-Printed Part","Optical Mouse","0","0.0"
"6","BPTT checkpoint","3D-Printed Part","Smartphone","0","0.0"
"6","BPTT checkpoint","3D-Printed Part","Rubik's Cube","0","0.0"
"6","BPTT checkpoint","3D-Printed Part","Stuffed Ball","0","0.0"
"6","BPTT checkpoint","3D-Printed Part","3D-Printed Part","20","100.0"
"7","BPTT checkpoint","Baseball","Baseball","16","80.0"
"7","BPTT checkpoint","Baseball","Bottle","0","0.0"
"7","BPTT checkpoint","Baseball","Sponge Dice","0","0.0"
"7","BPTT checkpoint","Baseball","Tape","2","10.0"
"7","BPTT checkpoint","Baseball","Plush Toy","0","0.0"
"7","BPTT checkpoint","Baseball","Optical Mouse","0","0.0"
"7","BPTT checkpoint","Baseball","Smartphone","0","0.0"
"7","BPTT checkpoint","Baseball","Rubik's Cube","0","0.0"
"7","BPTT checkpoint","Baseball","Stuffed Ball","2","10.0"
"7","BPTT checkpoint","Baseball","3D-Printed Part","0","0.0"
"7","BPTT checkpoint","Bottle","Baseball","0","0.0"
"7","BPTT checkpoint","Bottle","Bottle","19","95.0"
"7","BPTT checkpoint","Bottle","Sponge Dice","0","0.0"
"7","BPTT checkpoint","Bottle","Tape","0","0.0"
"7","BPTT checkpoint","Bottle","Plush Toy","0","0.0"
"7","BPTT checkpoint","Bottle","Optical Mouse","0","0.0"
"7","BPTT checkpoint","Bottle","Smartphone","1","5.0"
"7","BPTT checkpoint","Bottle","Rubik's Cube","0","0.0"
"7","BPTT checkpoint","Bottle","Stuffed Ball","0","0.0"
"7","BPTT checkpoint","Bottle","3D-Printed Part","0","0.0"
"7","BPTT checkpoint","Sponge Dice","Baseball","0","0.0"
"7","BPTT checkpoint","Sponge Dice","Bottle","1","5.0"
"7","BPTT checkpoint","Sponge Dice","Sponge Dice","18","90.0"
"7","BPTT checkpoint","Sponge Dice","Tape","0","0.0"
"7","BPTT checkpoint","Sponge Dice","Plush Toy","0","0.0"
"7","BPTT checkpoint","Sponge Dice","Optical Mouse","0","0.0"
"7","BPTT checkpoint","Sponge Dice","Smartphone","0","0.0"
"7","BPTT checkpoint","Sponge Dice","Rubik's Cube","0","0.0"
"7","BPTT checkpoint","Sponge Dice","Stuffed Ball","0","0.0"
"7","BPTT checkpoint","Sponge Dice","3D-Printed Part","1","5.0"
"7","BPTT checkpoint","Tape","Baseball","3","15.0"
"7","BPTT checkpoint","Tape","Bottle","0","0.0"
"7","BPTT checkpoint","Tape","Sponge Dice","0","0.0"
"7","BPTT checkpoint","Tape","Tape","16","80.0"
"7","BPTT checkpoint","Tape","Plush Toy","0","0.0"
"7","BPTT checkpoint","Tape","Optical Mouse","0","0.0"
"7","BPTT checkpoint","Tape","Smartphone","0","0.0"
"7","BPTT checkpoint","Tape","Rubik's Cube","0","0.0"
"7","BPTT checkpoint","Tape","Stuffed Ball","1","5.0"
"7","BPTT checkpoint","Tape","3D-Printed Part","0","0.0"
"7","BPTT checkpoint","Plush Toy","Baseball","0","0.0"
"7","BPTT checkpoint","Plush Toy","Bottle","0","0.0"
"7","BPTT checkpoint","Plush Toy","Sponge Dice","0","0.0"
"7","BPTT checkpoint","Plush Toy","Tape","0","0.0"
"7","BPTT checkpoint","Plush Toy","Plush Toy","16","80.0"
"7","BPTT checkpoint","Plush Toy","Optical Mouse","4","20.0"
"7","BPTT checkpoint","Plush Toy","Smartphone","0","0.0"
"7","BPTT checkpoint","Plush Toy","Rubik's Cube","0","0.0"
"7","BPTT checkpoint","Plush Toy","Stuffed Ball","0","0.0"
"7","BPTT checkpoint","Plush Toy","3D-Printed Part","0","0.0"
"7","BPTT checkpoint","Optical Mouse","Baseball","0","0.0"
"7","BPTT checkpoint","Optical Mouse","Bottle","0","0.0"
"7","BPTT checkpoint","Optical Mouse","Sponge Dice","0","0.0"
"7","BPTT checkpoint","Optical Mouse","Tape","0","0.0"
"7","BPTT checkpoint","Optical Mouse","Plush Toy","3","15.0"
"7","BPTT checkpoint","Optical Mouse","Optical Mouse","17","85.0"
"7","BPTT checkpoint","Optical Mouse","Smartphone","0","0.0"
"7","BPTT checkpoint","Optical Mouse","Rubik's Cube","0","0.0"
"7","BPTT checkpoint","Optical Mouse","Stuffed Ball","0","0.0"
"7","BPTT checkpoint","Optical Mouse","3D-Printed Part","0","0.0"
"7","BPTT checkpoint","Smartphone","Baseball","0","0.0"
"7","BPTT checkpoint","Smartphone","Bottle","0","0.0"
"7","BPTT checkpoint","Smartphone","Sponge Dice","0","0.0"
"7","BPTT checkpoint","Smartphone","Tape","0","0.0"
"7","BPTT checkpoint","Smartphone","Plush Toy","0","0.0"
"7","BPTT checkpoint","Smartphone","Optical Mouse","0","0.0"
"7","BPTT checkpoint","Smartphone","Smartphone","20","100.0"
"7","BPTT checkpoint","Smartphone","Rubik's Cube","0","0.0"
"7","BPTT checkpoint","Smartphone","Stuffed Ball","0","0.0"
"7","BPTT checkpoint","Smartphone","3D-Printed Part","0","0.0"
"7","BPTT checkpoint","Rubik's Cube","Baseball","0","0.0"
"7","BPTT checkpoint","Rubik's Cube","Bottle","1","5.0"
"7","BPTT checkpoint","Rubik's Cube","Sponge Dice","0","0.0"
"7","BPTT checkpoint","Rubik's Cube","Tape","0","0.0"
"7","BPTT checkpoint","Rubik's Cube","Plush Toy","0","0.0"
"7","BPTT checkpoint","Rubik's Cube","Optical Mouse","0","0.0"
"7","BPTT checkpoint","Rubik's Cube","Smartphone","0","0.0"
"7","BPTT checkpoint","Rubik's Cube","Rubik's Cube","19","95.0"
"7","BPTT checkpoint","Rubik's Cube","Stuffed Ball","0","0.0"
"7","BPTT checkpoint","Rubik's Cube","3D-Printed Part","0","0.0"
"7","BPTT checkpoint","Stuffed Ball","Baseball","11","55.00000000000001"
"7","BPTT checkpoint","Stuffed Ball","Bottle","0","0.0"
"7","BPTT checkpoint","Stuffed Ball","Sponge Dice","0","0.0"
"7","BPTT checkpoint","Stuffed Ball","Tape","0","0.0"
"7","BPTT checkpoint","Stuffed Ball","Plush Toy","0","0.0"
"7","BPTT checkpoint","Stuffed Ball","Optical Mouse","0","0.0"
"7","BPTT checkpoint","Stuffed Ball","Smartphone","0","0.0"
"7","BPTT checkpoint","Stuffed Ball","Rubik's Cube","0","0.0"
"7","BPTT checkpoint","Stuffed Ball","Stuffed Ball","9","45.0"
"7","BPTT checkpoint","Stuffed Ball","3D-Printed Part","0","0.0"
"7","BPTT checkpoint","3D-Printed Part","Baseball","0","0.0"
"7","BPTT checkpoint","3D-Printed Part","Bottle","0","0.0"
"7","BPTT checkpoint","3D-Printed Part","Sponge Dice","0","0.0"
"7","BPTT checkpoint","3D-Printed Part","Tape","0","0.0"
"7","BPTT checkpoint","3D-Printed Part","Plush Toy","0","0.0"
"7","BPTT checkpoint","3D-Printed Part","Optical Mouse","0","0.0"
"7","BPTT checkpoint","3D-Printed Part","Smartphone","0","0.0"
"7","BPTT checkpoint","3D-Printed Part","Rubik's Cube","0","0.0"
"7","BPTT checkpoint","3D-Printed Part","Stuffed Ball","0","0.0"
"7","BPTT checkpoint","3D-Printed Part","3D-Printed Part","20","100.0"
"8","BPTT checkpoint","Baseball","Baseball","15","75.0"
"8","BPTT checkpoint","Baseball","Bottle","0","0.0"
"8","BPTT checkpoint","Baseball","Sponge Dice","0","0.0"
"8","BPTT checkpoint","Baseball","Tape","3","15.0"
"8","BPTT checkpoint","Baseball","Plush Toy","0","0.0"
"8","BPTT checkpoint","Baseball","Optical Mouse","0","0.0"
"8","BPTT checkpoint","Baseball","Smartphone","0","0.0"
"8","BPTT checkpoint","Baseball","Rubik's Cube","0","0.0"
"8","BPTT checkpoint","Baseball","Stuffed Ball","2","10.0"
"8","BPTT checkpoint","Baseball","3D-Printed Part","0","0.0"
"8","BPTT checkpoint","Bottle","Baseball","0","0.0"
"8","BPTT checkpoint","Bottle","Bottle","18","90.0"
"8","BPTT checkpoint","Bottle","Sponge Dice","0","0.0"
"8","BPTT checkpoint","Bottle","Tape","0","0.0"
"8","BPTT checkpoint","Bottle","Plush Toy","0","0.0"
"8","BPTT checkpoint","Bottle","Optical Mouse","0","0.0"
"8","BPTT checkpoint","Bottle","Smartphone","2","10.0"
"8","BPTT checkpoint","Bottle","Rubik's Cube","0","0.0"
"8","BPTT checkpoint","Bottle","Stuffed Ball","0","0.0"
"8","BPTT checkpoint","Bottle","3D-Printed Part","0","0.0"
"8","BPTT checkpoint","Sponge Dice","Baseball","0","0.0"
"8","BPTT checkpoint","Sponge Dice","Bottle","0","0.0"
"8","BPTT checkpoint","Sponge Dice","Sponge Dice","16","80.0"
"8","BPTT checkpoint","Sponge Dice","Tape","0","0.0"
"8","BPTT checkpoint","Sponge Dice","Plush Toy","0","0.0"
"8","BPTT checkpoint","Sponge Dice","Optical Mouse","0","0.0"
"8","BPTT checkpoint","Sponge Dice","Smartphone","0","0.0"
"8","BPTT checkpoint","Sponge Dice","Rubik's Cube","2","10.0"
"8","BPTT checkpoint","Sponge Dice","Stuffed Ball","1","5.0"
"8","BPTT checkpoint","Sponge Dice","3D-Printed Part","1","5.0"
"8","BPTT checkpoint","Tape","Baseball","5","25.0"
"8","BPTT checkpoint","Tape","Bottle","0","0.0"
"8","BPTT checkpoint","Tape","Sponge Dice","0","0.0"
"8","BPTT checkpoint","Tape","Tape","13","65.0"
"8","BPTT checkpoint","Tape","Plush Toy","0","0.0"
"8","BPTT checkpoint","Tape","Optical Mouse","0","0.0"
"8","BPTT checkpoint","Tape","Smartphone","0","0.0"
"8","BPTT checkpoint","Tape","Rubik's Cube","0","0.0"
"8","BPTT checkpoint","Tape","Stuffed Ball","2","10.0"
"8","BPTT checkpoint","Tape","3D-Printed Part","0","0.0"
"8","BPTT checkpoint","Plush Toy","Baseball","0","0.0"
"8","BPTT checkpoint","Plush Toy","Bottle","0","0.0"
"8","BPTT checkpoint","Plush Toy","Sponge Dice","0","0.0"
"8","BPTT checkpoint","Plush Toy","Tape","0","0.0"
"8","BPTT checkpoint","Plush Toy","Plush Toy","14","70.0"
"8","BPTT checkpoint","Plush Toy","Optical Mouse","6","30.0"
"8","BPTT checkpoint","Plush Toy","Smartphone","0","0.0"
"8","BPTT checkpoint","Plush Toy","Rubik's Cube","0","0.0"
"8","BPTT checkpoint","Plush Toy","Stuffed Ball","0","0.0"
"8","BPTT checkpoint","Plush Toy","3D-Printed Part","0","0.0"
"8","BPTT checkpoint","Optical Mouse","Baseball","0","0.0"
"8","BPTT checkpoint","Optical Mouse","Bottle","0","0.0"
"8","BPTT checkpoint","Optical Mouse","Sponge Dice","0","0.0"
"8","BPTT checkpoint","Optical Mouse","Tape","0","0.0"
"8","BPTT checkpoint","Optical Mouse","Plush Toy","3","15.0"
"8","BPTT checkpoint","Optical Mouse","Optical Mouse","17","85.0"
"8","BPTT checkpoint","Optical Mouse","Smartphone","0","0.0"
"8","BPTT checkpoint","Optical Mouse","Rubik's Cube","0","0.0"
"8","BPTT checkpoint","Optical Mouse","Stuffed Ball","0","0.0"
"8","BPTT checkpoint","Optical Mouse","3D-Printed Part","0","0.0"
"8","BPTT checkpoint","Smartphone","Baseball","0","0.0"
"8","BPTT checkpoint","Smartphone","Bottle","0","0.0"
"8","BPTT checkpoint","Smartphone","Sponge Dice","0","0.0"
"8","BPTT checkpoint","Smartphone","Tape","0","0.0"
"8","BPTT checkpoint","Smartphone","Plush Toy","0","0.0"
"8","BPTT checkpoint","Smartphone","Optical Mouse","0","0.0"
"8","BPTT checkpoint","Smartphone","Smartphone","20","100.0"
"8","BPTT checkpoint","Smartphone","Rubik's Cube","0","0.0"
"8","BPTT checkpoint","Smartphone","Stuffed Ball","0","0.0"
"8","BPTT checkpoint","Smartphone","3D-Printed Part","0","0.0"
"8","BPTT checkpoint","Rubik's Cube","Baseball","0","0.0"
"8","BPTT checkpoint","Rubik's Cube","Bottle","1","5.0"
"8","BPTT checkpoint","Rubik's Cube","Sponge Dice","0","0.0"
"8","BPTT checkpoint","Rubik's Cube","Tape","0","0.0"
"8","BPTT checkpoint","Rubik's Cube","Plush Toy","0","0.0"
"8","BPTT checkpoint","Rubik's Cube","Optical Mouse","0","0.0"
"8","BPTT checkpoint","Rubik's Cube","Smartphone","0","0.0"
"8","BPTT checkpoint","Rubik's Cube","Rubik's Cube","19","95.0"
"8","BPTT checkpoint","Rubik's Cube","Stuffed Ball","0","0.0"
"8","BPTT checkpoint","Rubik's Cube","3D-Printed Part","0","0.0"
"8","BPTT checkpoint","Stuffed Ball","Baseball","8","40.0"
"8","BPTT checkpoint","Stuffed Ball","Bottle","0","0.0"
"8","BPTT checkpoint","Stuffed Ball","Sponge Dice","0","0.0"
"8","BPTT checkpoint","Stuffed Ball","Tape","0","0.0"
"8","BPTT checkpoint","Stuffed Ball","Plush Toy","0","0.0"
"8","BPTT checkpoint","Stuffed Ball","Optical Mouse","0","0.0"
"8","BPTT checkpoint","Stuffed Ball","Smartphone","0","0.0"
"8","BPTT checkpoint","Stuffed Ball","Rubik's Cube","0","0.0"
"8","BPTT checkpoint","Stuffed Ball","Stuffed Ball","12","60.0"
"8","BPTT checkpoint","Stuffed Ball","3D-Printed Part","0","0.0"
"8","BPTT checkpoint","3D-Printed Part","Baseball","0","0.0"
"8","BPTT checkpoint","3D-Printed Part","Bottle","0","0.0"
"8","BPTT checkpoint","3D-Printed Part","Sponge Dice","0","0.0"
"8","BPTT checkpoint","3D-Printed Part","Tape","0","0.0"
"8","BPTT checkpoint","3D-Printed Part","Plush Toy","0","0.0"
"8","BPTT checkpoint","3D-Printed Part","Optical Mouse","0","0.0"
"8","BPTT checkpoint","3D-Printed Part","Smartphone","0","0.0"
"8","BPTT checkpoint","3D-Printed Part","Rubik's Cube","0","0.0"
"8","BPTT checkpoint","3D-Printed Part","Stuffed Ball","0","0.0"
"8","BPTT checkpoint","3D-Printed Part","3D-Printed Part","20","100.0"
"9","BPTT checkpoint","Baseball","Baseball","14","70.0"
"9","BPTT checkpoint","Baseball","Bottle","0","0.0"
"9","BPTT checkpoint","Baseball","Sponge Dice","0","0.0"
"9","BPTT checkpoint","Baseball","Tape","3","15.0"
"9","BPTT checkpoint","Baseball","Plush Toy","0","0.0"
"9","BPTT checkpoint","Baseball","Optical Mouse","0","0.0"
"9","BPTT checkpoint","Baseball","Smartphone","0","0.0"
"9","BPTT checkpoint","Baseball","Rubik's Cube","0","0.0"
"9","BPTT checkpoint","Baseball","Stuffed Ball","3","15.0"
"9","BPTT checkpoint","Baseball","3D-Printed Part","0","0.0"
"9","BPTT checkpoint","Bottle","Baseball","0","0.0"
"9","BPTT checkpoint","Bottle","Bottle","19","95.0"
"9","BPTT checkpoint","Bottle","Sponge Dice","0","0.0"
"9","BPTT checkpoint","Bottle","Tape","0","0.0"
"9","BPTT checkpoint","Bottle","Plush Toy","0","0.0"
"9","BPTT checkpoint","Bottle","Optical Mouse","0","0.0"
"9","BPTT checkpoint","Bottle","Smartphone","1","5.0"
"9","BPTT checkpoint","Bottle","Rubik's Cube","0","0.0"
"9","BPTT checkpoint","Bottle","Stuffed Ball","0","0.0"
"9","BPTT checkpoint","Bottle","3D-Printed Part","0","0.0"
"9","BPTT checkpoint","Sponge Dice","Baseball","0","0.0"
"9","BPTT checkpoint","Sponge Dice","Bottle","0","0.0"
"9","BPTT checkpoint","Sponge Dice","Sponge Dice","19","95.0"
"9","BPTT checkpoint","Sponge Dice","Tape","0","0.0"
"9","BPTT checkpoint","Sponge Dice","Plush Toy","0","0.0"
"9","BPTT checkpoint","Sponge Dice","Optical Mouse","0","0.0"
"9","BPTT checkpoint","Sponge Dice","Smartphone","0","0.0"
"9","BPTT checkpoint","Sponge Dice","Rubik's Cube","0","0.0"
"9","BPTT checkpoint","Sponge Dice","Stuffed Ball","0","0.0"
"9","BPTT checkpoint","Sponge Dice","3D-Printed Part","1","5.0"
"9","BPTT checkpoint","Tape","Baseball","3","15.0"
"9","BPTT checkpoint","Tape","Bottle","0","0.0"
"9","BPTT checkpoint","Tape","Sponge Dice","0","0.0"
"9","BPTT checkpoint","Tape","Tape","15","75.0"
"9","BPTT checkpoint","Tape","Plush Toy","0","0.0"
"9","BPTT checkpoint","Tape","Optical Mouse","0","0.0"
"9","BPTT checkpoint","Tape","Smartphone","0","0.0"
"9","BPTT checkpoint","Tape","Rubik's Cube","0","0.0"
"9","BPTT checkpoint","Tape","Stuffed Ball","2","10.0"
"9","BPTT checkpoint","Tape","3D-Printed Part","0","0.0"
"9","BPTT checkpoint","Plush Toy","Baseball","0","0.0"
"9","BPTT checkpoint","Plush Toy","Bottle","0","0.0"
"9","BPTT checkpoint","Plush Toy","Sponge Dice","0","0.0"
"9","BPTT checkpoint","Plush Toy","Tape","0","0.0"
"9","BPTT checkpoint","Plush Toy","Plush Toy","20","100.0"
"9","BPTT checkpoint","Plush Toy","Optical Mouse","0","0.0"
"9","BPTT checkpoint","Plush Toy","Smartphone","0","0.0"
"9","BPTT checkpoint","Plush Toy","Rubik's Cube","0","0.0"
"9","BPTT checkpoint","Plush Toy","Stuffed Ball","0","0.0"
"9","BPTT checkpoint","Plush Toy","3D-Printed Part","0","0.0"
"9","BPTT checkpoint","Optical Mouse","Baseball","0","0.0"
"9","BPTT checkpoint","Optical Mouse","Bottle","0","0.0"
"9","BPTT checkpoint","Optical Mouse","Sponge Dice","0","0.0"
"9","BPTT checkpoint","Optical Mouse","Tape","0","0.0"
"9","BPTT checkpoint","Optical Mouse","Plush Toy","1","5.0"
"9","BPTT checkpoint","Optical Mouse","Optical Mouse","18","90.0"
"9","BPTT checkpoint","Optical Mouse","Smartphone","0","0.0"
"9","BPTT checkpoint","Optical Mouse","Rubik's Cube","0","0.0"
"9","BPTT checkpoint","Optical Mouse","Stuffed Ball","0","0.0"
"9","BPTT checkpoint","Optical Mouse","3D-Printed Part","1","5.0"
"9","BPTT checkpoint","Smartphone","Baseball","0","0.0"
"9","BPTT checkpoint","Smartphone","Bottle","0","0.0"
"9","BPTT checkpoint","Smartphone","Sponge Dice","0","0.0"
"9","BPTT checkpoint","Smartphone","Tape","0","0.0"
"9","BPTT checkpoint","Smartphone","Plush Toy","0","0.0"
"9","BPTT checkpoint","Smartphone","Optical Mouse","0","0.0"
"9","BPTT checkpoint","Smartphone","Smartphone","20","100.0"
"9","BPTT checkpoint","Smartphone","Rubik's Cube","0","0.0"
"9","BPTT checkpoint","Smartphone","Stuffed Ball","0","0.0"
"9","BPTT checkpoint","Smartphone","3D-Printed Part","0","0.0"
"9","BPTT checkpoint","Rubik's Cube","Baseball","0","0.0"
"9","BPTT checkpoint","Rubik's Cube","Bottle","1","5.0"
"9","BPTT checkpoint","Rubik's Cube","Sponge Dice","0","0.0"
"9","BPTT checkpoint","Rubik's Cube","Tape","0","0.0"
"9","BPTT checkpoint","Rubik's Cube","Plush Toy","0","0.0"
"9","BPTT checkpoint","Rubik's Cube","Optical Mouse","0","0.0"
"9","BPTT checkpoint","Rubik's Cube","Smartphone","0","0.0"
"9","BPTT checkpoint","Rubik's Cube","Rubik's Cube","19","95.0"
"9","BPTT checkpoint","Rubik's Cube","Stuffed Ball","0","0.0"
"9","BPTT checkpoint","Rubik's Cube","3D-Printed Part","0","0.0"
"9","BPTT checkpoint","Stuffed Ball","Baseball","9","45.0"
"9","BPTT checkpoint","Stuffed Ball","Bottle","0","0.0"
"9","BPTT checkpoint","Stuffed Ball","Sponge Dice","0","0.0"
"9","BPTT checkpoint","Stuffed Ball","Tape","0","0.0"
"9","BPTT checkpoint","Stuffed Ball","Plush Toy","0","0.0"
"9","BPTT checkpoint","Stuffed Ball","Optical Mouse","0","0.0"
"9","BPTT checkpoint","Stuffed Ball","Smartphone","0","0.0"
"9","BPTT checkpoint","Stuffed Ball","Rubik's Cube","0","0.0"
"9","BPTT checkpoint","Stuffed Ball","Stuffed Ball","11","55.00000000000001"
"9","BPTT checkpoint","Stuffed Ball","3D-Printed Part","0","0.0"
"9","BPTT checkpoint","3D-Printed Part","Baseball","0","0.0"
"9","BPTT checkpoint","3D-Printed Part","Bottle","0","0.0"
"9","BPTT checkpoint","3D-Printed Part","Sponge Dice","0","0.0"
"9","BPTT checkpoint","3D-Printed Part","Tape","0","0.0"
"9","BPTT checkpoint","3D-Printed Part","Plush Toy","0","0.0"
"9","BPTT checkpoint","3D-Printed Part","Optical Mouse","0","0.0"
"9","BPTT checkpoint","3D-Printed Part","Smartphone","0","0.0"
"9","BPTT checkpoint","3D-Printed Part","Rubik's Cube","0","0.0"
"9","BPTT checkpoint","3D-Printed Part","Stuffed Ball","0","0.0"
"9","BPTT checkpoint","3D-Printed Part","3D-Printed Part","20","100.0"
"10","BPTT checkpoint","Baseball","Baseball","12","60.0"
"10","BPTT checkpoint","Baseball","Bottle","0","0.0"
"10","BPTT checkpoint","Baseball","Sponge Dice","0","0.0"
"10","BPTT checkpoint","Baseball","Tape","4","20.0"
"10","BPTT checkpoint","Baseball","Plush Toy","0","0.0"
"10","BPTT checkpoint","Baseball","Optical Mouse","0","0.0"
"10","BPTT checkpoint","Baseball","Smartphone","0","0.0"
"10","BPTT checkpoint","Baseball","Rubik's Cube","0","0.0"
"10","BPTT checkpoint","Baseball","Stuffed Ball","4","20.0"
"10","BPTT checkpoint","Baseball","3D-Printed Part","0","0.0"
"10","BPTT checkpoint","Bottle","Baseball","0","0.0"
"10","BPTT checkpoint","Bottle","Bottle","19","95.0"
"10","BPTT checkpoint","Bottle","Sponge Dice","0","0.0"
"10","BPTT checkpoint","Bottle","Tape","0","0.0"
"10","BPTT checkpoint","Bottle","Plush Toy","0","0.0"
"10","BPTT checkpoint","Bottle","Optical Mouse","0","0.0"
"10","BPTT checkpoint","Bottle","Smartphone","1","5.0"
"10","BPTT checkpoint","Bottle","Rubik's Cube","0","0.0"
"10","BPTT checkpoint","Bottle","Stuffed Ball","0","0.0"
"10","BPTT checkpoint","Bottle","3D-Printed Part","0","0.0"
"10","BPTT checkpoint","Sponge Dice","Baseball","0","0.0"
"10","BPTT checkpoint","Sponge Dice","Bottle","0","0.0"
"10","BPTT checkpoint","Sponge Dice","Sponge Dice","19","95.0"
"10","BPTT checkpoint","Sponge Dice","Tape","0","0.0"
"10","BPTT checkpoint","Sponge Dice","Plush Toy","0","0.0"
"10","BPTT checkpoint","Sponge Dice","Optical Mouse","0","0.0"
"10","BPTT checkpoint","Sponge Dice","Smartphone","0","0.0"
"10","BPTT checkpoint","Sponge Dice","Rubik's Cube","0","0.0"
"10","BPTT checkpoint","Sponge Dice","Stuffed Ball","0","0.0"
"10","BPTT checkpoint","Sponge Dice","3D-Printed Part","1","5.0"
"10","BPTT checkpoint","Tape","Baseball","3","15.0"
"10","BPTT checkpoint","Tape","Bottle","0","0.0"
"10","BPTT checkpoint","Tape","Sponge Dice","0","0.0"
"10","BPTT checkpoint","Tape","Tape","15","75.0"
"10","BPTT checkpoint","Tape","Plush Toy","0","0.0"
"10","BPTT checkpoint","Tape","Optical Mouse","0","0.0"
"10","BPTT checkpoint","Tape","Smartphone","0","0.0"
"10","BPTT checkpoint","Tape","Rubik's Cube","0","0.0"
"10","BPTT checkpoint","Tape","Stuffed Ball","2","10.0"
"10","BPTT checkpoint","Tape","3D-Printed Part","0","0.0"
"10","BPTT checkpoint","Plush Toy","Baseball","0","0.0"
"10","BPTT checkpoint","Plush Toy","Bottle","0","0.0"
"10","BPTT checkpoint","Plush Toy","Sponge Dice","0","0.0"
"10","BPTT checkpoint","Plush Toy","Tape","0","0.0"
"10","BPTT checkpoint","Plush Toy","Plush Toy","17","85.0"
"10","BPTT checkpoint","Plush Toy","Optical Mouse","3","15.0"
"10","BPTT checkpoint","Plush Toy","Smartphone","0","0.0"
"10","BPTT checkpoint","Plush Toy","Rubik's Cube","0","0.0"
"10","BPTT checkpoint","Plush Toy","Stuffed Ball","0","0.0"
"10","BPTT checkpoint","Plush Toy","3D-Printed Part","0","0.0"
"10","BPTT checkpoint","Optical Mouse","Baseball","0","0.0"
"10","BPTT checkpoint","Optical Mouse","Bottle","0","0.0"
"10","BPTT checkpoint","Optical Mouse","Sponge Dice","0","0.0"
"10","BPTT checkpoint","Optical Mouse","Tape","0","0.0"
"10","BPTT checkpoint","Optical Mouse","Plush Toy","2","10.0"
"10","BPTT checkpoint","Optical Mouse","Optical Mouse","18","90.0"
"10","BPTT checkpoint","Optical Mouse","Smartphone","0","0.0"
"10","BPTT checkpoint","Optical Mouse","Rubik's Cube","0","0.0"
"10","BPTT checkpoint","Optical Mouse","Stuffed Ball","0","0.0"
"10","BPTT checkpoint","Optical Mouse","3D-Printed Part","0","0.0"
"10","BPTT checkpoint","Smartphone","Baseball","0","0.0"
"10","BPTT checkpoint","Smartphone","Bottle","0","0.0"
"10","BPTT checkpoint","Smartphone","Sponge Dice","0","0.0"
"10","BPTT checkpoint","Smartphone","Tape","0","0.0"
"10","BPTT checkpoint","Smartphone","Plush Toy","0","0.0"
"10","BPTT checkpoint","Smartphone","Optical Mouse","0","0.0"
"10","BPTT checkpoint","Smartphone","Smartphone","20","100.0"
"10","BPTT checkpoint","Smartphone","Rubik's Cube","0","0.0"
"10","BPTT checkpoint","Smartphone","Stuffed Ball","0","0.0"
"10","BPTT checkpoint","Smartphone","3D-Printed Part","0","0.0"
"10","BPTT checkpoint","Rubik's Cube","Baseball","0","0.0"
"10","BPTT checkpoint","Rubik's Cube","Bottle","0","0.0"
"10","BPTT checkpoint","Rubik's Cube","Sponge Dice","1","5.0"
"10","BPTT checkpoint","Rubik's Cube","Tape","0","0.0"
"10","BPTT checkpoint","Rubik's Cube","Plush Toy","1","5.0"
"10","BPTT checkpoint","Rubik's Cube","Optical Mouse","0","0.0"
"10","BPTT checkpoint","Rubik's Cube","Smartphone","0","0.0"
"10","BPTT checkpoint","Rubik's Cube","Rubik's Cube","18","90.0"
"10","BPTT checkpoint","Rubik's Cube","Stuffed Ball","0","0.0"
"10","BPTT checkpoint","Rubik's Cube","3D-Printed Part","0","0.0"
"10","BPTT checkpoint","Stuffed Ball","Baseball","4","20.0"
"10","BPTT checkpoint","Stuffed Ball","Bottle","0","0.0"
"10","BPTT checkpoint","Stuffed Ball","Sponge Dice","0","0.0"
"10","BPTT checkpoint","Stuffed Ball","Tape","0","0.0"
"10","BPTT checkpoint","Stuffed Ball","Plush Toy","0","0.0"
"10","BPTT checkpoint","Stuffed Ball","Optical Mouse","0","0.0"
"10","BPTT checkpoint","Stuffed Ball","Smartphone","0","0.0"
"10","BPTT checkpoint","Stuffed Ball","Rubik's Cube","0","0.0"
"10","BPTT checkpoint","Stuffed Ball","Stuffed Ball","16","80.0"
"10","BPTT checkpoint","Stuffed Ball","3D-Printed Part","0","0.0"
"10","BPTT checkpoint","3D-Printed Part","Baseball","0","0.0"
"10","BPTT checkpoint","3D-Printed Part","Bottle","0","0.0"
"10","BPTT checkpoint","3D-Printed Part","Sponge Dice","0","0.0"
"10","BPTT checkpoint","3D-Printed Part","Tape","0","0.0"
"10","BPTT checkpoint","3D-Printed Part","Plush Toy","0","0.0"
"10","BPTT checkpoint","3D-Printed Part","Optical Mouse","0","0.0"
"10","BPTT checkpoint","3D-Printed Part","Smartphone","0","0.0"
"10","BPTT checkpoint","3D-Printed Part","Rubik's Cube","0","0.0"
"10","BPTT checkpoint","3D-Printed Part","Stuffed Ball","0","0.0"
"10","BPTT checkpoint","3D-Printed Part","3D-Printed Part","20","100.0"
"11","BPTT checkpoint","Baseball","Baseball","13","65.0"
"11","BPTT checkpoint","Baseball","Bottle","0","0.0"
"11","BPTT checkpoint","Baseball","Sponge Dice","0","0.0"
"11","BPTT checkpoint","Baseball","Tape","4","20.0"
"11","BPTT checkpoint","Baseball","Plush Toy","0","0.0"
"11","BPTT checkpoint","Baseball","Optical Mouse","0","0.0"
"11","BPTT checkpoint","Baseball","Smartphone","0","0.0"
"11","BPTT checkpoint","Baseball","Rubik's Cube","0","0.0"
"11","BPTT checkpoint","Baseball","Stuffed Ball","3","15.0"
"11","BPTT checkpoint","Baseball","3D-Printed Part","0","0.0"
"11","BPTT checkpoint","Bottle","Baseball","0","0.0"
"11","BPTT checkpoint","Bottle","Bottle","20","100.0"
"11","BPTT checkpoint","Bottle","Sponge Dice","0","0.0"
"11","BPTT checkpoint","Bottle","Tape","0","0.0"
"11","BPTT checkpoint","Bottle","Plush Toy","0","0.0"
"11","BPTT checkpoint","Bottle","Optical Mouse","0","0.0"
"11","BPTT checkpoint","Bottle","Smartphone","0","0.0"
"11","BPTT checkpoint","Bottle","Rubik's Cube","0","0.0"
"11","BPTT checkpoint","Bottle","Stuffed Ball","0","0.0"
"11","BPTT checkpoint","Bottle","3D-Printed Part","0","0.0"
"11","BPTT checkpoint","Sponge Dice","Baseball","0","0.0"
"11","BPTT checkpoint","Sponge Dice","Bottle","0","0.0"
"11","BPTT checkpoint","Sponge Dice","Sponge Dice","17","85.0"
"11","BPTT checkpoint","Sponge Dice","Tape","0","0.0"
"11","BPTT checkpoint","Sponge Dice","Plush Toy","0","0.0"
"11","BPTT checkpoint","Sponge Dice","Optical Mouse","0","0.0"
"11","BPTT checkpoint","Sponge Dice","Smartphone","0","0.0"
"11","BPTT checkpoint","Sponge Dice","Rubik's Cube","2","10.0"
"11","BPTT checkpoint","Sponge Dice","Stuffed Ball","0","0.0"
"11","BPTT checkpoint","Sponge Dice","3D-Printed Part","1","5.0"
"11","BPTT checkpoint","Tape","Baseball","1","5.0"
"11","BPTT checkpoint","Tape","Bottle","0","0.0"
"11","BPTT checkpoint","Tape","Sponge Dice","0","0.0"
"11","BPTT checkpoint","Tape","Tape","14","70.0"
"11","BPTT checkpoint","Tape","Plush Toy","0","0.0"
"11","BPTT checkpoint","Tape","Optical Mouse","0","0.0"
"11","BPTT checkpoint","Tape","Smartphone","0","0.0"
"11","BPTT checkpoint","Tape","Rubik's Cube","0","0.0"
"11","BPTT checkpoint","Tape","Stuffed Ball","5","25.0"
"11","BPTT checkpoint","Tape","3D-Printed Part","0","0.0"
"11","BPTT checkpoint","Plush Toy","Baseball","0","0.0"
"11","BPTT checkpoint","Plush Toy","Bottle","0","0.0"
"11","BPTT checkpoint","Plush Toy","Sponge Dice","0","0.0"
"11","BPTT checkpoint","Plush Toy","Tape","0","0.0"
"11","BPTT checkpoint","Plush Toy","Plush Toy","18","90.0"
"11","BPTT checkpoint","Plush Toy","Optical Mouse","2","10.0"
"11","BPTT checkpoint","Plush Toy","Smartphone","0","0.0"
"11","BPTT checkpoint","Plush Toy","Rubik's Cube","0","0.0"
"11","BPTT checkpoint","Plush Toy","Stuffed Ball","0","0.0"
"11","BPTT checkpoint","Plush Toy","3D-Printed Part","0","0.0"
"11","BPTT checkpoint","Optical Mouse","Baseball","0","0.0"
"11","BPTT checkpoint","Optical Mouse","Bottle","0","0.0"
"11","BPTT checkpoint","Optical Mouse","Sponge Dice","0","0.0"
"11","BPTT checkpoint","Optical Mouse","Tape","0","0.0"
"11","BPTT checkpoint","Optical Mouse","Plush Toy","1","5.0"
"11","BPTT checkpoint","Optical Mouse","Optical Mouse","19","95.0"
"11","BPTT checkpoint","Optical Mouse","Smartphone","0","0.0"
"11","BPTT checkpoint","Optical Mouse","Rubik's Cube","0","0.0"
"11","BPTT checkpoint","Optical Mouse","Stuffed Ball","0","0.0"
"11","BPTT checkpoint","Optical Mouse","3D-Printed Part","0","0.0"
"11","BPTT checkpoint","Smartphone","Baseball","0","0.0"
"11","BPTT checkpoint","Smartphone","Bottle","0","0.0"
"11","BPTT checkpoint","Smartphone","Sponge Dice","0","0.0"
"11","BPTT checkpoint","Smartphone","Tape","0","0.0"
"11","BPTT checkpoint","Smartphone","Plush Toy","0","0.0"
"11","BPTT checkpoint","Smartphone","Optical Mouse","0","0.0"
"11","BPTT checkpoint","Smartphone","Smartphone","20","100.0"
"11","BPTT checkpoint","Smartphone","Rubik's Cube","0","0.0"
"11","BPTT checkpoint","Smartphone","Stuffed Ball","0","0.0"
"11","BPTT checkpoint","Smartphone","3D-Printed Part","0","0.0"
"11","BPTT checkpoint","Rubik's Cube","Baseball","0","0.0"
"11","BPTT checkpoint","Rubik's Cube","Bottle","1","5.0"
"11","BPTT checkpoint","Rubik's Cube","Sponge Dice","0","0.0"
"11","BPTT checkpoint","Rubik's Cube","Tape","0","0.0"
"11","BPTT checkpoint","Rubik's Cube","Plush Toy","0","0.0"
"11","BPTT checkpoint","Rubik's Cube","Optical Mouse","0","0.0"
"11","BPTT checkpoint","Rubik's Cube","Smartphone","0","0.0"
"11","BPTT checkpoint","Rubik's Cube","Rubik's Cube","19","95.0"
"11","BPTT checkpoint","Rubik's Cube","Stuffed Ball","0","0.0"
"11","BPTT checkpoint","Rubik's Cube","3D-Printed Part","0","0.0"
"11","BPTT checkpoint","Stuffed Ball","Baseball","5","25.0"
"11","BPTT checkpoint","Stuffed Ball","Bottle","0","0.0"
"11","BPTT checkpoint","Stuffed Ball","Sponge Dice","0","0.0"
"11","BPTT checkpoint","Stuffed Ball","Tape","0","0.0"
"11","BPTT checkpoint","Stuffed Ball","Plush Toy","0","0.0"
"11","BPTT checkpoint","Stuffed Ball","Optical Mouse","0","0.0"
"11","BPTT checkpoint","Stuffed Ball","Smartphone","0","0.0"
"11","BPTT checkpoint","Stuffed Ball","Rubik's Cube","0","0.0"
"11","BPTT checkpoint","Stuffed Ball","Stuffed Ball","15","75.0"
"11","BPTT checkpoint","Stuffed Ball","3D-Printed Part","0","0.0"
"11","BPTT checkpoint","3D-Printed Part","Baseball","0","0.0"
"11","BPTT checkpoint","3D-Printed Part","Bottle","0","0.0"
"11","BPTT checkpoint","3D-Printed Part","Sponge Dice","0","0.0"
"11","BPTT checkpoint","3D-Printed Part","Tape","0","0.0"
"11","BPTT checkpoint","3D-Printed Part","Plush Toy","0","0.0"
"11","BPTT checkpoint","3D-Printed Part","Optical Mouse","0","0.0"
"11","BPTT checkpoint","3D-Printed Part","Smartphone","0","0.0"
"11","BPTT checkpoint","3D-Printed Part","Rubik's Cube","0","0.0"
"11","BPTT checkpoint","3D-Printed Part","Stuffed Ball","0","0.0"
"11","BPTT checkpoint","3D-Printed Part","3D-Printed Part","20","100.0"
"12","BPTT checkpoint","Baseball","Baseball","13","65.0"
"12","BPTT checkpoint","Baseball","Bottle","0","0.0"
"12","BPTT checkpoint","Baseball","Sponge Dice","0","0.0"
"12","BPTT checkpoint","Baseball","Tape","3","15.0"
"12","BPTT checkpoint","Baseball","Plush Toy","0","0.0"
"12","BPTT checkpoint","Baseball","Optical Mouse","0","0.0"
"12","BPTT checkpoint","Baseball","Smartphone","0","0.0"
"12","BPTT checkpoint","Baseball","Rubik's Cube","0","0.0"
"12","BPTT checkpoint","Baseball","Stuffed Ball","4","20.0"
"12","BPTT checkpoint","Baseball","3D-Printed Part","0","0.0"
"12","BPTT checkpoint","Bottle","Baseball","0","0.0"
"12","BPTT checkpoint","Bottle","Bottle","20","100.0"
"12","BPTT checkpoint","Bottle","Sponge Dice","0","0.0"
"12","BPTT checkpoint","Bottle","Tape","0","0.0"
"12","BPTT checkpoint","Bottle","Plush Toy","0","0.0"
"12","BPTT checkpoint","Bottle","Optical Mouse","0","0.0"
"12","BPTT checkpoint","Bottle","Smartphone","0","0.0"
"12","BPTT checkpoint","Bottle","Rubik's Cube","0","0.0"
"12","BPTT checkpoint","Bottle","Stuffed Ball","0","0.0"
"12","BPTT checkpoint","Bottle","3D-Printed Part","0","0.0"
"12","BPTT checkpoint","Sponge Dice","Baseball","0","0.0"
"12","BPTT checkpoint","Sponge Dice","Bottle","0","0.0"
"12","BPTT checkpoint","Sponge Dice","Sponge Dice","19","95.0"
"12","BPTT checkpoint","Sponge Dice","Tape","0","0.0"
"12","BPTT checkpoint","Sponge Dice","Plush Toy","0","0.0"
"12","BPTT checkpoint","Sponge Dice","Optical Mouse","0","0.0"
"12","BPTT checkpoint","Sponge Dice","Smartphone","0","0.0"
"12","BPTT checkpoint","Sponge Dice","Rubik's Cube","0","0.0"
"12","BPTT checkpoint","Sponge Dice","Stuffed Ball","0","0.0"
"12","BPTT checkpoint","Sponge Dice","3D-Printed Part","1","5.0"
"12","BPTT checkpoint","Tape","Baseball","1","5.0"
"12","BPTT checkpoint","Tape","Bottle","0","0.0"
"12","BPTT checkpoint","Tape","Sponge Dice","0","0.0"
"12","BPTT checkpoint","Tape","Tape","18","90.0"
"12","BPTT checkpoint","Tape","Plush Toy","0","0.0"
"12","BPTT checkpoint","Tape","Optical Mouse","0","0.0"
"12","BPTT checkpoint","Tape","Smartphone","0","0.0"
"12","BPTT checkpoint","Tape","Rubik's Cube","0","0.0"
"12","BPTT checkpoint","Tape","Stuffed Ball","1","5.0"
"12","BPTT checkpoint","Tape","3D-Printed Part","0","0.0"
"12","BPTT checkpoint","Plush Toy","Baseball","0","0.0"
"12","BPTT checkpoint","Plush Toy","Bottle","0","0.0"
"12","BPTT checkpoint","Plush Toy","Sponge Dice","0","0.0"
"12","BPTT checkpoint","Plush Toy","Tape","0","0.0"
"12","BPTT checkpoint","Plush Toy","Plush Toy","19","95.0"
"12","BPTT checkpoint","Plush Toy","Optical Mouse","1","5.0"
"12","BPTT checkpoint","Plush Toy","Smartphone","0","0.0"
"12","BPTT checkpoint","Plush Toy","Rubik's Cube","0","0.0"
"12","BPTT checkpoint","Plush Toy","Stuffed Ball","0","0.0"
"12","BPTT checkpoint","Plush Toy","3D-Printed Part","0","0.0"
"12","BPTT checkpoint","Optical Mouse","Baseball","0","0.0"
"12","BPTT checkpoint","Optical Mouse","Bottle","0","0.0"
"12","BPTT checkpoint","Optical Mouse","Sponge Dice","0","0.0"
"12","BPTT checkpoint","Optical Mouse","Tape","0","0.0"
"12","BPTT checkpoint","Optical Mouse","Plush Toy","2","10.0"
"12","BPTT checkpoint","Optical Mouse","Optical Mouse","18","90.0"
"12","BPTT checkpoint","Optical Mouse","Smartphone","0","0.0"
"12","BPTT checkpoint","Optical Mouse","Rubik's Cube","0","0.0"
"12","BPTT checkpoint","Optical Mouse","Stuffed Ball","0","0.0"
"12","BPTT checkpoint","Optical Mouse","3D-Printed Part","0","0.0"
"12","BPTT checkpoint","Smartphone","Baseball","0","0.0"
"12","BPTT checkpoint","Smartphone","Bottle","0","0.0"
"12","BPTT checkpoint","Smartphone","Sponge Dice","0","0.0"
"12","BPTT checkpoint","Smartphone","Tape","0","0.0"
"12","BPTT checkpoint","Smartphone","Plush Toy","0","0.0"
"12","BPTT checkpoint","Smartphone","Optical Mouse","0","0.0"
"12","BPTT checkpoint","Smartphone","Smartphone","20","100.0"
"12","BPTT checkpoint","Smartphone","Rubik's Cube","0","0.0"
"12","BPTT checkpoint","Smartphone","Stuffed Ball","0","0.0"
"12","BPTT checkpoint","Smartphone","3D-Printed Part","0","0.0"
"12","BPTT checkpoint","Rubik's Cube","Baseball","0","0.0"
"12","BPTT checkpoint","Rubik's Cube","Bottle","0","0.0"
"12","BPTT checkpoint","Rubik's Cube","Sponge Dice","1","5.0"
"12","BPTT checkpoint","Rubik's Cube","Tape","0","0.0"
"12","BPTT checkpoint","Rubik's Cube","Plush Toy","0","0.0"
"12","BPTT checkpoint","Rubik's Cube","Optical Mouse","0","0.0"
"12","BPTT checkpoint","Rubik's Cube","Smartphone","0","0.0"
"12","BPTT checkpoint","Rubik's Cube","Rubik's Cube","19","95.0"
"12","BPTT checkpoint","Rubik's Cube","Stuffed Ball","0","0.0"
"12","BPTT checkpoint","Rubik's Cube","3D-Printed Part","0","0.0"
"12","BPTT checkpoint","Stuffed Ball","Baseball","11","55.00000000000001"
"12","BPTT checkpoint","Stuffed Ball","Bottle","0","0.0"
"12","BPTT checkpoint","Stuffed Ball","Sponge Dice","0","0.0"
"12","BPTT checkpoint","Stuffed Ball","Tape","0","0.0"
"12","BPTT checkpoint","Stuffed Ball","Plush Toy","0","0.0"
"12","BPTT checkpoint","Stuffed Ball","Optical Mouse","0","0.0"
"12","BPTT checkpoint","Stuffed Ball","Smartphone","0","0.0"
"12","BPTT checkpoint","Stuffed Ball","Rubik's Cube","0","0.0"
"12","BPTT checkpoint","Stuffed Ball","Stuffed Ball","9","45.0"
"12","BPTT checkpoint","Stuffed Ball","3D-Printed Part","0","0.0"
"12","BPTT checkpoint","3D-Printed Part","Baseball","0","0.0"
"12","BPTT checkpoint","3D-Printed Part","Bottle","0","0.0"
"12","BPTT checkpoint","3D-Printed Part","Sponge Dice","0","0.0"
"12","BPTT checkpoint","3D-Printed Part","Tape","0","0.0"
"12","BPTT checkpoint","3D-Printed Part","Plush Toy","0","0.0"
"12","BPTT checkpoint","3D-Printed Part","Optical Mouse","0","0.0"
"12","BPTT checkpoint","3D-Printed Part","Smartphone","0","0.0"
"12","BPTT checkpoint","3D-Printed Part","Rubik's Cube","0","0.0"
"12","BPTT checkpoint","3D-Printed Part","Stuffed Ball","0","0.0"
"12","BPTT checkpoint","3D-Printed Part","3D-Printed Part","20","100.0"
"13","BPTT checkpoint","Baseball","Baseball","14","70.0"
"13","BPTT checkpoint","Baseball","Bottle","0","0.0"
"13","BPTT checkpoint","Baseball","Sponge Dice","0","0.0"
"13","BPTT checkpoint","Baseball","Tape","4","20.0"
"13","BPTT checkpoint","Baseball","Plush Toy","0","0.0"
"13","BPTT checkpoint","Baseball","Optical Mouse","0","0.0"
"13","BPTT checkpoint","Baseball","Smartphone","0","0.0"
"13","BPTT checkpoint","Baseball","Rubik's Cube","0","0.0"
"13","BPTT checkpoint","Baseball","Stuffed Ball","2","10.0"
"13","BPTT checkpoint","Baseball","3D-Printed Part","0","0.0"
"13","BPTT checkpoint","Bottle","Baseball","0","0.0"
"13","BPTT checkpoint","Bottle","Bottle","20","100.0"
"13","BPTT checkpoint","Bottle","Sponge Dice","0","0.0"
"13","BPTT checkpoint","Bottle","Tape","0","0.0"
"13","BPTT checkpoint","Bottle","Plush Toy","0","0.0"
"13","BPTT checkpoint","Bottle","Optical Mouse","0","0.0"
"13","BPTT checkpoint","Bottle","Smartphone","0","0.0"
"13","BPTT checkpoint","Bottle","Rubik's Cube","0","0.0"
"13","BPTT checkpoint","Bottle","Stuffed Ball","0","0.0"
"13","BPTT checkpoint","Bottle","3D-Printed Part","0","0.0"
"13","BPTT checkpoint","Sponge Dice","Baseball","0","0.0"
"13","BPTT checkpoint","Sponge Dice","Bottle","1","5.0"
"13","BPTT checkpoint","Sponge Dice","Sponge Dice","18","90.0"
"13","BPTT checkpoint","Sponge Dice","Tape","0","0.0"
"13","BPTT checkpoint","Sponge Dice","Plush Toy","0","0.0"
"13","BPTT checkpoint","Sponge Dice","Optical Mouse","0","0.0"
"13","BPTT checkpoint","Sponge Dice","Smartphone","0","0.0"
"13","BPTT checkpoint","Sponge Dice","Rubik's Cube","0","0.0"
"13","BPTT checkpoint","Sponge Dice","Stuffed Ball","0","0.0"
"13","BPTT checkpoint","Sponge Dice","3D-Printed Part","1","5.0"
"13","BPTT checkpoint","Tape","Baseball","4","20.0"
"13","BPTT checkpoint","Tape","Bottle","0","0.0"
"13","BPTT checkpoint","Tape","Sponge Dice","0","0.0"
"13","BPTT checkpoint","Tape","Tape","14","70.0"
"13","BPTT checkpoint","Tape","Plush Toy","0","0.0"
"13","BPTT checkpoint","Tape","Optical Mouse","0","0.0"
"13","BPTT checkpoint","Tape","Smartphone","0","0.0"
"13","BPTT checkpoint","Tape","Rubik's Cube","0","0.0"
"13","BPTT checkpoint","Tape","Stuffed Ball","2","10.0"
"13","BPTT checkpoint","Tape","3D-Printed Part","0","0.0"
"13","BPTT checkpoint","Plush Toy","Baseball","0","0.0"
"13","BPTT checkpoint","Plush Toy","Bottle","0","0.0"
"13","BPTT checkpoint","Plush Toy","Sponge Dice","0","0.0"
"13","BPTT checkpoint","Plush Toy","Tape","0","0.0"
"13","BPTT checkpoint","Plush Toy","Plush Toy","16","80.0"
"13","BPTT checkpoint","Plush Toy","Optical Mouse","4","20.0"
"13","BPTT checkpoint","Plush Toy","Smartphone","0","0.0"
"13","BPTT checkpoint","Plush Toy","Rubik's Cube","0","0.0"
"13","BPTT checkpoint","Plush Toy","Stuffed Ball","0","0.0"
"13","BPTT checkpoint","Plush Toy","3D-Printed Part","0","0.0"
"13","BPTT checkpoint","Optical Mouse","Baseball","0","0.0"
"13","BPTT checkpoint","Optical Mouse","Bottle","0","0.0"
"13","BPTT checkpoint","Optical Mouse","Sponge Dice","0","0.0"
"13","BPTT checkpoint","Optical Mouse","Tape","0","0.0"
"13","BPTT checkpoint","Optical Mouse","Plush Toy","2","10.0"
"13","BPTT checkpoint","Optical Mouse","Optical Mouse","18","90.0"
"13","BPTT checkpoint","Optical Mouse","Smartphone","0","0.0"
"13","BPTT checkpoint","Optical Mouse","Rubik's Cube","0","0.0"
"13","BPTT checkpoint","Optical Mouse","Stuffed Ball","0","0.0"
"13","BPTT checkpoint","Optical Mouse","3D-Printed Part","0","0.0"
"13","BPTT checkpoint","Smartphone","Baseball","0","0.0"
"13","BPTT checkpoint","Smartphone","Bottle","0","0.0"
"13","BPTT checkpoint","Smartphone","Sponge Dice","0","0.0"
"13","BPTT checkpoint","Smartphone","Tape","0","0.0"
"13","BPTT checkpoint","Smartphone","Plush Toy","0","0.0"
"13","BPTT checkpoint","Smartphone","Optical Mouse","0","0.0"
"13","BPTT checkpoint","Smartphone","Smartphone","20","100.0"
"13","BPTT checkpoint","Smartphone","Rubik's Cube","0","0.0"
"13","BPTT checkpoint","Smartphone","Stuffed Ball","0","0.0"
"13","BPTT checkpoint","Smartphone","3D-Printed Part","0","0.0"
"13","BPTT checkpoint","Rubik's Cube","Baseball","0","0.0"
"13","BPTT checkpoint","Rubik's Cube","Bottle","0","0.0"
"13","BPTT checkpoint","Rubik's Cube","Sponge Dice","0","0.0"
"13","BPTT checkpoint","Rubik's Cube","Tape","0","0.0"
"13","BPTT checkpoint","Rubik's Cube","Plush Toy","0","0.0"
"13","BPTT checkpoint","Rubik's Cube","Optical Mouse","0","0.0"
"13","BPTT checkpoint","Rubik's Cube","Smartphone","1","5.0"
"13","BPTT checkpoint","Rubik's Cube","Rubik's Cube","19","95.0"
"13","BPTT checkpoint","Rubik's Cube","Stuffed Ball","0","0.0"
"13","BPTT checkpoint","Rubik's Cube","3D-Printed Part","0","0.0"
"13","BPTT checkpoint","Stuffed Ball","Baseball","5","25.0"
"13","BPTT checkpoint","Stuffed Ball","Bottle","0","0.0"
"13","BPTT checkpoint","Stuffed Ball","Sponge Dice","0","0.0"
"13","BPTT checkpoint","Stuffed Ball","Tape","0","0.0"
"13","BPTT checkpoint","Stuffed Ball","Plush Toy","0","0.0"
"13","BPTT checkpoint","Stuffed Ball","Optical Mouse","0","0.0"
"13","BPTT checkpoint","Stuffed Ball","Smartphone","0","0.0"
"13","BPTT checkpoint","Stuffed Ball","Rubik's Cube","0","0.0"
"13","BPTT checkpoint","Stuffed Ball","Stuffed Ball","15","75.0"
"13","BPTT checkpoint","Stuffed Ball","3D-Printed Part","0","0.0"
"13","BPTT checkpoint","3D-Printed Part","Baseball","0","0.0"
"13","BPTT checkpoint","3D-Printed Part","Bottle","0","0.0"
"13","BPTT checkpoint","3D-Printed Part","Sponge Dice","0","0.0"
"13","BPTT checkpoint","3D-Printed Part","Tape","0","0.0"
"13","BPTT checkpoint","3D-Printed Part","Plush Toy","0","0.0"
"13","BPTT checkpoint","3D-Printed Part","Optical Mouse","0","0.0"
"13","BPTT checkpoint","3D-Printed Part","Smartphone","0","0.0"
"13","BPTT checkpoint","3D-Printed Part","Rubik's Cube","0","0.0"
"13","BPTT checkpoint","3D-Printed Part","Stuffed Ball","0","0.0"
"13","BPTT checkpoint","3D-Printed Part","3D-Printed Part","20","100.0"
"14","BPTT checkpoint","Baseball","Baseball","12","60.0"
"14","BPTT checkpoint","Baseball","Bottle","0","0.0"
"14","BPTT checkpoint","Baseball","Sponge Dice","0","0.0"
"14","BPTT checkpoint","Baseball","Tape","5","25.0"
"14","BPTT checkpoint","Baseball","Plush Toy","0","0.0"
"14","BPTT checkpoint","Baseball","Optical Mouse","0","0.0"
"14","BPTT checkpoint","Baseball","Smartphone","0","0.0"
"14","BPTT checkpoint","Baseball","Rubik's Cube","0","0.0"
"14","BPTT checkpoint","Baseball","Stuffed Ball","3","15.0"
"14","BPTT checkpoint","Baseball","3D-Printed Part","0","0.0"
"14","BPTT checkpoint","Bottle","Baseball","0","0.0"
"14","BPTT checkpoint","Bottle","Bottle","19","95.0"
"14","BPTT checkpoint","Bottle","Sponge Dice","0","0.0"
"14","BPTT checkpoint","Bottle","Tape","0","0.0"
"14","BPTT checkpoint","Bottle","Plush Toy","0","0.0"
"14","BPTT checkpoint","Bottle","Optical Mouse","0","0.0"
"14","BPTT checkpoint","Bottle","Smartphone","1","5.0"
"14","BPTT checkpoint","Bottle","Rubik's Cube","0","0.0"
"14","BPTT checkpoint","Bottle","Stuffed Ball","0","0.0"
"14","BPTT checkpoint","Bottle","3D-Printed Part","0","0.0"
"14","BPTT checkpoint","Sponge Dice","Baseball","0","0.0"
"14","BPTT checkpoint","Sponge Dice","Bottle","0","0.0"
"14","BPTT checkpoint","Sponge Dice","Sponge Dice","17","85.0"
"14","BPTT checkpoint","Sponge Dice","Tape","0","0.0"
"14","BPTT checkpoint","Sponge Dice","Plush Toy","0","0.0"
"14","BPTT checkpoint","Sponge Dice","Optical Mouse","0","0.0"
"14","BPTT checkpoint","Sponge Dice","Smartphone","0","0.0"
"14","BPTT checkpoint","Sponge Dice","Rubik's Cube","2","10.0"
"14","BPTT checkpoint","Sponge Dice","Stuffed Ball","0","0.0"
"14","BPTT checkpoint","Sponge Dice","3D-Printed Part","1","5.0"
"14","BPTT checkpoint","Tape","Baseball","3","15.0"
"14","BPTT checkpoint","Tape","Bottle","0","0.0"
"14","BPTT checkpoint","Tape","Sponge Dice","0","0.0"
"14","BPTT checkpoint","Tape","Tape","15","75.0"
"14","BPTT checkpoint","Tape","Plush Toy","0","0.0"
"14","BPTT checkpoint","Tape","Optical Mouse","0","0.0"
"14","BPTT checkpoint","Tape","Smartphone","0","0.0"
"14","BPTT checkpoint","Tape","Rubik's Cube","0","0.0"
"14","BPTT checkpoint","Tape","Stuffed Ball","2","10.0"
"14","BPTT checkpoint","Tape","3D-Printed Part","0","0.0"
"14","BPTT checkpoint","Plush Toy","Baseball","0","0.0"
"14","BPTT checkpoint","Plush Toy","Bottle","0","0.0"
"14","BPTT checkpoint","Plush Toy","Sponge Dice","0","0.0"
"14","BPTT checkpoint","Plush Toy","Tape","0","0.0"
"14","BPTT checkpoint","Plush Toy","Plush Toy","18","90.0"
"14","BPTT checkpoint","Plush Toy","Optical Mouse","2","10.0"
"14","BPTT checkpoint","Plush Toy","Smartphone","0","0.0"
"14","BPTT checkpoint","Plush Toy","Rubik's Cube","0","0.0"
"14","BPTT checkpoint","Plush Toy","Stuffed Ball","0","0.0"
"14","BPTT checkpoint","Plush Toy","3D-Printed Part","0","0.0"
"14","BPTT checkpoint","Optical Mouse","Baseball","0","0.0"
"14","BPTT checkpoint","Optical Mouse","Bottle","0","0.0"
"14","BPTT checkpoint","Optical Mouse","Sponge Dice","0","0.0"
"14","BPTT checkpoint","Optical Mouse","Tape","0","0.0"
"14","BPTT checkpoint","Optical Mouse","Plush Toy","2","10.0"
"14","BPTT checkpoint","Optical Mouse","Optical Mouse","18","90.0"
"14","BPTT checkpoint","Optical Mouse","Smartphone","0","0.0"
"14","BPTT checkpoint","Optical Mouse","Rubik's Cube","0","0.0"
"14","BPTT checkpoint","Optical Mouse","Stuffed Ball","0","0.0"
"14","BPTT checkpoint","Optical Mouse","3D-Printed Part","0","0.0"
"14","BPTT checkpoint","Smartphone","Baseball","0","0.0"
"14","BPTT checkpoint","Smartphone","Bottle","0","0.0"
"14","BPTT checkpoint","Smartphone","Sponge Dice","0","0.0"
"14","BPTT checkpoint","Smartphone","Tape","0","0.0"
"14","BPTT checkpoint","Smartphone","Plush Toy","0","0.0"
"14","BPTT checkpoint","Smartphone","Optical Mouse","0","0.0"
"14","BPTT checkpoint","Smartphone","Smartphone","20","100.0"
"14","BPTT checkpoint","Smartphone","Rubik's Cube","0","0.0"
"14","BPTT checkpoint","Smartphone","Stuffed Ball","0","0.0"
"14","BPTT checkpoint","Smartphone","3D-Printed Part","0","0.0"
"14","BPTT checkpoint","Rubik's Cube","Baseball","0","0.0"
"14","BPTT checkpoint","Rubik's Cube","Bottle","0","0.0"
"14","BPTT checkpoint","Rubik's Cube","Sponge Dice","1","5.0"
"14","BPTT checkpoint","Rubik's Cube","Tape","0","0.0"
"14","BPTT checkpoint","Rubik's Cube","Plush Toy","1","5.0"
"14","BPTT checkpoint","Rubik's Cube","Optical Mouse","0","0.0"
"14","BPTT checkpoint","Rubik's Cube","Smartphone","0","0.0"
"14","BPTT checkpoint","Rubik's Cube","Rubik's Cube","18","90.0"
"14","BPTT checkpoint","Rubik's Cube","Stuffed Ball","0","0.0"
"14","BPTT checkpoint","Rubik's Cube","3D-Printed Part","0","0.0"
"14","BPTT checkpoint","Stuffed Ball","Baseball","8","40.0"
"14","BPTT checkpoint","Stuffed Ball","Bottle","0","0.0"
"14","BPTT checkpoint","Stuffed Ball","Sponge Dice","0","0.0"
"14","BPTT checkpoint","Stuffed Ball","Tape","0","0.0"
"14","BPTT checkpoint","Stuffed Ball","Plush Toy","0","0.0"
"14","BPTT checkpoint","Stuffed Ball","Optical Mouse","0","0.0"
"14","BPTT checkpoint","Stuffed Ball","Smartphone","0","0.0"
"14","BPTT checkpoint","Stuffed Ball","Rubik's Cube","0","0.0"
"14","BPTT checkpoint","Stuffed Ball","Stuffed Ball","12","60.0"
"14","BPTT checkpoint","Stuffed Ball","3D-Printed Part","0","0.0"
"14","BPTT checkpoint","3D-Printed Part","Baseball","0","0.0"
"14","BPTT checkpoint","3D-Printed Part","Bottle","0","0.0"
"14","BPTT checkpoint","3D-Printed Part","Sponge Dice","0","0.0"
"14","BPTT checkpoint","3D-Printed Part","Tape","0","0.0"
"14","BPTT checkpoint","3D-Printed Part","Plush Toy","0","0.0"
"14","BPTT checkpoint","3D-Printed Part","Optical Mouse","0","0.0"
"14","BPTT checkpoint","3D-Printed Part","Smartphone","0","0.0"
"14","BPTT checkpoint","3D-Printed Part","Rubik's Cube","0","0.0"
"14","BPTT checkpoint","3D-Printed Part","Stuffed Ball","0","0.0"
"14","BPTT checkpoint","3D-Printed Part","3D-Printed Part","20","100.0"
"15","BPTT checkpoint","Baseball","Baseball","15","75.0"
"15","BPTT checkpoint","Baseball","Bottle","0","0.0"
"15","BPTT checkpoint","Baseball","Sponge Dice","0","0.0"
"15","BPTT checkpoint","Baseball","Tape","4","20.0"
"15","BPTT checkpoint","Baseball","Plush Toy","0","0.0"
"15","BPTT checkpoint","Baseball","Optical Mouse","0","0.0"
"15","BPTT checkpoint","Baseball","Smartphone","0","0.0"
"15","BPTT checkpoint","Baseball","Rubik's Cube","0","0.0"
"15","BPTT checkpoint","Baseball","Stuffed Ball","1","5.0"
"15","BPTT checkpoint","Baseball","3D-Printed Part","0","0.0"
"15","BPTT checkpoint","Bottle","Baseball","0","0.0"
"15","BPTT checkpoint","Bottle","Bottle","20","100.0"
"15","BPTT checkpoint","Bottle","Sponge Dice","0","0.0"
"15","BPTT checkpoint","Bottle","Tape","0","0.0"
"15","BPTT checkpoint","Bottle","Plush Toy","0","0.0"
"15","BPTT checkpoint","Bottle","Optical Mouse","0","0.0"
"15","BPTT checkpoint","Bottle","Smartphone","0","0.0"
"15","BPTT checkpoint","Bottle","Rubik's Cube","0","0.0"
"15","BPTT checkpoint","Bottle","Stuffed Ball","0","0.0"
"15","BPTT checkpoint","Bottle","3D-Printed Part","0","0.0"
"15","BPTT checkpoint","Sponge Dice","Baseball","0","0.0"
"15","BPTT checkpoint","Sponge Dice","Bottle","0","0.0"
"15","BPTT checkpoint","Sponge Dice","Sponge Dice","19","95.0"
"15","BPTT checkpoint","Sponge Dice","Tape","0","0.0"
"15","BPTT checkpoint","Sponge Dice","Plush Toy","0","0.0"
"15","BPTT checkpoint","Sponge Dice","Optical Mouse","0","0.0"
"15","BPTT checkpoint","Sponge Dice","Smartphone","0","0.0"
"15","BPTT checkpoint","Sponge Dice","Rubik's Cube","0","0.0"
"15","BPTT checkpoint","Sponge Dice","Stuffed Ball","0","0.0"
"15","BPTT checkpoint","Sponge Dice","3D-Printed Part","1","5.0"
"15","BPTT checkpoint","Tape","Baseball","3","15.0"
"15","BPTT checkpoint","Tape","Bottle","0","0.0"
"15","BPTT checkpoint","Tape","Sponge Dice","0","0.0"
"15","BPTT checkpoint","Tape","Tape","15","75.0"
"15","BPTT checkpoint","Tape","Plush Toy","0","0.0"
"15","BPTT checkpoint","Tape","Optical Mouse","0","0.0"
"15","BPTT checkpoint","Tape","Smartphone","0","0.0"
"15","BPTT checkpoint","Tape","Rubik's Cube","0","0.0"
"15","BPTT checkpoint","Tape","Stuffed Ball","2","10.0"
"15","BPTT checkpoint","Tape","3D-Printed Part","0","0.0"
"15","BPTT checkpoint","Plush Toy","Baseball","0","0.0"
"15","BPTT checkpoint","Plush Toy","Bottle","0","0.0"
"15","BPTT checkpoint","Plush Toy","Sponge Dice","0","0.0"
"15","BPTT checkpoint","Plush Toy","Tape","0","0.0"
"15","BPTT checkpoint","Plush Toy","Plush Toy","14","70.0"
"15","BPTT checkpoint","Plush Toy","Optical Mouse","6","30.0"
"15","BPTT checkpoint","Plush Toy","Smartphone","0","0.0"
"15","BPTT checkpoint","Plush Toy","Rubik's Cube","0","0.0"
"15","BPTT checkpoint","Plush Toy","Stuffed Ball","0","0.0"
"15","BPTT checkpoint","Plush Toy","3D-Printed Part","0","0.0"
"15","BPTT checkpoint","Optical Mouse","Baseball","0","0.0"
"15","BPTT checkpoint","Optical Mouse","Bottle","0","0.0"
"15","BPTT checkpoint","Optical Mouse","Sponge Dice","0","0.0"
"15","BPTT checkpoint","Optical Mouse","Tape","0","0.0"
"15","BPTT checkpoint","Optical Mouse","Plush Toy","2","10.0"
"15","BPTT checkpoint","Optical Mouse","Optical Mouse","18","90.0"
"15","BPTT checkpoint","Optical Mouse","Smartphone","0","0.0"
"15","BPTT checkpoint","Optical Mouse","Rubik's Cube","0","0.0"
"15","BPTT checkpoint","Optical Mouse","Stuffed Ball","0","0.0"
"15","BPTT checkpoint","Optical Mouse","3D-Printed Part","0","0.0"
"15","BPTT checkpoint","Smartphone","Baseball","0","0.0"
"15","BPTT checkpoint","Smartphone","Bottle","0","0.0"
"15","BPTT checkpoint","Smartphone","Sponge Dice","0","0.0"
"15","BPTT checkpoint","Smartphone","Tape","0","0.0"
"15","BPTT checkpoint","Smartphone","Plush Toy","0","0.0"
"15","BPTT checkpoint","Smartphone","Optical Mouse","0","0.0"
"15","BPTT checkpoint","Smartphone","Smartphone","20","100.0"
"15","BPTT checkpoint","Smartphone","Rubik's Cube","0","0.0"
"15","BPTT checkpoint","Smartphone","Stuffed Ball","0","0.0"
"15","BPTT checkpoint","Smartphone","3D-Printed Part","0","0.0"
"15","BPTT checkpoint","Rubik's Cube","Baseball","0","0.0"
"15","BPTT checkpoint","Rubik's Cube","Bottle","0","0.0"
"15","BPTT checkpoint","Rubik's Cube","Sponge Dice","0","0.0"
"15","BPTT checkpoint","Rubik's Cube","Tape","0","0.0"
"15","BPTT checkpoint","Rubik's Cube","Plush Toy","1","5.0"
"15","BPTT checkpoint","Rubik's Cube","Optical Mouse","0","0.0"
"15","BPTT checkpoint","Rubik's Cube","Smartphone","0","0.0"
"15","BPTT checkpoint","Rubik's Cube","Rubik's Cube","19","95.0"
"15","BPTT checkpoint","Rubik's Cube","Stuffed Ball","0","0.0"
"15","BPTT checkpoint","Rubik's Cube","3D-Printed Part","0","0.0"
"15","BPTT checkpoint","Stuffed Ball","Baseball","9","45.0"
"15","BPTT checkpoint","Stuffed Ball","Bottle","0","0.0"
"15","BPTT checkpoint","Stuffed Ball","Sponge Dice","0","0.0"
"15","BPTT checkpoint","Stuffed Ball","Tape","0","0.0"
"15","BPTT checkpoint","Stuffed Ball","Plush Toy","0","0.0"
"15","BPTT checkpoint","Stuffed Ball","Optical Mouse","0","0.0"
"15","BPTT checkpoint","Stuffed Ball","Smartphone","0","0.0"
"15","BPTT checkpoint","Stuffed Ball","Rubik's Cube","0","0.0"
"15","BPTT checkpoint","Stuffed Ball","Stuffed Ball","11","55.00000000000001"
"15","BPTT checkpoint","Stuffed Ball","3D-Printed Part","0","0.0"
"15","BPTT checkpoint","3D-Printed Part","Baseball","0","0.0"
"15","BPTT checkpoint","3D-Printed Part","Bottle","0","0.0"
"15","BPTT checkpoint","3D-Printed Part","Sponge Dice","0","0.0"
"15","BPTT checkpoint","3D-Printed Part","Tape","0","0.0"
"15","BPTT checkpoint","3D-Printed Part","Plush Toy","0","0.0"
"15","BPTT checkpoint","3D-Printed Part","Optical Mouse","0","0.0"
"15","BPTT checkpoint","3D-Printed Part","Smartphone","0","0.0"
"15","BPTT checkpoint","3D-Printed Part","Rubik's Cube","0","0.0"
"15","BPTT checkpoint","3D-Printed Part","Stuffed Ball","0","0.0"
"15","BPTT checkpoint","3D-Printed Part","3D-Printed Part","20","100.0"
"16","BPTT checkpoint","Baseball","Baseball","15","75.0"
"16","BPTT checkpoint","Baseball","Bottle","0","0.0"
"16","BPTT checkpoint","Baseball","Sponge Dice","0","0.0"
"16","BPTT checkpoint","Baseball","Tape","2","10.0"
"16","BPTT checkpoint","Baseball","Plush Toy","0","0.0"
"16","BPTT checkpoint","Baseball","Optical Mouse","0","0.0"
"16","BPTT checkpoint","Baseball","Smartphone","0","0.0"
"16","BPTT checkpoint","Baseball","Rubik's Cube","0","0.0"
"16","BPTT checkpoint","Baseball","Stuffed Ball","3","15.0"
"16","BPTT checkpoint","Baseball","3D-Printed Part","0","0.0"
"16","BPTT checkpoint","Bottle","Baseball","0","0.0"
"16","BPTT checkpoint","Bottle","Bottle","20","100.0"
"16","BPTT checkpoint","Bottle","Sponge Dice","0","0.0"
"16","BPTT checkpoint","Bottle","Tape","0","0.0"
"16","BPTT checkpoint","Bottle","Plush Toy","0","0.0"
"16","BPTT checkpoint","Bottle","Optical Mouse","0","0.0"
"16","BPTT checkpoint","Bottle","Smartphone","0","0.0"
"16","BPTT checkpoint","Bottle","Rubik's Cube","0","0.0"
"16","BPTT checkpoint","Bottle","Stuffed Ball","0","0.0"
"16","BPTT checkpoint","Bottle","3D-Printed Part","0","0.0"
"16","BPTT checkpoint","Sponge Dice","Baseball","0","0.0"
"16","BPTT checkpoint","Sponge Dice","Bottle","1","5.0"
"16","BPTT checkpoint","Sponge Dice","Sponge Dice","16","80.0"
"16","BPTT checkpoint","Sponge Dice","Tape","0","0.0"
"16","BPTT checkpoint","Sponge Dice","Plush Toy","0","0.0"
"16","BPTT checkpoint","Sponge Dice","Optical Mouse","0","0.0"
"16","BPTT checkpoint","Sponge Dice","Smartphone","0","0.0"
"16","BPTT checkpoint","Sponge Dice","Rubik's Cube","1","5.0"
"16","BPTT checkpoint","Sponge Dice","Stuffed Ball","0","0.0"
"16","BPTT checkpoint","Sponge Dice","3D-Printed Part","2","10.0"
"16","BPTT checkpoint","Tape","Baseball","2","10.0"
"16","BPTT checkpoint","Tape","Bottle","0","0.0"
"16","BPTT checkpoint","Tape","Sponge Dice","0","0.0"
"16","BPTT checkpoint","Tape","Tape","16","80.0"
"16","BPTT checkpoint","Tape","Plush Toy","0","0.0"
"16","BPTT checkpoint","Tape","Optical Mouse","0","0.0"
"16","BPTT checkpoint","Tape","Smartphone","0","0.0"
"16","BPTT checkpoint","Tape","Rubik's Cube","0","0.0"
"16","BPTT checkpoint","Tape","Stuffed Ball","2","10.0"
"16","BPTT checkpoint","Tape","3D-Printed Part","0","0.0"
"16","BPTT checkpoint","Plush Toy","Baseball","0","0.0"
"16","BPTT checkpoint","Plush Toy","Bottle","0","0.0"
"16","BPTT checkpoint","Plush Toy","Sponge Dice","0","0.0"
"16","BPTT checkpoint","Plush Toy","Tape","0","0.0"
"16","BPTT checkpoint","Plush Toy","Plush Toy","12","60.0"
"16","BPTT checkpoint","Plush Toy","Optical Mouse","8","40.0"
"16","BPTT checkpoint","Plush Toy","Smartphone","0","0.0"
"16","BPTT checkpoint","Plush Toy","Rubik's Cube","0","0.0"
"16","BPTT checkpoint","Plush Toy","Stuffed Ball","0","0.0"
"16","BPTT checkpoint","Plush Toy","3D-Printed Part","0","0.0"
"16","BPTT checkpoint","Optical Mouse","Baseball","0","0.0"
"16","BPTT checkpoint","Optical Mouse","Bottle","0","0.0"
"16","BPTT checkpoint","Optical Mouse","Sponge Dice","0","0.0"
"16","BPTT checkpoint","Optical Mouse","Tape","0","0.0"
"16","BPTT checkpoint","Optical Mouse","Plush Toy","3","15.0"
"16","BPTT checkpoint","Optical Mouse","Optical Mouse","17","85.0"
"16","BPTT checkpoint","Optical Mouse","Smartphone","0","0.0"
"16","BPTT checkpoint","Optical Mouse","Rubik's Cube","0","0.0"
"16","BPTT checkpoint","Optical Mouse","Stuffed Ball","0","0.0"
"16","BPTT checkpoint","Optical Mouse","3D-Printed Part","0","0.0"
"16","BPTT checkpoint","Smartphone","Baseball","0","0.0"
"16","BPTT checkpoint","Smartphone","Bottle","0","0.0"
"16","BPTT checkpoint","Smartphone","Sponge Dice","0","0.0"
"16","BPTT checkpoint","Smartphone","Tape","0","0.0"
"16","BPTT checkpoint","Smartphone","Plush Toy","0","0.0"
"16","BPTT checkpoint","Smartphone","Optical Mouse","0","0.0"
"16","BPTT checkpoint","Smartphone","Smartphone","20","100.0"
"16","BPTT checkpoint","Smartphone","Rubik's Cube","0","0.0"
"16","BPTT checkpoint","Smartphone","Stuffed Ball","0","0.0"
"16","BPTT checkpoint","Smartphone","3D-Printed Part","0","0.0"
"16","BPTT checkpoint","Rubik's Cube","Baseball","0","0.0"
"16","BPTT checkpoint","Rubik's Cube","Bottle","0","0.0"
"16","BPTT checkpoint","Rubik's Cube","Sponge Dice","1","5.0"
"16","BPTT checkpoint","Rubik's Cube","Tape","0","0.0"
"16","BPTT checkpoint","Rubik's Cube","Plush Toy","0","0.0"
"16","BPTT checkpoint","Rubik's Cube","Optical Mouse","0","0.0"
"16","BPTT checkpoint","Rubik's Cube","Smartphone","1","5.0"
"16","BPTT checkpoint","Rubik's Cube","Rubik's Cube","18","90.0"
"16","BPTT checkpoint","Rubik's Cube","Stuffed Ball","0","0.0"
"16","BPTT checkpoint","Rubik's Cube","3D-Printed Part","0","0.0"
"16","BPTT checkpoint","Stuffed Ball","Baseball","12","60.0"
"16","BPTT checkpoint","Stuffed Ball","Bottle","0","0.0"
"16","BPTT checkpoint","Stuffed Ball","Sponge Dice","0","0.0"
"16","BPTT checkpoint","Stuffed Ball","Tape","0","0.0"
"16","BPTT checkpoint","Stuffed Ball","Plush Toy","0","0.0"
"16","BPTT checkpoint","Stuffed Ball","Optical Mouse","0","0.0"
"16","BPTT checkpoint","Stuffed Ball","Smartphone","0","0.0"
"16","BPTT checkpoint","Stuffed Ball","Rubik's Cube","0","0.0"
"16","BPTT checkpoint","Stuffed Ball","Stuffed Ball","8","40.0"
"16","BPTT checkpoint","Stuffed Ball","3D-Printed Part","0","0.0"
"16","BPTT checkpoint","3D-Printed Part","Baseball","0","0.0"
"16","BPTT checkpoint","3D-Printed Part","Bottle","0","0.0"
"16","BPTT checkpoint","3D-Printed Part","Sponge Dice","0","0.0"
"16","BPTT checkpoint","3D-Printed Part","Tape","0","0.0"
"16","BPTT checkpoint","3D-Printed Part","Plush Toy","0","0.0"
"16","BPTT checkpoint","3D-Printed Part","Optical Mouse","0","0.0"
"16","BPTT checkpoint","3D-Printed Part","Smartphone","0","0.0"
"16","BPTT checkpoint","3D-Printed Part","Rubik's Cube","0","0.0"
"16","BPTT checkpoint","3D-Printed Part","Stuffed Ball","0","0.0"
"16","BPTT checkpoint","3D-Printed Part","3D-Printed Part","20","100.0"
"17","BPTT checkpoint","Baseball","Baseball","15","75.0"
"17","BPTT checkpoint","Baseball","Bottle","0","0.0"
"17","BPTT checkpoint","Baseball","Sponge Dice","0","0.0"
"17","BPTT checkpoint","Baseball","Tape","4","20.0"
"17","BPTT checkpoint","Baseball","Plush Toy","0","0.0"
"17","BPTT checkpoint","Baseball","Optical Mouse","0","0.0"
"17","BPTT checkpoint","Baseball","Smartphone","0","0.0"
"17","BPTT checkpoint","Baseball","Rubik's Cube","0","0.0"
"17","BPTT checkpoint","Baseball","Stuffed Ball","1","5.0"
"17","BPTT checkpoint","Baseball","3D-Printed Part","0","0.0"
"17","BPTT checkpoint","Bottle","Baseball","0","0.0"
"17","BPTT checkpoint","Bottle","Bottle","20","100.0"
"17","BPTT checkpoint","Bottle","Sponge Dice","0","0.0"
"17","BPTT checkpoint","Bottle","Tape","0","0.0"
"17","BPTT checkpoint","Bottle","Plush Toy","0","0.0"
"17","BPTT checkpoint","Bottle","Optical Mouse","0","0.0"
"17","BPTT checkpoint","Bottle","Smartphone","0","0.0"
"17","BPTT checkpoint","Bottle","Rubik's Cube","0","0.0"
"17","BPTT checkpoint","Bottle","Stuffed Ball","0","0.0"
"17","BPTT checkpoint","Bottle","3D-Printed Part","0","0.0"
"17","BPTT checkpoint","Sponge Dice","Baseball","0","0.0"
"17","BPTT checkpoint","Sponge Dice","Bottle","0","0.0"
"17","BPTT checkpoint","Sponge Dice","Sponge Dice","18","90.0"
"17","BPTT checkpoint","Sponge Dice","Tape","0","0.0"
"17","BPTT checkpoint","Sponge Dice","Plush Toy","0","0.0"
"17","BPTT checkpoint","Sponge Dice","Optical Mouse","0","0.0"
"17","BPTT checkpoint","Sponge Dice","Smartphone","0","0.0"
"17","BPTT checkpoint","Sponge Dice","Rubik's Cube","1","5.0"
"17","BPTT checkpoint","Sponge Dice","Stuffed Ball","0","0.0"
"17","BPTT checkpoint","Sponge Dice","3D-Printed Part","1","5.0"
"17","BPTT checkpoint","Tape","Baseball","4","20.0"
"17","BPTT checkpoint","Tape","Bottle","0","0.0"
"17","BPTT checkpoint","Tape","Sponge Dice","0","0.0"
"17","BPTT checkpoint","Tape","Tape","14","70.0"
"17","BPTT checkpoint","Tape","Plush Toy","0","0.0"
"17","BPTT checkpoint","Tape","Optical Mouse","0","0.0"
"17","BPTT checkpoint","Tape","Smartphone","0","0.0"
"17","BPTT checkpoint","Tape","Rubik's Cube","0","0.0"
"17","BPTT checkpoint","Tape","Stuffed Ball","2","10.0"
"17","BPTT checkpoint","Tape","3D-Printed Part","0","0.0"
"17","BPTT checkpoint","Plush Toy","Baseball","0","0.0"
"17","BPTT checkpoint","Plush Toy","Bottle","0","0.0"
"17","BPTT checkpoint","Plush Toy","Sponge Dice","0","0.0"
"17","BPTT checkpoint","Plush Toy","Tape","0","0.0"
"17","BPTT checkpoint","Plush Toy","Plush Toy","20","100.0"
"17","BPTT checkpoint","Plush Toy","Optical Mouse","0","0.0"
"17","BPTT checkpoint","Plush Toy","Smartphone","0","0.0"
"17","BPTT checkpoint","Plush Toy","Rubik's Cube","0","0.0"
"17","BPTT checkpoint","Plush Toy","Stuffed Ball","0","0.0"
"17","BPTT checkpoint","Plush Toy","3D-Printed Part","0","0.0"
"17","BPTT checkpoint","Optical Mouse","Baseball","0","0.0"
"17","BPTT checkpoint","Optical Mouse","Bottle","0","0.0"
"17","BPTT checkpoint","Optical Mouse","Sponge Dice","0","0.0"
"17","BPTT checkpoint","Optical Mouse","Tape","0","0.0"
"17","BPTT checkpoint","Optical Mouse","Plush Toy","3","15.0"
"17","BPTT checkpoint","Optical Mouse","Optical Mouse","17","85.0"
"17","BPTT checkpoint","Optical Mouse","Smartphone","0","0.0"
"17","BPTT checkpoint","Optical Mouse","Rubik's Cube","0","0.0"
"17","BPTT checkpoint","Optical Mouse","Stuffed Ball","0","0.0"
"17","BPTT checkpoint","Optical Mouse","3D-Printed Part","0","0.0"
"17","BPTT checkpoint","Smartphone","Baseball","0","0.0"
"17","BPTT checkpoint","Smartphone","Bottle","0","0.0"
"17","BPTT checkpoint","Smartphone","Sponge Dice","0","0.0"
"17","BPTT checkpoint","Smartphone","Tape","0","0.0"
"17","BPTT checkpoint","Smartphone","Plush Toy","0","0.0"
"17","BPTT checkpoint","Smartphone","Optical Mouse","0","0.0"
"17","BPTT checkpoint","Smartphone","Smartphone","20","100.0"
"17","BPTT checkpoint","Smartphone","Rubik's Cube","0","0.0"
"17","BPTT checkpoint","Smartphone","Stuffed Ball","0","0.0"
"17","BPTT checkpoint","Smartphone","3D-Printed Part","0","0.0"
"17","BPTT checkpoint","Rubik's Cube","Baseball","0","0.0"
"17","BPTT checkpoint","Rubik's Cube","Bottle","0","0.0"
"17","BPTT checkpoint","Rubik's Cube","Sponge Dice","2","10.0"
"17","BPTT checkpoint","Rubik's Cube","Tape","0","0.0"
"17","BPTT checkpoint","Rubik's Cube","Plush Toy","0","0.0"
"17","BPTT checkpoint","Rubik's Cube","Optical Mouse","0","0.0"
"17","BPTT checkpoint","Rubik's Cube","Smartphone","1","5.0"
"17","BPTT checkpoint","Rubik's Cube","Rubik's Cube","17","85.0"
"17","BPTT checkpoint","Rubik's Cube","Stuffed Ball","0","0.0"
"17","BPTT checkpoint","Rubik's Cube","3D-Printed Part","0","0.0"
"17","BPTT checkpoint","Stuffed Ball","Baseball","6","30.0"
"17","BPTT checkpoint","Stuffed Ball","Bottle","0","0.0"
"17","BPTT checkpoint","Stuffed Ball","Sponge Dice","0","0.0"
"17","BPTT checkpoint","Stuffed Ball","Tape","0","0.0"
"17","BPTT checkpoint","Stuffed Ball","Plush Toy","0","0.0"
"17","BPTT checkpoint","Stuffed Ball","Optical Mouse","0","0.0"
"17","BPTT checkpoint","Stuffed Ball","Smartphone","0","0.0"
"17","BPTT checkpoint","Stuffed Ball","Rubik's Cube","0","0.0"
"17","BPTT checkpoint","Stuffed Ball","Stuffed Ball","14","70.0"
"17","BPTT checkpoint","Stuffed Ball","3D-Printed Part","0","0.0"
"17","BPTT checkpoint","3D-Printed Part","Baseball","0","0.0"
"17","BPTT checkpoint","3D-Printed Part","Bottle","0","0.0"
"17","BPTT checkpoint","3D-Printed Part","Sponge Dice","0","0.0"
"17","BPTT checkpoint","3D-Printed Part","Tape","0","0.0"
"17","BPTT checkpoint","3D-Printed Part","Plush Toy","0","0.0"
"17","BPTT checkpoint","3D-Printed Part","Optical Mouse","0","0.0"
"17","BPTT checkpoint","3D-Printed Part","Smartphone","0","0.0"
"17","BPTT checkpoint","3D-Printed Part","Rubik's Cube","0","0.0"
"17","BPTT checkpoint","3D-Printed Part","Stuffed Ball","0","0.0"
"17","BPTT checkpoint","3D-Printed Part","3D-Printed Part","20","100.0"
"18","BPTT checkpoint","Baseball","Baseball","15","75.0"
"18","BPTT checkpoint","Baseball","Bottle","0","0.0"
"18","BPTT checkpoint","Baseball","Sponge Dice","0","0.0"
"18","BPTT checkpoint","Baseball","Tape","4","20.0"
"18","BPTT checkpoint","Baseball","Plush Toy","0","0.0"
"18","BPTT checkpoint","Baseball","Optical Mouse","0","0.0"
"18","BPTT checkpoint","Baseball","Smartphone","0","0.0"
"18","BPTT checkpoint","Baseball","Rubik's Cube","0","0.0"
"18","BPTT checkpoint","Baseball","Stuffed Ball","1","5.0"
"18","BPTT checkpoint","Baseball","3D-Printed Part","0","0.0"
"18","BPTT checkpoint","Bottle","Baseball","0","0.0"
"18","BPTT checkpoint","Bottle","Bottle","19","95.0"
"18","BPTT checkpoint","Bottle","Sponge Dice","0","0.0"
"18","BPTT checkpoint","Bottle","Tape","0","0.0"
"18","BPTT checkpoint","Bottle","Plush Toy","0","0.0"
"18","BPTT checkpoint","Bottle","Optical Mouse","0","0.0"
"18","BPTT checkpoint","Bottle","Smartphone","1","5.0"
"18","BPTT checkpoint","Bottle","Rubik's Cube","0","0.0"
"18","BPTT checkpoint","Bottle","Stuffed Ball","0","0.0"
"18","BPTT checkpoint","Bottle","3D-Printed Part","0","0.0"
"18","BPTT checkpoint","Sponge Dice","Baseball","0","0.0"
"18","BPTT checkpoint","Sponge Dice","Bottle","0","0.0"
"18","BPTT checkpoint","Sponge Dice","Sponge Dice","16","80.0"
"18","BPTT checkpoint","Sponge Dice","Tape","0","0.0"
"18","BPTT checkpoint","Sponge Dice","Plush Toy","0","0.0"
"18","BPTT checkpoint","Sponge Dice","Optical Mouse","0","0.0"
"18","BPTT checkpoint","Sponge Dice","Smartphone","0","0.0"
"18","BPTT checkpoint","Sponge Dice","Rubik's Cube","1","5.0"
"18","BPTT checkpoint","Sponge Dice","Stuffed Ball","1","5.0"
"18","BPTT checkpoint","Sponge Dice","3D-Printed Part","2","10.0"
"18","BPTT checkpoint","Tape","Baseball","4","20.0"
"18","BPTT checkpoint","Tape","Bottle","0","0.0"
"18","BPTT checkpoint","Tape","Sponge Dice","0","0.0"
"18","BPTT checkpoint","Tape","Tape","13","65.0"
"18","BPTT checkpoint","Tape","Plush Toy","0","0.0"
"18","BPTT checkpoint","Tape","Optical Mouse","0","0.0"
"18","BPTT checkpoint","Tape","Smartphone","0","0.0"
"18","BPTT checkpoint","Tape","Rubik's Cube","0","0.0"
"18","BPTT checkpoint","Tape","Stuffed Ball","3","15.0"
"18","BPTT checkpoint","Tape","3D-Printed Part","0","0.0"
"18","BPTT checkpoint","Plush Toy","Baseball","0","0.0"
"18","BPTT checkpoint","Plush Toy","Bottle","0","0.0"
"18","BPTT checkpoint","Plush Toy","Sponge Dice","0","0.0"
"18","BPTT checkpoint","Plush Toy","Tape","0","0.0"
"18","BPTT checkpoint","Plush Toy","Plush Toy","19","95.0"
"18","BPTT checkpoint","Plush Toy","Optical Mouse","1","5.0"
"18","BPTT checkpoint","Plush Toy","Smartphone","0","0.0"
"18","BPTT checkpoint","Plush Toy","Rubik's Cube","0","0.0"
"18","BPTT checkpoint","Plush Toy","Stuffed Ball","0","0.0"
"18","BPTT checkpoint","Plush Toy","3D-Printed Part","0","0.0"
"18","BPTT checkpoint","Optical Mouse","Baseball","0","0.0"
"18","BPTT checkpoint","Optical Mouse","Bottle","0","0.0"
"18","BPTT checkpoint","Optical Mouse","Sponge Dice","0","0.0"
"18","BPTT checkpoint","Optical Mouse","Tape","0","0.0"
"18","BPTT checkpoint","Optical Mouse","Plush Toy","2","10.0"
"18","BPTT checkpoint","Optical Mouse","Optical Mouse","18","90.0"
"18","BPTT checkpoint","Optical Mouse","Smartphone","0","0.0"
"18","BPTT checkpoint","Optical Mouse","Rubik's Cube","0","0.0"
"18","BPTT checkpoint","Optical Mouse","Stuffed Ball","0","0.0"
"18","BPTT checkpoint","Optical Mouse","3D-Printed Part","0","0.0"
"18","BPTT checkpoint","Smartphone","Baseball","0","0.0"
"18","BPTT checkpoint","Smartphone","Bottle","0","0.0"
"18","BPTT checkpoint","Smartphone","Sponge Dice","0","0.0"
"18","BPTT checkpoint","Smartphone","Tape","0","0.0"
"18","BPTT checkpoint","Smartphone","Plush Toy","0","0.0"
"18","BPTT checkpoint","Smartphone","Optical Mouse","0","0.0"
"18","BPTT checkpoint","Smartphone","Smartphone","20","100.0"
"18","BPTT checkpoint","Smartphone","Rubik's Cube","0","0.0"
"18","BPTT checkpoint","Smartphone","Stuffed Ball","0","0.0"
"18","BPTT checkpoint","Smartphone","3D-Printed Part","0","0.0"
"18","BPTT checkpoint","Rubik's Cube","Baseball","0","0.0"
"18","BPTT checkpoint","Rubik's Cube","Bottle","1","5.0"
"18","BPTT checkpoint","Rubik's Cube","Sponge Dice","0","0.0"
"18","BPTT checkpoint","Rubik's Cube","Tape","0","0.0"
"18","BPTT checkpoint","Rubik's Cube","Plush Toy","0","0.0"
"18","BPTT checkpoint","Rubik's Cube","Optical Mouse","0","0.0"
"18","BPTT checkpoint","Rubik's Cube","Smartphone","0","0.0"
"18","BPTT checkpoint","Rubik's Cube","Rubik's Cube","19","95.0"
"18","BPTT checkpoint","Rubik's Cube","Stuffed Ball","0","0.0"
"18","BPTT checkpoint","Rubik's Cube","3D-Printed Part","0","0.0"
"18","BPTT checkpoint","Stuffed Ball","Baseball","8","40.0"
"18","BPTT checkpoint","Stuffed Ball","Bottle","0","0.0"
"18","BPTT checkpoint","Stuffed Ball","Sponge Dice","0","0.0"
"18","BPTT checkpoint","Stuffed Ball","Tape","0","0.0"
"18","BPTT checkpoint","Stuffed Ball","Plush Toy","0","0.0"
"18","BPTT checkpoint","Stuffed Ball","Optical Mouse","0","0.0"
"18","BPTT checkpoint","Stuffed Ball","Smartphone","0","0.0"
"18","BPTT checkpoint","Stuffed Ball","Rubik's Cube","0","0.0"
"18","BPTT checkpoint","Stuffed Ball","Stuffed Ball","12","60.0"
"18","BPTT checkpoint","Stuffed Ball","3D-Printed Part","0","0.0"
"18","BPTT checkpoint","3D-Printed Part","Baseball","0","0.0"
"18","BPTT checkpoint","3D-Printed Part","Bottle","0","0.0"
"18","BPTT checkpoint","3D-Printed Part","Sponge Dice","0","0.0"
"18","BPTT checkpoint","3D-Printed Part","Tape","0","0.0"
"18","BPTT checkpoint","3D-Printed Part","Plush Toy","0","0.0"
"18","BPTT checkpoint","3D-Printed Part","Optical Mouse","0","0.0"
"18","BPTT checkpoint","3D-Printed Part","Smartphone","0","0.0"
"18","BPTT checkpoint","3D-Printed Part","Rubik's Cube","0","0.0"
"18","BPTT checkpoint","3D-Printed Part","Stuffed Ball","0","0.0"
"18","BPTT checkpoint","3D-Printed Part","3D-Printed Part","20","100.0"
"19","BPTT checkpoint","Baseball","Baseball","6","30.0"
"19","BPTT checkpoint","Baseball","Bottle","0","0.0"
"19","BPTT checkpoint","Baseball","Sponge Dice","0","0.0"
"19","BPTT checkpoint","Baseball","Tape","5","25.0"
"19","BPTT checkpoint","Baseball","Plush Toy","0","0.0"
"19","BPTT checkpoint","Baseball","Optical Mouse","0","0.0"
"19","BPTT checkpoint","Baseball","Smartphone","0","0.0"
"19","BPTT checkpoint","Baseball","Rubik's Cube","0","0.0"
"19","BPTT checkpoint","Baseball","Stuffed Ball","9","45.0"
"19","BPTT checkpoint","Baseball","3D-Printed Part","0","0.0"
"19","BPTT checkpoint","Bottle","Baseball","0","0.0"
"19","BPTT checkpoint","Bottle","Bottle","19","95.0"
"19","BPTT checkpoint","Bottle","Sponge Dice","0","0.0"
"19","BPTT checkpoint","Bottle","Tape","0","0.0"
"19","BPTT checkpoint","Bottle","Plush Toy","0","0.0"
"19","BPTT checkpoint","Bottle","Optical Mouse","0","0.0"
"19","BPTT checkpoint","Bottle","Smartphone","1","5.0"
"19","BPTT checkpoint","Bottle","Rubik's Cube","0","0.0"
"19","BPTT checkpoint","Bottle","Stuffed Ball","0","0.0"
"19","BPTT checkpoint","Bottle","3D-Printed Part","0","0.0"
"19","BPTT checkpoint","Sponge Dice","Baseball","0","0.0"
"19","BPTT checkpoint","Sponge Dice","Bottle","1","5.0"
"19","BPTT checkpoint","Sponge Dice","Sponge Dice","18","90.0"
"19","BPTT checkpoint","Sponge Dice","Tape","0","0.0"
"19","BPTT checkpoint","Sponge Dice","Plush Toy","0","0.0"
"19","BPTT checkpoint","Sponge Dice","Optical Mouse","0","0.0"
"19","BPTT checkpoint","Sponge Dice","Smartphone","0","0.0"
"19","BPTT checkpoint","Sponge Dice","Rubik's Cube","0","0.0"
"19","BPTT checkpoint","Sponge Dice","Stuffed Ball","0","0.0"
"19","BPTT checkpoint","Sponge Dice","3D-Printed Part","1","5.0"
"19","BPTT checkpoint","Tape","Baseball","3","15.0"
"19","BPTT checkpoint","Tape","Bottle","0","0.0"
"19","BPTT checkpoint","Tape","Sponge Dice","0","0.0"
"19","BPTT checkpoint","Tape","Tape","15","75.0"
"19","BPTT checkpoint","Tape","Plush Toy","0","0.0"
"19","BPTT checkpoint","Tape","Optical Mouse","0","0.0"
"19","BPTT checkpoint","Tape","Smartphone","0","0.0"
"19","BPTT checkpoint","Tape","Rubik's Cube","0","0.0"
"19","BPTT checkpoint","Tape","Stuffed Ball","2","10.0"
"19","BPTT checkpoint","Tape","3D-Printed Part","0","0.0"
"19","BPTT checkpoint","Plush Toy","Baseball","0","0.0"
"19","BPTT checkpoint","Plush Toy","Bottle","0","0.0"
"19","BPTT checkpoint","Plush Toy","Sponge Dice","0","0.0"
"19","BPTT checkpoint","Plush Toy","Tape","0","0.0"
"19","BPTT checkpoint","Plush Toy","Plush Toy","16","80.0"
"19","BPTT checkpoint","Plush Toy","Optical Mouse","4","20.0"
"19","BPTT checkpoint","Plush Toy","Smartphone","0","0.0"
"19","BPTT checkpoint","Plush Toy","Rubik's Cube","0","0.0"
"19","BPTT checkpoint","Plush Toy","Stuffed Ball","0","0.0"
"19","BPTT checkpoint","Plush Toy","3D-Printed Part","0","0.0"
"19","BPTT checkpoint","Optical Mouse","Baseball","0","0.0"
"19","BPTT checkpoint","Optical Mouse","Bottle","0","0.0"
"19","BPTT checkpoint","Optical Mouse","Sponge Dice","0","0.0"
"19","BPTT checkpoint","Optical Mouse","Tape","0","0.0"
"19","BPTT checkpoint","Optical Mouse","Plush Toy","2","10.0"
"19","BPTT checkpoint","Optical Mouse","Optical Mouse","18","90.0"
"19","BPTT checkpoint","Optical Mouse","Smartphone","0","0.0"
"19","BPTT checkpoint","Optical Mouse","Rubik's Cube","0","0.0"
"19","BPTT checkpoint","Optical Mouse","Stuffed Ball","0","0.0"
"19","BPTT checkpoint","Optical Mouse","3D-Printed Part","0","0.0"
"19","BPTT checkpoint","Smartphone","Baseball","0","0.0"
"19","BPTT checkpoint","Smartphone","Bottle","0","0.0"
"19","BPTT checkpoint","Smartphone","Sponge Dice","0","0.0"
"19","BPTT checkpoint","Smartphone","Tape","0","0.0"
"19","BPTT checkpoint","Smartphone","Plush Toy","0","0.0"
"19","BPTT checkpoint","Smartphone","Optical Mouse","0","0.0"
"19","BPTT checkpoint","Smartphone","Smartphone","20","100.0"
"19","BPTT checkpoint","Smartphone","Rubik's Cube","0","0.0"
"19","BPTT checkpoint","Smartphone","Stuffed Ball","0","0.0"
"19","BPTT checkpoint","Smartphone","3D-Printed Part","0","0.0"
"19","BPTT checkpoint","Rubik's Cube","Baseball","0","0.0"
"19","BPTT checkpoint","Rubik's Cube","Bottle","0","0.0"
"19","BPTT checkpoint","Rubik's Cube","Sponge Dice","0","0.0"
"19","BPTT checkpoint","Rubik's Cube","Tape","0","0.0"
"19","BPTT checkpoint","Rubik's Cube","Plush Toy","0","0.0"
"19","BPTT checkpoint","Rubik's Cube","Optical Mouse","0","0.0"
"19","BPTT checkpoint","Rubik's Cube","Smartphone","0","0.0"
"19","BPTT checkpoint","Rubik's Cube","Rubik's Cube","20","100.0"
"19","BPTT checkpoint","Rubik's Cube","Stuffed Ball","0","0.0"
"19","BPTT checkpoint","Rubik's Cube","3D-Printed Part","0","0.0"
"19","BPTT checkpoint","Stuffed Ball","Baseball","9","45.0"
"19","BPTT checkpoint","Stuffed Ball","Bottle","0","0.0"
"19","BPTT checkpoint","Stuffed Ball","Sponge Dice","0","0.0"
"19","BPTT checkpoint","Stuffed Ball","Tape","0","0.0"
"19","BPTT checkpoint","Stuffed Ball","Plush Toy","0","0.0"
"19","BPTT checkpoint","Stuffed Ball","Optical Mouse","0","0.0"
"19","BPTT checkpoint","Stuffed Ball","Smartphone","0","0.0"
"19","BPTT checkpoint","Stuffed Ball","Rubik's Cube","0","0.0"
"19","BPTT checkpoint","Stuffed Ball","Stuffed Ball","11","55.00000000000001"
"19","BPTT checkpoint","Stuffed Ball","3D-Printed Part","0","0.0"
"19","BPTT checkpoint","3D-Printed Part","Baseball","0","0.0"
"19","BPTT checkpoint","3D-Printed Part","Bottle","0","0.0"
"19","BPTT checkpoint","3D-Printed Part","Sponge Dice","0","0.0"
"19","BPTT checkpoint","3D-Printed Part","Tape","0","0.0"
"19","BPTT checkpoint","3D-Printed Part","Plush Toy","0","0.0"
"19","BPTT checkpoint","3D-Printed Part","Optical Mouse","0","0.0"
"19","BPTT checkpoint","3D-Printed Part","Smartphone","0","0.0"
"19","BPTT checkpoint","3D-Printed Part","Rubik's Cube","0","0.0"
"19","BPTT checkpoint","3D-Printed Part","Stuffed Ball","0","0.0"
"19","BPTT checkpoint","3D-Printed Part","3D-Printed Part","20","100.0"
"20","BPTT checkpoint","Baseball","Baseball","15","75.0"
"20","BPTT checkpoint","Baseball","Bottle","1","5.0"
"20","BPTT checkpoint","Baseball","Sponge Dice","0","0.0"
"20","BPTT checkpoint","Baseball","Tape","2","10.0"
"20","BPTT checkpoint","Baseball","Plush Toy","0","0.0"
"20","BPTT checkpoint","Baseball","Optical Mouse","0","0.0"
"20","BPTT checkpoint","Baseball","Smartphone","0","0.0"
"20","BPTT checkpoint","Baseball","Rubik's Cube","0","0.0"
"20","BPTT checkpoint","Baseball","Stuffed Ball","2","10.0"
"20","BPTT checkpoint","Baseball","3D-Printed Part","0","0.0"
"20","BPTT checkpoint","Bottle","Baseball","0","0.0"
"20","BPTT checkpoint","Bottle","Bottle","19","95.0"
"20","BPTT checkpoint","Bottle","Sponge Dice","0","0.0"
"20","BPTT checkpoint","Bottle","Tape","0","0.0"
"20","BPTT checkpoint","Bottle","Plush Toy","0","0.0"
"20","BPTT checkpoint","Bottle","Optical Mouse","0","0.0"
"20","BPTT checkpoint","Bottle","Smartphone","1","5.0"
"20","BPTT checkpoint","Bottle","Rubik's Cube","0","0.0"
"20","BPTT checkpoint","Bottle","Stuffed Ball","0","0.0"
"20","BPTT checkpoint","Bottle","3D-Printed Part","0","0.0"
"20","BPTT checkpoint","Sponge Dice","Baseball","0","0.0"
"20","BPTT checkpoint","Sponge Dice","Bottle","0","0.0"
"20","BPTT checkpoint","Sponge Dice","Sponge Dice","17","85.0"
"20","BPTT checkpoint","Sponge Dice","Tape","0","0.0"
"20","BPTT checkpoint","Sponge Dice","Plush Toy","0","0.0"
"20","BPTT checkpoint","Sponge Dice","Optical Mouse","0","0.0"
"20","BPTT checkpoint","Sponge Dice","Smartphone","0","0.0"
"20","BPTT checkpoint","Sponge Dice","Rubik's Cube","1","5.0"
"20","BPTT checkpoint","Sponge Dice","Stuffed Ball","1","5.0"
"20","BPTT checkpoint","Sponge Dice","3D-Printed Part","1","5.0"
"20","BPTT checkpoint","Tape","Baseball","3","15.0"
"20","BPTT checkpoint","Tape","Bottle","0","0.0"
"20","BPTT checkpoint","Tape","Sponge Dice","0","0.0"
"20","BPTT checkpoint","Tape","Tape","16","80.0"
"20","BPTT checkpoint","Tape","Plush Toy","0","0.0"
"20","BPTT checkpoint","Tape","Optical Mouse","0","0.0"
"20","BPTT checkpoint","Tape","Smartphone","0","0.0"
"20","BPTT checkpoint","Tape","Rubik's Cube","0","0.0"
"20","BPTT checkpoint","Tape","Stuffed Ball","1","5.0"
"20","BPTT checkpoint","Tape","3D-Printed Part","0","0.0"
"20","BPTT checkpoint","Plush Toy","Baseball","0","0.0"
"20","BPTT checkpoint","Plush Toy","Bottle","0","0.0"
"20","BPTT checkpoint","Plush Toy","Sponge Dice","0","0.0"
"20","BPTT checkpoint","Plush Toy","Tape","0","0.0"
"20","BPTT checkpoint","Plush Toy","Plush Toy","16","80.0"
"20","BPTT checkpoint","Plush Toy","Optical Mouse","4","20.0"
"20","BPTT checkpoint","Plush Toy","Smartphone","0","0.0"
"20","BPTT checkpoint","Plush Toy","Rubik's Cube","0","0.0"
"20","BPTT checkpoint","Plush Toy","Stuffed Ball","0","0.0"
"20","BPTT checkpoint","Plush Toy","3D-Printed Part","0","0.0"
"20","BPTT checkpoint","Optical Mouse","Baseball","0","0.0"
"20","BPTT checkpoint","Optical Mouse","Bottle","0","0.0"
"20","BPTT checkpoint","Optical Mouse","Sponge Dice","0","0.0"
"20","BPTT checkpoint","Optical Mouse","Tape","0","0.0"
"20","BPTT checkpoint","Optical Mouse","Plush Toy","2","10.0"
"20","BPTT checkpoint","Optical Mouse","Optical Mouse","18","90.0"
"20","BPTT checkpoint","Optical Mouse","Smartphone","0","0.0"
"20","BPTT checkpoint","Optical Mouse","Rubik's Cube","0","0.0"
"20","BPTT checkpoint","Optical Mouse","Stuffed Ball","0","0.0"
"20","BPTT checkpoint","Optical Mouse","3D-Printed Part","0","0.0"
"20","BPTT checkpoint","Smartphone","Baseball","0","0.0"
"20","BPTT checkpoint","Smartphone","Bottle","0","0.0"
"20","BPTT checkpoint","Smartphone","Sponge Dice","0","0.0"
"20","BPTT checkpoint","Smartphone","Tape","0","0.0"
"20","BPTT checkpoint","Smartphone","Plush Toy","0","0.0"
"20","BPTT checkpoint","Smartphone","Optical Mouse","0","0.0"
"20","BPTT checkpoint","Smartphone","Smartphone","20","100.0"
"20","BPTT checkpoint","Smartphone","Rubik's Cube","0","0.0"
"20","BPTT checkpoint","Smartphone","Stuffed Ball","0","0.0"
"20","BPTT checkpoint","Smartphone","3D-Printed Part","0","0.0"
"20","BPTT checkpoint","Rubik's Cube","Baseball","0","0.0"
"20","BPTT checkpoint","Rubik's Cube","Bottle","0","0.0"
"20","BPTT checkpoint","Rubik's Cube","Sponge Dice","1","5.0"
"20","BPTT checkpoint","Rubik's Cube","Tape","0","0.0"
"20","BPTT checkpoint","Rubik's Cube","Plush Toy","1","5.0"
"20","BPTT checkpoint","Rubik's Cube","Optical Mouse","0","0.0"
"20","BPTT checkpoint","Rubik's Cube","Smartphone","0","0.0"
"20","BPTT checkpoint","Rubik's Cube","Rubik's Cube","18","90.0"
"20","BPTT checkpoint","Rubik's Cube","Stuffed Ball","0","0.0"
"20","BPTT checkpoint","Rubik's Cube","3D-Printed Part","0","0.0"
"20","BPTT checkpoint","Stuffed Ball","Baseball","4","20.0"
"20","BPTT checkpoint","Stuffed Ball","Bottle","0","0.0"
"20","BPTT checkpoint","Stuffed Ball","Sponge Dice","0","0.0"
"20","BPTT checkpoint","Stuffed Ball","Tape","0","0.0"
"20","BPTT checkpoint","Stuffed Ball","Plush Toy","0","0.0"
"20","BPTT checkpoint","Stuffed Ball","Optical Mouse","0","0.0"
"20","BPTT checkpoint","Stuffed Ball","Smartphone","0","0.0"
"20","BPTT checkpoint","Stuffed Ball","Rubik's Cube","0","0.0"
"20","BPTT checkpoint","Stuffed Ball","Stuffed Ball","16","80.0"
"20","BPTT checkpoint","Stuffed Ball","3D-Printed Part","0","0.0"
"20","BPTT checkpoint","3D-Printed Part","Baseball","0","0.0"
"20","BPTT checkpoint","3D-Printed Part","Bottle","0","0.0"
"20","BPTT checkpoint","3D-Printed Part","Sponge Dice","0","0.0"
"20","BPTT checkpoint","3D-Printed Part","Tape","0","0.0"
"20","BPTT checkpoint","3D-Printed Part","Plush Toy","0","0.0"
"20","BPTT checkpoint","3D-Printed Part","Optical Mouse","0","0.0"
"20","BPTT checkpoint","3D-Printed Part","Smartphone","0","0.0"
"20","BPTT checkpoint","3D-Printed Part","Rubik's Cube","0","0.0"
"20","BPTT checkpoint","3D-Printed Part","Stuffed Ball","0","0.0"
"20","BPTT checkpoint","3D-Printed Part","3D-Printed Part","20","100.0"
"21","BPTT checkpoint","Baseball","Baseball","16","80.0"
"21","BPTT checkpoint","Baseball","Bottle","0","0.0"
"21","BPTT checkpoint","Baseball","Sponge Dice","0","0.0"
"21","BPTT checkpoint","Baseball","Tape","3","15.0"
"21","BPTT checkpoint","Baseball","Plush Toy","0","0.0"
"21","BPTT checkpoint","Baseball","Optical Mouse","0","0.0"
"21","BPTT checkpoint","Baseball","Smartphone","0","0.0"
"21","BPTT checkpoint","Baseball","Rubik's Cube","0","0.0"
"21","BPTT checkpoint","Baseball","Stuffed Ball","1","5.0"
"21","BPTT checkpoint","Baseball","3D-Printed Part","0","0.0"
"21","BPTT checkpoint","Bottle","Baseball","0","0.0"
"21","BPTT checkpoint","Bottle","Bottle","20","100.0"
"21","BPTT checkpoint","Bottle","Sponge Dice","0","0.0"
"21","BPTT checkpoint","Bottle","Tape","0","0.0"
"21","BPTT checkpoint","Bottle","Plush Toy","0","0.0"
"21","BPTT checkpoint","Bottle","Optical Mouse","0","0.0"
"21","BPTT checkpoint","Bottle","Smartphone","0","0.0"
"21","BPTT checkpoint","Bottle","Rubik's Cube","0","0.0"
"21","BPTT checkpoint","Bottle","Stuffed Ball","0","0.0"
"21","BPTT checkpoint","Bottle","3D-Printed Part","0","0.0"
"21","BPTT checkpoint","Sponge Dice","Baseball","0","0.0"
"21","BPTT checkpoint","Sponge Dice","Bottle","1","5.0"
"21","BPTT checkpoint","Sponge Dice","Sponge Dice","18","90.0"
"21","BPTT checkpoint","Sponge Dice","Tape","0","0.0"
"21","BPTT checkpoint","Sponge Dice","Plush Toy","0","0.0"
"21","BPTT checkpoint","Sponge Dice","Optical Mouse","0","0.0"
"21","BPTT checkpoint","Sponge Dice","Smartphone","0","0.0"
"21","BPTT checkpoint","Sponge Dice","Rubik's Cube","0","0.0"
"21","BPTT checkpoint","Sponge Dice","Stuffed Ball","0","0.0"
"21","BPTT checkpoint","Sponge Dice","3D-Printed Part","1","5.0"
"21","BPTT checkpoint","Tape","Baseball","2","10.0"
"21","BPTT checkpoint","Tape","Bottle","0","0.0"
"21","BPTT checkpoint","Tape","Sponge Dice","0","0.0"
"21","BPTT checkpoint","Tape","Tape","15","75.0"
"21","BPTT checkpoint","Tape","Plush Toy","0","0.0"
"21","BPTT checkpoint","Tape","Optical Mouse","0","0.0"
"21","BPTT checkpoint","Tape","Smartphone","0","0.0"
"21","BPTT checkpoint","Tape","Rubik's Cube","0","0.0"
"21","BPTT checkpoint","Tape","Stuffed Ball","3","15.0"
"21","BPTT checkpoint","Tape","3D-Printed Part","0","0.0"
"21","BPTT checkpoint","Plush Toy","Baseball","0","0.0"
"21","BPTT checkpoint","Plush Toy","Bottle","0","0.0"
"21","BPTT checkpoint","Plush Toy","Sponge Dice","0","0.0"
"21","BPTT checkpoint","Plush Toy","Tape","0","0.0"
"21","BPTT checkpoint","Plush Toy","Plush Toy","15","75.0"
"21","BPTT checkpoint","Plush Toy","Optical Mouse","5","25.0"
"21","BPTT checkpoint","Plush Toy","Smartphone","0","0.0"
"21","BPTT checkpoint","Plush Toy","Rubik's Cube","0","0.0"
"21","BPTT checkpoint","Plush Toy","Stuffed Ball","0","0.0"
"21","BPTT checkpoint","Plush Toy","3D-Printed Part","0","0.0"
"21","BPTT checkpoint","Optical Mouse","Baseball","0","0.0"
"21","BPTT checkpoint","Optical Mouse","Bottle","0","0.0"
"21","BPTT checkpoint","Optical Mouse","Sponge Dice","0","0.0"
"21","BPTT checkpoint","Optical Mouse","Tape","0","0.0"
"21","BPTT checkpoint","Optical Mouse","Plush Toy","2","10.0"
"21","BPTT checkpoint","Optical Mouse","Optical Mouse","18","90.0"
"21","BPTT checkpoint","Optical Mouse","Smartphone","0","0.0"
"21","BPTT checkpoint","Optical Mouse","Rubik's Cube","0","0.0"
"21","BPTT checkpoint","Optical Mouse","Stuffed Ball","0","0.0"
"21","BPTT checkpoint","Optical Mouse","3D-Printed Part","0","0.0"
"21","BPTT checkpoint","Smartphone","Baseball","0","0.0"
"21","BPTT checkpoint","Smartphone","Bottle","0","0.0"
"21","BPTT checkpoint","Smartphone","Sponge Dice","0","0.0"
"21","BPTT checkpoint","Smartphone","Tape","0","0.0"
"21","BPTT checkpoint","Smartphone","Plush Toy","0","0.0"
"21","BPTT checkpoint","Smartphone","Optical Mouse","0","0.0"
"21","BPTT checkpoint","Smartphone","Smartphone","20","100.0"
"21","BPTT checkpoint","Smartphone","Rubik's Cube","0","0.0"
"21","BPTT checkpoint","Smartphone","Stuffed Ball","0","0.0"
"21","BPTT checkpoint","Smartphone","3D-Printed Part","0","0.0"
"21","BPTT checkpoint","Rubik's Cube","Baseball","0","0.0"
"21","BPTT checkpoint","Rubik's Cube","Bottle","0","0.0"
"21","BPTT checkpoint","Rubik's Cube","Sponge Dice","0","0.0"
"21","BPTT checkpoint","Rubik's Cube","Tape","0","0.0"
"21","BPTT checkpoint","Rubik's Cube","Plush Toy","1","5.0"
"21","BPTT checkpoint","Rubik's Cube","Optical Mouse","0","0.0"
"21","BPTT checkpoint","Rubik's Cube","Smartphone","0","0.0"
"21","BPTT checkpoint","Rubik's Cube","Rubik's Cube","19","95.0"
"21","BPTT checkpoint","Rubik's Cube","Stuffed Ball","0","0.0"
"21","BPTT checkpoint","Rubik's Cube","3D-Printed Part","0","0.0"
"21","BPTT checkpoint","Stuffed Ball","Baseball","9","45.0"
"21","BPTT checkpoint","Stuffed Ball","Bottle","0","0.0"
"21","BPTT checkpoint","Stuffed Ball","Sponge Dice","0","0.0"
"21","BPTT checkpoint","Stuffed Ball","Tape","0","0.0"
"21","BPTT checkpoint","Stuffed Ball","Plush Toy","0","0.0"
"21","BPTT checkpoint","Stuffed Ball","Optical Mouse","0","0.0"
"21","BPTT checkpoint","Stuffed Ball","Smartphone","0","0.0"
"21","BPTT checkpoint","Stuffed Ball","Rubik's Cube","0","0.0"
"21","BPTT checkpoint","Stuffed Ball","Stuffed Ball","11","55.00000000000001"
"21","BPTT checkpoint","Stuffed Ball","3D-Printed Part","0","0.0"
"21","BPTT checkpoint","3D-Printed Part","Baseball","0","0.0"
"21","BPTT checkpoint","3D-Printed Part","Bottle","0","0.0"
"21","BPTT checkpoint","3D-Printed Part","Sponge Dice","0","0.0"
"21","BPTT checkpoint","3D-Printed Part","Tape","0","0.0"
"21","BPTT checkpoint","3D-Printed Part","Plush Toy","0","0.0"
"21","BPTT checkpoint","3D-Printed Part","Optical Mouse","0","0.0"
"21","BPTT checkpoint","3D-Printed Part","Smartphone","0","0.0"
"21","BPTT checkpoint","3D-Printed Part","Rubik's Cube","0","0.0"
"21","BPTT checkpoint","3D-Printed Part","Stuffed Ball","0","0.0"
"21","BPTT checkpoint","3D-Printed Part","3D-Printed Part","20","100.0"
"22","BPTT checkpoint","Baseball","Baseball","8","40.0"
"22","BPTT checkpoint","Baseball","Bottle","0","0.0"
"22","BPTT checkpoint","Baseball","Sponge Dice","0","0.0"
"22","BPTT checkpoint","Baseball","Tape","4","20.0"
"22","BPTT checkpoint","Baseball","Plush Toy","0","0.0"
"22","BPTT checkpoint","Baseball","Optical Mouse","0","0.0"
"22","BPTT checkpoint","Baseball","Smartphone","0","0.0"
"22","BPTT checkpoint","Baseball","Rubik's Cube","0","0.0"
"22","BPTT checkpoint","Baseball","Stuffed Ball","8","40.0"
"22","BPTT checkpoint","Baseball","3D-Printed Part","0","0.0"
"22","BPTT checkpoint","Bottle","Baseball","0","0.0"
"22","BPTT checkpoint","Bottle","Bottle","20","100.0"
"22","BPTT checkpoint","Bottle","Sponge Dice","0","0.0"
"22","BPTT checkpoint","Bottle","Tape","0","0.0"
"22","BPTT checkpoint","Bottle","Plush Toy","0","0.0"
"22","BPTT checkpoint","Bottle","Optical Mouse","0","0.0"
"22","BPTT checkpoint","Bottle","Smartphone","0","0.0"
"22","BPTT checkpoint","Bottle","Rubik's Cube","0","0.0"
"22","BPTT checkpoint","Bottle","Stuffed Ball","0","0.0"
"22","BPTT checkpoint","Bottle","3D-Printed Part","0","0.0"
"22","BPTT checkpoint","Sponge Dice","Baseball","0","0.0"
"22","BPTT checkpoint","Sponge Dice","Bottle","0","0.0"
"22","BPTT checkpoint","Sponge Dice","Sponge Dice","18","90.0"
"22","BPTT checkpoint","Sponge Dice","Tape","0","0.0"
"22","BPTT checkpoint","Sponge Dice","Plush Toy","0","0.0"
"22","BPTT checkpoint","Sponge Dice","Optical Mouse","0","0.0"
"22","BPTT checkpoint","Sponge Dice","Smartphone","0","0.0"
"22","BPTT checkpoint","Sponge Dice","Rubik's Cube","0","0.0"
"22","BPTT checkpoint","Sponge Dice","Stuffed Ball","0","0.0"
"22","BPTT checkpoint","Sponge Dice","3D-Printed Part","2","10.0"
"22","BPTT checkpoint","Tape","Baseball","4","20.0"
"22","BPTT checkpoint","Tape","Bottle","0","0.0"
"22","BPTT checkpoint","Tape","Sponge Dice","0","0.0"
"22","BPTT checkpoint","Tape","Tape","14","70.0"
"22","BPTT checkpoint","Tape","Plush Toy","0","0.0"
"22","BPTT checkpoint","Tape","Optical Mouse","0","0.0"
"22","BPTT checkpoint","Tape","Smartphone","0","0.0"
"22","BPTT checkpoint","Tape","Rubik's Cube","0","0.0"
"22","BPTT checkpoint","Tape","Stuffed Ball","2","10.0"
"22","BPTT checkpoint","Tape","3D-Printed Part","0","0.0"
"22","BPTT checkpoint","Plush Toy","Baseball","0","0.0"
"22","BPTT checkpoint","Plush Toy","Bottle","0","0.0"
"22","BPTT checkpoint","Plush Toy","Sponge Dice","0","0.0"
"22","BPTT checkpoint","Plush Toy","Tape","0","0.0"
"22","BPTT checkpoint","Plush Toy","Plush Toy","16","80.0"
"22","BPTT checkpoint","Plush Toy","Optical Mouse","4","20.0"
"22","BPTT checkpoint","Plush Toy","Smartphone","0","0.0"
"22","BPTT checkpoint","Plush Toy","Rubik's Cube","0","0.0"
"22","BPTT checkpoint","Plush Toy","Stuffed Ball","0","0.0"
"22","BPTT checkpoint","Plush Toy","3D-Printed Part","0","0.0"
"22","BPTT checkpoint","Optical Mouse","Baseball","0","0.0"
"22","BPTT checkpoint","Optical Mouse","Bottle","0","0.0"
"22","BPTT checkpoint","Optical Mouse","Sponge Dice","0","0.0"
"22","BPTT checkpoint","Optical Mouse","Tape","0","0.0"
"22","BPTT checkpoint","Optical Mouse","Plush Toy","2","10.0"
"22","BPTT checkpoint","Optical Mouse","Optical Mouse","18","90.0"
"22","BPTT checkpoint","Optical Mouse","Smartphone","0","0.0"
"22","BPTT checkpoint","Optical Mouse","Rubik's Cube","0","0.0"
"22","BPTT checkpoint","Optical Mouse","Stuffed Ball","0","0.0"
"22","BPTT checkpoint","Optical Mouse","3D-Printed Part","0","0.0"
"22","BPTT checkpoint","Smartphone","Baseball","0","0.0"
"22","BPTT checkpoint","Smartphone","Bottle","0","0.0"
"22","BPTT checkpoint","Smartphone","Sponge Dice","0","0.0"
"22","BPTT checkpoint","Smartphone","Tape","0","0.0"
"22","BPTT checkpoint","Smartphone","Plush Toy","0","0.0"
"22","BPTT checkpoint","Smartphone","Optical Mouse","0","0.0"
"22","BPTT checkpoint","Smartphone","Smartphone","20","100.0"
"22","BPTT checkpoint","Smartphone","Rubik's Cube","0","0.0"
"22","BPTT checkpoint","Smartphone","Stuffed Ball","0","0.0"
"22","BPTT checkpoint","Smartphone","3D-Printed Part","0","0.0"
"22","BPTT checkpoint","Rubik's Cube","Baseball","0","0.0"
"22","BPTT checkpoint","Rubik's Cube","Bottle","0","0.0"
"22","BPTT checkpoint","Rubik's Cube","Sponge Dice","0","0.0"
"22","BPTT checkpoint","Rubik's Cube","Tape","0","0.0"
"22","BPTT checkpoint","Rubik's Cube","Plush Toy","0","0.0"
"22","BPTT checkpoint","Rubik's Cube","Optical Mouse","0","0.0"
"22","BPTT checkpoint","Rubik's Cube","Smartphone","1","5.0"
"22","BPTT checkpoint","Rubik's Cube","Rubik's Cube","19","95.0"
"22","BPTT checkpoint","Rubik's Cube","Stuffed Ball","0","0.0"
"22","BPTT checkpoint","Rubik's Cube","3D-Printed Part","0","0.0"
"22","BPTT checkpoint","Stuffed Ball","Baseball","11","55.00000000000001"
"22","BPTT checkpoint","Stuffed Ball","Bottle","0","0.0"
"22","BPTT checkpoint","Stuffed Ball","Sponge Dice","0","0.0"
"22","BPTT checkpoint","Stuffed Ball","Tape","0","0.0"
"22","BPTT checkpoint","Stuffed Ball","Plush Toy","0","0.0"
"22","BPTT checkpoint","Stuffed Ball","Optical Mouse","0","0.0"
"22","BPTT checkpoint","Stuffed Ball","Smartphone","0","0.0"
"22","BPTT checkpoint","Stuffed Ball","Rubik's Cube","0","0.0"
"22","BPTT checkpoint","Stuffed Ball","Stuffed Ball","9","45.0"
"22","BPTT checkpoint","Stuffed Ball","3D-Printed Part","0","0.0"
"22","BPTT checkpoint","3D-Printed Part","Baseball","0","0.0"
"22","BPTT checkpoint","3D-Printed Part","Bottle","0","0.0"
"22","BPTT checkpoint","3D-Printed Part","Sponge Dice","0","0.0"
"22","BPTT checkpoint","3D-Printed Part","Tape","0","0.0"
"22","BPTT checkpoint","3D-Printed Part","Plush Toy","0","0.0"
"22","BPTT checkpoint","3D-Printed Part","Optical Mouse","0","0.0"
"22","BPTT checkpoint","3D-Printed Part","Smartphone","0","0.0"
"22","BPTT checkpoint","3D-Printed Part","Rubik's Cube","0","0.0"
"22","BPTT checkpoint","3D-Printed Part","Stuffed Ball","0","0.0"
"22","BPTT checkpoint","3D-Printed Part","3D-Printed Part","20","100.0"
"23","BPTT checkpoint","Baseball","Baseball","15","75.0"
"23","BPTT checkpoint","Baseball","Bottle","0","0.0"
"23","BPTT checkpoint","Baseball","Sponge Dice","0","0.0"
"23","BPTT checkpoint","Baseball","Tape","4","20.0"
"23","BPTT checkpoint","Baseball","Plush Toy","0","0.0"
"23","BPTT checkpoint","Baseball","Optical Mouse","0","0.0"
"23","BPTT checkpoint","Baseball","Smartphone","0","0.0"
"23","BPTT checkpoint","Baseball","Rubik's Cube","0","0.0"
"23","BPTT checkpoint","Baseball","Stuffed Ball","1","5.0"
"23","BPTT checkpoint","Baseball","3D-Printed Part","0","0.0"
"23","BPTT checkpoint","Bottle","Baseball","0","0.0"
"23","BPTT checkpoint","Bottle","Bottle","19","95.0"
"23","BPTT checkpoint","Bottle","Sponge Dice","0","0.0"
"23","BPTT checkpoint","Bottle","Tape","0","0.0"
"23","BPTT checkpoint","Bottle","Plush Toy","0","0.0"
"23","BPTT checkpoint","Bottle","Optical Mouse","0","0.0"
"23","BPTT checkpoint","Bottle","Smartphone","1","5.0"
"23","BPTT checkpoint","Bottle","Rubik's Cube","0","0.0"
"23","BPTT checkpoint","Bottle","Stuffed Ball","0","0.0"
"23","BPTT checkpoint","Bottle","3D-Printed Part","0","0.0"
"23","BPTT checkpoint","Sponge Dice","Baseball","0","0.0"
"23","BPTT checkpoint","Sponge Dice","Bottle","0","0.0"
"23","BPTT checkpoint","Sponge Dice","Sponge Dice","19","95.0"
"23","BPTT checkpoint","Sponge Dice","Tape","0","0.0"
"23","BPTT checkpoint","Sponge Dice","Plush Toy","0","0.0"
"23","BPTT checkpoint","Sponge Dice","Optical Mouse","0","0.0"
"23","BPTT checkpoint","Sponge Dice","Smartphone","0","0.0"
"23","BPTT checkpoint","Sponge Dice","Rubik's Cube","0","0.0"
"23","BPTT checkpoint","Sponge Dice","Stuffed Ball","0","0.0"
"23","BPTT checkpoint","Sponge Dice","3D-Printed Part","1","5.0"
"23","BPTT checkpoint","Tape","Baseball","3","15.0"
"23","BPTT checkpoint","Tape","Bottle","0","0.0"
"23","BPTT checkpoint","Tape","Sponge Dice","0","0.0"
"23","BPTT checkpoint","Tape","Tape","15","75.0"
"23","BPTT checkpoint","Tape","Plush Toy","0","0.0"
"23","BPTT checkpoint","Tape","Optical Mouse","0","0.0"
"23","BPTT checkpoint","Tape","Smartphone","0","0.0"
"23","BPTT checkpoint","Tape","Rubik's Cube","0","0.0"
"23","BPTT checkpoint","Tape","Stuffed Ball","2","10.0"
"23","BPTT checkpoint","Tape","3D-Printed Part","0","0.0"
"23","BPTT checkpoint","Plush Toy","Baseball","0","0.0"
"23","BPTT checkpoint","Plush Toy","Bottle","0","0.0"
"23","BPTT checkpoint","Plush Toy","Sponge Dice","0","0.0"
"23","BPTT checkpoint","Plush Toy","Tape","0","0.0"
"23","BPTT checkpoint","Plush Toy","Plush Toy","16","80.0"
"23","BPTT checkpoint","Plush Toy","Optical Mouse","4","20.0"
"23","BPTT checkpoint","Plush Toy","Smartphone","0","0.0"
"23","BPTT checkpoint","Plush Toy","Rubik's Cube","0","0.0"
"23","BPTT checkpoint","Plush Toy","Stuffed Ball","0","0.0"
"23","BPTT checkpoint","Plush Toy","3D-Printed Part","0","0.0"
"23","BPTT checkpoint","Optical Mouse","Baseball","0","0.0"
"23","BPTT checkpoint","Optical Mouse","Bottle","0","0.0"
"23","BPTT checkpoint","Optical Mouse","Sponge Dice","0","0.0"
"23","BPTT checkpoint","Optical Mouse","Tape","0","0.0"
"23","BPTT checkpoint","Optical Mouse","Plush Toy","2","10.0"
"23","BPTT checkpoint","Optical Mouse","Optical Mouse","17","85.0"
"23","BPTT checkpoint","Optical Mouse","Smartphone","0","0.0"
"23","BPTT checkpoint","Optical Mouse","Rubik's Cube","0","0.0"
"23","BPTT checkpoint","Optical Mouse","Stuffed Ball","0","0.0"
"23","BPTT checkpoint","Optical Mouse","3D-Printed Part","1","5.0"
"23","BPTT checkpoint","Smartphone","Baseball","0","0.0"
"23","BPTT checkpoint","Smartphone","Bottle","0","0.0"
"23","BPTT checkpoint","Smartphone","Sponge Dice","0","0.0"
"23","BPTT checkpoint","Smartphone","Tape","0","0.0"
"23","BPTT checkpoint","Smartphone","Plush Toy","0","0.0"
"23","BPTT checkpoint","Smartphone","Optical Mouse","0","0.0"
"23","BPTT checkpoint","Smartphone","Smartphone","20","100.0"
"23","BPTT checkpoint","Smartphone","Rubik's Cube","0","0.0"
"23","BPTT checkpoint","Smartphone","Stuffed Ball","0","0.0"
"23","BPTT checkpoint","Smartphone","3D-Printed Part","0","0.0"
"23","BPTT checkpoint","Rubik's Cube","Baseball","0","0.0"
"23","BPTT checkpoint","Rubik's Cube","Bottle","0","0.0"
"23","BPTT checkpoint","Rubik's Cube","Sponge Dice","0","0.0"
"23","BPTT checkpoint","Rubik's Cube","Tape","0","0.0"
"23","BPTT checkpoint","Rubik's Cube","Plush Toy","1","5.0"
"23","BPTT checkpoint","Rubik's Cube","Optical Mouse","0","0.0"
"23","BPTT checkpoint","Rubik's Cube","Smartphone","0","0.0"
"23","BPTT checkpoint","Rubik's Cube","Rubik's Cube","19","95.0"
"23","BPTT checkpoint","Rubik's Cube","Stuffed Ball","0","0.0"
"23","BPTT checkpoint","Rubik's Cube","3D-Printed Part","0","0.0"
"23","BPTT checkpoint","Stuffed Ball","Baseball","10","50.0"
"23","BPTT checkpoint","Stuffed Ball","Bottle","0","0.0"
"23","BPTT checkpoint","Stuffed Ball","Sponge Dice","0","0.0"
"23","BPTT checkpoint","Stuffed Ball","Tape","0","0.0"
"23","BPTT checkpoint","Stuffed Ball","Plush Toy","0","0.0"
"23","BPTT checkpoint","Stuffed Ball","Optical Mouse","0","0.0"
"23","BPTT checkpoint","Stuffed Ball","Smartphone","0","0.0"
"23","BPTT checkpoint","Stuffed Ball","Rubik's Cube","0","0.0"
"23","BPTT checkpoint","Stuffed Ball","Stuffed Ball","10","50.0"
"23","BPTT checkpoint","Stuffed Ball","3D-Printed Part","0","0.0"
"23","BPTT checkpoint","3D-Printed Part","Baseball","0","0.0"
"23","BPTT checkpoint","3D-Printed Part","Bottle","0","0.0"
"23","BPTT checkpoint","3D-Printed Part","Sponge Dice","0","0.0"
"23","BPTT checkpoint","3D-Printed Part","Tape","0","0.0"
"23","BPTT checkpoint","3D-Printed Part","Plush Toy","0","0.0"
"23","BPTT checkpoint","3D-Printed Part","Optical Mouse","0","0.0"
"23","BPTT checkpoint","3D-Printed Part","Smartphone","0","0.0"
"23","BPTT checkpoint","3D-Printed Part","Rubik's Cube","0","0.0"
"23","BPTT checkpoint","3D-Printed Part","Stuffed Ball","0","0.0"
"23","BPTT checkpoint","3D-Printed Part","3D-Printed Part","20","100.0"
"24","BPTT checkpoint","Baseball","Baseball","16","80.0"
"24","BPTT checkpoint","Baseball","Bottle","0","0.0"
"24","BPTT checkpoint","Baseball","Sponge Dice","0","0.0"
"24","BPTT checkpoint","Baseball","Tape","3","15.0"
"24","BPTT checkpoint","Baseball","Plush Toy","0","0.0"
"24","BPTT checkpoint","Baseball","Optical Mouse","0","0.0"
"24","BPTT checkpoint","Baseball","Smartphone","0","0.0"
"24","BPTT checkpoint","Baseball","Rubik's Cube","0","0.0"
"24","BPTT checkpoint","Baseball","Stuffed Ball","1","5.0"
"24","BPTT checkpoint","Baseball","3D-Printed Part","0","0.0"
"24","BPTT checkpoint","Bottle","Baseball","0","0.0"
"24","BPTT checkpoint","Bottle","Bottle","20","100.0"
"24","BPTT checkpoint","Bottle","Sponge Dice","0","0.0"
"24","BPTT checkpoint","Bottle","Tape","0","0.0"
"24","BPTT checkpoint","Bottle","Plush Toy","0","0.0"
"24","BPTT checkpoint","Bottle","Optical Mouse","0","0.0"
"24","BPTT checkpoint","Bottle","Smartphone","0","0.0"
"24","BPTT checkpoint","Bottle","Rubik's Cube","0","0.0"
"24","BPTT checkpoint","Bottle","Stuffed Ball","0","0.0"
"24","BPTT checkpoint","Bottle","3D-Printed Part","0","0.0"
"24","BPTT checkpoint","Sponge Dice","Baseball","0","0.0"
"24","BPTT checkpoint","Sponge Dice","Bottle","0","0.0"
"24","BPTT checkpoint","Sponge Dice","Sponge Dice","17","85.0"
"24","BPTT checkpoint","Sponge Dice","Tape","0","0.0"
"24","BPTT checkpoint","Sponge Dice","Plush Toy","0","0.0"
"24","BPTT checkpoint","Sponge Dice","Optical Mouse","0","0.0"
"24","BPTT checkpoint","Sponge Dice","Smartphone","0","0.0"
"24","BPTT checkpoint","Sponge Dice","Rubik's Cube","2","10.0"
"24","BPTT checkpoint","Sponge Dice","Stuffed Ball","0","0.0"
"24","BPTT checkpoint","Sponge Dice","3D-Printed Part","1","5.0"
"24","BPTT checkpoint","Tape","Baseball","4","20.0"
"24","BPTT checkpoint","Tape","Bottle","0","0.0"
"24","BPTT checkpoint","Tape","Sponge Dice","0","0.0"
"24","BPTT checkpoint","Tape","Tape","15","75.0"
"24","BPTT checkpoint","Tape","Plush Toy","0","0.0"
"24","BPTT checkpoint","Tape","Optical Mouse","0","0.0"
"24","BPTT checkpoint","Tape","Smartphone","0","0.0"
"24","BPTT checkpoint","Tape","Rubik's Cube","0","0.0"
"24","BPTT checkpoint","Tape","Stuffed Ball","1","5.0"
"24","BPTT checkpoint","Tape","3D-Printed Part","0","0.0"
"24","BPTT checkpoint","Plush Toy","Baseball","0","0.0"
"24","BPTT checkpoint","Plush Toy","Bottle","0","0.0"
"24","BPTT checkpoint","Plush Toy","Sponge Dice","0","0.0"
"24","BPTT checkpoint","Plush Toy","Tape","0","0.0"
"24","BPTT checkpoint","Plush Toy","Plush Toy","17","85.0"
"24","BPTT checkpoint","Plush Toy","Optical Mouse","3","15.0"
"24","BPTT checkpoint","Plush Toy","Smartphone","0","0.0"
"24","BPTT checkpoint","Plush Toy","Rubik's Cube","0","0.0"
"24","BPTT checkpoint","Plush Toy","Stuffed Ball","0","0.0"
"24","BPTT checkpoint","Plush Toy","3D-Printed Part","0","0.0"
"24","BPTT checkpoint","Optical Mouse","Baseball","0","0.0"
"24","BPTT checkpoint","Optical Mouse","Bottle","0","0.0"
"24","BPTT checkpoint","Optical Mouse","Sponge Dice","0","0.0"
"24","BPTT checkpoint","Optical Mouse","Tape","0","0.0"
"24","BPTT checkpoint","Optical Mouse","Plush Toy","2","10.0"
"24","BPTT checkpoint","Optical Mouse","Optical Mouse","18","90.0"
"24","BPTT checkpoint","Optical Mouse","Smartphone","0","0.0"
"24","BPTT checkpoint","Optical Mouse","Rubik's Cube","0","0.0"
"24","BPTT checkpoint","Optical Mouse","Stuffed Ball","0","0.0"
"24","BPTT checkpoint","Optical Mouse","3D-Printed Part","0","0.0"
"24","BPTT checkpoint","Smartphone","Baseball","0","0.0"
"24","BPTT checkpoint","Smartphone","Bottle","0","0.0"
"24","BPTT checkpoint","Smartphone","Sponge Dice","0","0.0"
"24","BPTT checkpoint","Smartphone","Tape","0","0.0"
"24","BPTT checkpoint","Smartphone","Plush Toy","0","0.0"
"24","BPTT checkpoint","Smartphone","Optical Mouse","0","0.0"
"24","BPTT checkpoint","Smartphone","Smartphone","20","100.0"
"24","BPTT checkpoint","Smartphone","Rubik's Cube","0","0.0"
"24","BPTT checkpoint","Smartphone","Stuffed Ball","0","0.0"
"24","BPTT checkpoint","Smartphone","3D-Printed Part","0","0.0"
"24","BPTT checkpoint","Rubik's Cube","Baseball","0","0.0"
"24","BPTT checkpoint","Rubik's Cube","Bottle","0","0.0"
"24","BPTT checkpoint","Rubik's Cube","Sponge Dice","0","0.0"
"24","BPTT checkpoint","Rubik's Cube","Tape","0","0.0"
"24","BPTT checkpoint","Rubik's Cube","Plush Toy","0","0.0"
"24","BPTT checkpoint","Rubik's Cube","Optical Mouse","0","0.0"
"24","BPTT checkpoint","Rubik's Cube","Smartphone","1","5.0"
"24","BPTT checkpoint","Rubik's Cube","Rubik's Cube","19","95.0"
"24","BPTT checkpoint","Rubik's Cube","Stuffed Ball","0","0.0"
"24","BPTT checkpoint","Rubik's Cube","3D-Printed Part","0","0.0"
"24","BPTT checkpoint","Stuffed Ball","Baseball","11","55.00000000000001"
"24","BPTT checkpoint","Stuffed Ball","Bottle","0","0.0"
"24","BPTT checkpoint","Stuffed Ball","Sponge Dice","0","0.0"
"24","BPTT checkpoint","Stuffed Ball","Tape","0","0.0"
"24","BPTT checkpoint","Stuffed Ball","Plush Toy","0","0.0"
"24","BPTT checkpoint","Stuffed Ball","Optical Mouse","0","0.0"
"24","BPTT checkpoint","Stuffed Ball","Smartphone","0","0.0"
"24","BPTT checkpoint","Stuffed Ball","Rubik's Cube","0","0.0"
"24","BPTT checkpoint","Stuffed Ball","Stuffed Ball","9","45.0"
"24","BPTT checkpoint","Stuffed Ball","3D-Printed Part","0","0.0"
"24","BPTT checkpoint","3D-Printed Part","Baseball","0","0.0"
"24","BPTT checkpoint","3D-Printed Part","Bottle","0","0.0"
"24","BPTT checkpoint","3D-Printed Part","Sponge Dice","0","0.0"
"24","BPTT checkpoint","3D-Printed Part","Tape","0","0.0"
"24","BPTT checkpoint","3D-Printed Part","Plush Toy","0","0.0"
"24","BPTT checkpoint","3D-Printed Part","Optical Mouse","0","0.0"
"24","BPTT checkpoint","3D-Printed Part","Smartphone","0","0.0"
"24","BPTT checkpoint","3D-Printed Part","Rubik's Cube","0","0.0"
"24","BPTT checkpoint","3D-Printed Part","Stuffed Ball","0","0.0"
"24","BPTT checkpoint","3D-Printed Part","3D-Printed Part","20","100.0"
"25","BPTT checkpoint","Baseball","Baseball","15","75.0"
"25","BPTT checkpoint","Baseball","Bottle","0","0.0"
"25","BPTT checkpoint","Baseball","Sponge Dice","0","0.0"
"25","BPTT checkpoint","Baseball","Tape","4","20.0"
"25","BPTT checkpoint","Baseball","Plush Toy","0","0.0"
"25","BPTT checkpoint","Baseball","Optical Mouse","0","0.0"
"25","BPTT checkpoint","Baseball","Smartphone","0","0.0"
"25","BPTT checkpoint","Baseball","Rubik's Cube","0","0.0"
"25","BPTT checkpoint","Baseball","Stuffed Ball","1","5.0"
"25","BPTT checkpoint","Baseball","3D-Printed Part","0","0.0"
"25","BPTT checkpoint","Bottle","Baseball","0","0.0"
"25","BPTT checkpoint","Bottle","Bottle","20","100.0"
"25","BPTT checkpoint","Bottle","Sponge Dice","0","0.0"
"25","BPTT checkpoint","Bottle","Tape","0","0.0"
"25","BPTT checkpoint","Bottle","Plush Toy","0","0.0"
"25","BPTT checkpoint","Bottle","Optical Mouse","0","0.0"
"25","BPTT checkpoint","Bottle","Smartphone","0","0.0"
"25","BPTT checkpoint","Bottle","Rubik's Cube","0","0.0"
"25","BPTT checkpoint","Bottle","Stuffed Ball","0","0.0"
"25","BPTT checkpoint","Bottle","3D-Printed Part","0","0.0"
"25","BPTT checkpoint","Sponge Dice","Baseball","0","0.0"
"25","BPTT checkpoint","Sponge Dice","Bottle","0","0.0"
"25","BPTT checkpoint","Sponge Dice","Sponge Dice","19","95.0"
"25","BPTT checkpoint","Sponge Dice","Tape","0","0.0"
"25","BPTT checkpoint","Sponge Dice","Plush Toy","0","0.0"
"25","BPTT checkpoint","Sponge Dice","Optical Mouse","0","0.0"
"25","BPTT checkpoint","Sponge Dice","Smartphone","0","0.0"
"25","BPTT checkpoint","Sponge Dice","Rubik's Cube","0","0.0"
"25","BPTT checkpoint","Sponge Dice","Stuffed Ball","0","0.0"
"25","BPTT checkpoint","Sponge Dice","3D-Printed Part","1","5.0"
"25","BPTT checkpoint","Tape","Baseball","3","15.0"
"25","BPTT checkpoint","Tape","Bottle","0","0.0"
"25","BPTT checkpoint","Tape","Sponge Dice","0","0.0"
"25","BPTT checkpoint","Tape","Tape","15","75.0"
"25","BPTT checkpoint","Tape","Plush Toy","0","0.0"
"25","BPTT checkpoint","Tape","Optical Mouse","0","0.0"
"25","BPTT checkpoint","Tape","Smartphone","0","0.0"
"25","BPTT checkpoint","Tape","Rubik's Cube","0","0.0"
"25","BPTT checkpoint","Tape","Stuffed Ball","2","10.0"
"25","BPTT checkpoint","Tape","3D-Printed Part","0","0.0"
"25","BPTT checkpoint","Plush Toy","Baseball","0","0.0"
"25","BPTT checkpoint","Plush Toy","Bottle","0","0.0"
"25","BPTT checkpoint","Plush Toy","Sponge Dice","0","0.0"
"25","BPTT checkpoint","Plush Toy","Tape","0","0.0"
"25","BPTT checkpoint","Plush Toy","Plush Toy","16","80.0"
"25","BPTT checkpoint","Plush Toy","Optical Mouse","4","20.0"
"25","BPTT checkpoint","Plush Toy","Smartphone","0","0.0"
"25","BPTT checkpoint","Plush Toy","Rubik's Cube","0","0.0"
"25","BPTT checkpoint","Plush Toy","Stuffed Ball","0","0.0"
"25","BPTT checkpoint","Plush Toy","3D-Printed Part","0","0.0"
"25","BPTT checkpoint","Optical Mouse","Baseball","0","0.0"
"25","BPTT checkpoint","Optical Mouse","Bottle","0","0.0"
"25","BPTT checkpoint","Optical Mouse","Sponge Dice","0","0.0"
"25","BPTT checkpoint","Optical Mouse","Tape","0","0.0"
"25","BPTT checkpoint","Optical Mouse","Plush Toy","2","10.0"
"25","BPTT checkpoint","Optical Mouse","Optical Mouse","18","90.0"
"25","BPTT checkpoint","Optical Mouse","Smartphone","0","0.0"
"25","BPTT checkpoint","Optical Mouse","Rubik's Cube","0","0.0"
"25","BPTT checkpoint","Optical Mouse","Stuffed Ball","0","0.0"
"25","BPTT checkpoint","Optical Mouse","3D-Printed Part","0","0.0"
"25","BPTT checkpoint","Smartphone","Baseball","0","0.0"
"25","BPTT checkpoint","Smartphone","Bottle","0","0.0"
"25","BPTT checkpoint","Smartphone","Sponge Dice","0","0.0"
"25","BPTT checkpoint","Smartphone","Tape","0","0.0"
"25","BPTT checkpoint","Smartphone","Plush Toy","0","0.0"
"25","BPTT checkpoint","Smartphone","Optical Mouse","0","0.0"
"25","BPTT checkpoint","Smartphone","Smartphone","20","100.0"
"25","BPTT checkpoint","Smartphone","Rubik's Cube","0","0.0"
"25","BPTT checkpoint","Smartphone","Stuffed Ball","0","0.0"
"25","BPTT checkpoint","Smartphone","3D-Printed Part","0","0.0"
"25","BPTT checkpoint","Rubik's Cube","Baseball","0","0.0"
"25","BPTT checkpoint","Rubik's Cube","Bottle","0","0.0"
"25","BPTT checkpoint","Rubik's Cube","Sponge Dice","1","5.0"
"25","BPTT checkpoint","Rubik's Cube","Tape","0","0.0"
"25","BPTT checkpoint","Rubik's Cube","Plush Toy","0","0.0"
"25","BPTT checkpoint","Rubik's Cube","Optical Mouse","0","0.0"
"25","BPTT checkpoint","Rubik's Cube","Smartphone","0","0.0"
"25","BPTT checkpoint","Rubik's Cube","Rubik's Cube","19","95.0"
"25","BPTT checkpoint","Rubik's Cube","Stuffed Ball","0","0.0"
"25","BPTT checkpoint","Rubik's Cube","3D-Printed Part","0","0.0"
"25","BPTT checkpoint","Stuffed Ball","Baseball","6","30.0"
"25","BPTT checkpoint","Stuffed Ball","Bottle","0","0.0"
"25","BPTT checkpoint","Stuffed Ball","Sponge Dice","0","0.0"
"25","BPTT checkpoint","Stuffed Ball","Tape","0","0.0"
"25","BPTT checkpoint","Stuffed Ball","Plush Toy","0","0.0"
"25","BPTT checkpoint","Stuffed Ball","Optical Mouse","0","0.0"
"25","BPTT checkpoint","Stuffed Ball","Smartphone","0","0.0"
"25","BPTT checkpoint","Stuffed Ball","Rubik's Cube","0","0.0"
"25","BPTT checkpoint","Stuffed Ball","Stuffed Ball","14","70.0"
"25","BPTT checkpoint","Stuffed Ball","3D-Printed Part","0","0.0"
"25","BPTT checkpoint","3D-Printed Part","Baseball","0","0.0"
"25","BPTT checkpoint","3D-Printed Part","Bottle","0","0.0"
"25","BPTT checkpoint","3D-Printed Part","Sponge Dice","0","0.0"
"25","BPTT checkpoint","3D-Printed Part","Tape","0","0.0"
"25","BPTT checkpoint","3D-Printed Part","Plush Toy","0","0.0"
"25","BPTT checkpoint","3D-Printed Part","Optical Mouse","0","0.0"
"25","BPTT checkpoint","3D-Printed Part","Smartphone","0","0.0"
"25","BPTT checkpoint","3D-Printed Part","Rubik's Cube","0","0.0"
"25","BPTT checkpoint","3D-Printed Part","Stuffed Ball","0","0.0"
"25","BPTT checkpoint","3D-Printed Part","3D-Printed Part","20","100.0"
"26","BPTT checkpoint","Baseball","Baseball","10","50.0"
"26","BPTT checkpoint","Baseball","Bottle","0","0.0"
"26","BPTT checkpoint","Baseball","Sponge Dice","0","0.0"
"26","BPTT checkpoint","Baseball","Tape","5","25.0"
"26","BPTT checkpoint","Baseball","Plush Toy","0","0.0"
"26","BPTT checkpoint","Baseball","Optical Mouse","0","0.0"
"26","BPTT checkpoint","Baseball","Smartphone","0","0.0"
"26","BPTT checkpoint","Baseball","Rubik's Cube","0","0.0"
"26","BPTT checkpoint","Baseball","Stuffed Ball","5","25.0"
"26","BPTT checkpoint","Baseball","3D-Printed Part","0","0.0"
"26","BPTT checkpoint","Bottle","Baseball","0","0.0"
"26","BPTT checkpoint","Bottle","Bottle","20","100.0"
"26","BPTT checkpoint","Bottle","Sponge Dice","0","0.0"
"26","BPTT checkpoint","Bottle","Tape","0","0.0"
"26","BPTT checkpoint","Bottle","Plush Toy","0","0.0"
"26","BPTT checkpoint","Bottle","Optical Mouse","0","0.0"
"26","BPTT checkpoint","Bottle","Smartphone","0","0.0"
"26","BPTT checkpoint","Bottle","Rubik's Cube","0","0.0"
"26","BPTT checkpoint","Bottle","Stuffed Ball","0","0.0"
"26","BPTT checkpoint","Bottle","3D-Printed Part","0","0.0"
"26","BPTT checkpoint","Sponge Dice","Baseball","0","0.0"
"26","BPTT checkpoint","Sponge Dice","Bottle","0","0.0"
"26","BPTT checkpoint","Sponge Dice","Sponge Dice","19","95.0"
"26","BPTT checkpoint","Sponge Dice","Tape","0","0.0"
"26","BPTT checkpoint","Sponge Dice","Plush Toy","0","0.0"
"26","BPTT checkpoint","Sponge Dice","Optical Mouse","0","0.0"
"26","BPTT checkpoint","Sponge Dice","Smartphone","0","0.0"
"26","BPTT checkpoint","Sponge Dice","Rubik's Cube","0","0.0"
"26","BPTT checkpoint","Sponge Dice","Stuffed Ball","0","0.0"
"26","BPTT checkpoint","Sponge Dice","3D-Printed Part","1","5.0"
"26","BPTT checkpoint","Tape","Baseball","3","15.0"
"26","BPTT checkpoint","Tape","Bottle","0","0.0"
"26","BPTT checkpoint","Tape","Sponge Dice","0","0.0"
"26","BPTT checkpoint","Tape","Tape","16","80.0"
"26","BPTT checkpoint","Tape","Plush Toy","0","0.0"
"26","BPTT checkpoint","Tape","Optical Mouse","0","0.0"
"26","BPTT checkpoint","Tape","Smartphone","0","0.0"
"26","BPTT checkpoint","Tape","Rubik's Cube","0","0.0"
"26","BPTT checkpoint","Tape","Stuffed Ball","1","5.0"
"26","BPTT checkpoint","Tape","3D-Printed Part","0","0.0"
"26","BPTT checkpoint","Plush Toy","Baseball","0","0.0"
"26","BPTT checkpoint","Plush Toy","Bottle","0","0.0"
"26","BPTT checkpoint","Plush Toy","Sponge Dice","0","0.0"
"26","BPTT checkpoint","Plush Toy","Tape","0","0.0"
"26","BPTT checkpoint","Plush Toy","Plush Toy","20","100.0"
"26","BPTT checkpoint","Plush Toy","Optical Mouse","0","0.0"
"26","BPTT checkpoint","Plush Toy","Smartphone","0","0.0"
"26","BPTT checkpoint","Plush Toy","Rubik's Cube","0","0.0"
"26","BPTT checkpoint","Plush Toy","Stuffed Ball","0","0.0"
"26","BPTT checkpoint","Plush Toy","3D-Printed Part","0","0.0"
"26","BPTT checkpoint","Optical Mouse","Baseball","0","0.0"
"26","BPTT checkpoint","Optical Mouse","Bottle","0","0.0"
"26","BPTT checkpoint","Optical Mouse","Sponge Dice","0","0.0"
"26","BPTT checkpoint","Optical Mouse","Tape","0","0.0"
"26","BPTT checkpoint","Optical Mouse","Plush Toy","3","15.0"
"26","BPTT checkpoint","Optical Mouse","Optical Mouse","17","85.0"
"26","BPTT checkpoint","Optical Mouse","Smartphone","0","0.0"
"26","BPTT checkpoint","Optical Mouse","Rubik's Cube","0","0.0"
"26","BPTT checkpoint","Optical Mouse","Stuffed Ball","0","0.0"
"26","BPTT checkpoint","Optical Mouse","3D-Printed Part","0","0.0"
"26","BPTT checkpoint","Smartphone","Baseball","0","0.0"
"26","BPTT checkpoint","Smartphone","Bottle","0","0.0"
"26","BPTT checkpoint","Smartphone","Sponge Dice","0","0.0"
"26","BPTT checkpoint","Smartphone","Tape","0","0.0"
"26","BPTT checkpoint","Smartphone","Plush Toy","0","0.0"
"26","BPTT checkpoint","Smartphone","Optical Mouse","0","0.0"
"26","BPTT checkpoint","Smartphone","Smartphone","20","100.0"
"26","BPTT checkpoint","Smartphone","Rubik's Cube","0","0.0"
"26","BPTT checkpoint","Smartphone","Stuffed Ball","0","0.0"
"26","BPTT checkpoint","Smartphone","3D-Printed Part","0","0.0"
"26","BPTT checkpoint","Rubik's Cube","Baseball","0","0.0"
"26","BPTT checkpoint","Rubik's Cube","Bottle","0","0.0"
"26","BPTT checkpoint","Rubik's Cube","Sponge Dice","0","0.0"
"26","BPTT checkpoint","Rubik's Cube","Tape","0","0.0"
"26","BPTT checkpoint","Rubik's Cube","Plush Toy","0","0.0"
"26","BPTT checkpoint","Rubik's Cube","Optical Mouse","0","0.0"
"26","BPTT checkpoint","Rubik's Cube","Smartphone","1","5.0"
"26","BPTT checkpoint","Rubik's Cube","Rubik's Cube","19","95.0"
"26","BPTT checkpoint","Rubik's Cube","Stuffed Ball","0","0.0"
"26","BPTT checkpoint","Rubik's Cube","3D-Printed Part","0","0.0"
"26","BPTT checkpoint","Stuffed Ball","Baseball","12","60.0"
"26","BPTT checkpoint","Stuffed Ball","Bottle","0","0.0"
"26","BPTT checkpoint","Stuffed Ball","Sponge Dice","0","0.0"
"26","BPTT checkpoint","Stuffed Ball","Tape","0","0.0"
"26","BPTT checkpoint","Stuffed Ball","Plush Toy","0","0.0"
"26","BPTT checkpoint","Stuffed Ball","Optical Mouse","0","0.0"
"26","BPTT checkpoint","Stuffed Ball","Smartphone","0","0.0"
"26","BPTT checkpoint","Stuffed Ball","Rubik's Cube","0","0.0"
"26","BPTT checkpoint","Stuffed Ball","Stuffed Ball","8","40.0"
"26","BPTT checkpoint","Stuffed Ball","3D-Printed Part","0","0.0"
"26","BPTT checkpoint","3D-Printed Part","Baseball","0","0.0"
"26","BPTT checkpoint","3D-Printed Part","Bottle","0","0.0"
"26","BPTT checkpoint","3D-Printed Part","Sponge Dice","0","0.0"
"26","BPTT checkpoint","3D-Printed Part","Tape","0","0.0"
"26","BPTT checkpoint","3D-Printed Part","Plush Toy","0","0.0"
"26","BPTT checkpoint","3D-Printed Part","Optical Mouse","0","0.0"
"26","BPTT checkpoint","3D-Printed Part","Smartphone","0","0.0"
"26","BPTT checkpoint","3D-Printed Part","Rubik's Cube","0","0.0"
"26","BPTT checkpoint","3D-Printed Part","Stuffed Ball","0","0.0"
"26","BPTT checkpoint","3D-Printed Part","3D-Printed Part","20","100.0"
"27","BPTT checkpoint","Baseball","Baseball","15","75.0"
"27","BPTT checkpoint","Baseball","Bottle","0","0.0"
"27","BPTT checkpoint","Baseball","Sponge Dice","0","0.0"
"27","BPTT checkpoint","Baseball","Tape","4","20.0"
"27","BPTT checkpoint","Baseball","Plush Toy","0","0.0"
"27","BPTT checkpoint","Baseball","Optical Mouse","0","0.0"
"27","BPTT checkpoint","Baseball","Smartphone","0","0.0"
"27","BPTT checkpoint","Baseball","Rubik's Cube","0","0.0"
"27","BPTT checkpoint","Baseball","Stuffed Ball","1","5.0"
"27","BPTT checkpoint","Baseball","3D-Printed Part","0","0.0"
"27","BPTT checkpoint","Bottle","Baseball","0","0.0"
"27","BPTT checkpoint","Bottle","Bottle","20","100.0"
"27","BPTT checkpoint","Bottle","Sponge Dice","0","0.0"
"27","BPTT checkpoint","Bottle","Tape","0","0.0"
"27","BPTT checkpoint","Bottle","Plush Toy","0","0.0"
"27","BPTT checkpoint","Bottle","Optical Mouse","0","0.0"
"27","BPTT checkpoint","Bottle","Smartphone","0","0.0"
"27","BPTT checkpoint","Bottle","Rubik's Cube","0","0.0"
"27","BPTT checkpoint","Bottle","Stuffed Ball","0","0.0"
"27","BPTT checkpoint","Bottle","3D-Printed Part","0","0.0"
"27","BPTT checkpoint","Sponge Dice","Baseball","0","0.0"
"27","BPTT checkpoint","Sponge Dice","Bottle","0","0.0"
"27","BPTT checkpoint","Sponge Dice","Sponge Dice","17","85.0"
"27","BPTT checkpoint","Sponge Dice","Tape","0","0.0"
"27","BPTT checkpoint","Sponge Dice","Plush Toy","0","0.0"
"27","BPTT checkpoint","Sponge Dice","Optical Mouse","0","0.0"
"27","BPTT checkpoint","Sponge Dice","Smartphone","0","0.0"
"27","BPTT checkpoint","Sponge Dice","Rubik's Cube","2","10.0"
"27","BPTT checkpoint","Sponge Dice","Stuffed Ball","0","0.0"
"27","BPTT checkpoint","Sponge Dice","3D-Printed Part","1","5.0"
"27","BPTT checkpoint","Tape","Baseball","4","20.0"
"27","BPTT checkpoint","Tape","Bottle","0","0.0"
"27","BPTT checkpoint","Tape","Sponge Dice","0","0.0"
"27","BPTT checkpoint","Tape","Tape","13","65.0"
"27","BPTT checkpoint","Tape","Plush Toy","0","0.0"
"27","BPTT checkpoint","Tape","Optical Mouse","0","0.0"
"27","BPTT checkpoint","Tape","Smartphone","0","0.0"
"27","BPTT checkpoint","Tape","Rubik's Cube","0","0.0"
"27","BPTT checkpoint","Tape","Stuffed Ball","3","15.0"
"27","BPTT checkpoint","Tape","3D-Printed Part","0","0.0"
"27","BPTT checkpoint","Plush Toy","Baseball","0","0.0"
"27","BPTT checkpoint","Plush Toy","Bottle","0","0.0"
"27","BPTT checkpoint","Plush Toy","Sponge Dice","0","0.0"
"27","BPTT checkpoint","Plush Toy","Tape","0","0.0"
"27","BPTT checkpoint","Plush Toy","Plush Toy","20","100.0"
"27","BPTT checkpoint","Plush Toy","Optical Mouse","0","0.0"
"27","BPTT checkpoint","Plush Toy","Smartphone","0","0.0"
"27","BPTT checkpoint","Plush Toy","Rubik's Cube","0","0.0"
"27","BPTT checkpoint","Plush Toy","Stuffed Ball","0","0.0"
"27","BPTT checkpoint","Plush Toy","3D-Printed Part","0","0.0"
"27","BPTT checkpoint","Optical Mouse","Baseball","0","0.0"
"27","BPTT checkpoint","Optical Mouse","Bottle","0","0.0"
"27","BPTT checkpoint","Optical Mouse","Sponge Dice","0","0.0"
"27","BPTT checkpoint","Optical Mouse","Tape","0","0.0"
"27","BPTT checkpoint","Optical Mouse","Plush Toy","2","10.0"
"27","BPTT checkpoint","Optical Mouse","Optical Mouse","18","90.0"
"27","BPTT checkpoint","Optical Mouse","Smartphone","0","0.0"
"27","BPTT checkpoint","Optical Mouse","Rubik's Cube","0","0.0"
"27","BPTT checkpoint","Optical Mouse","Stuffed Ball","0","0.0"
"27","BPTT checkpoint","Optical Mouse","3D-Printed Part","0","0.0"
"27","BPTT checkpoint","Smartphone","Baseball","0","0.0"
"27","BPTT checkpoint","Smartphone","Bottle","0","0.0"
"27","BPTT checkpoint","Smartphone","Sponge Dice","0","0.0"
"27","BPTT checkpoint","Smartphone","Tape","0","0.0"
"27","BPTT checkpoint","Smartphone","Plush Toy","0","0.0"
"27","BPTT checkpoint","Smartphone","Optical Mouse","0","0.0"
"27","BPTT checkpoint","Smartphone","Smartphone","20","100.0"
"27","BPTT checkpoint","Smartphone","Rubik's Cube","0","0.0"
"27","BPTT checkpoint","Smartphone","Stuffed Ball","0","0.0"
"27","BPTT checkpoint","Smartphone","3D-Printed Part","0","0.0"
"27","BPTT checkpoint","Rubik's Cube","Baseball","0","0.0"
"27","BPTT checkpoint","Rubik's Cube","Bottle","0","0.0"
"27","BPTT checkpoint","Rubik's Cube","Sponge Dice","0","0.0"
"27","BPTT checkpoint","Rubik's Cube","Tape","0","0.0"
"27","BPTT checkpoint","Rubik's Cube","Plush Toy","0","0.0"
"27","BPTT checkpoint","Rubik's Cube","Optical Mouse","0","0.0"
"27","BPTT checkpoint","Rubik's Cube","Smartphone","1","5.0"
"27","BPTT checkpoint","Rubik's Cube","Rubik's Cube","19","95.0"
"27","BPTT checkpoint","Rubik's Cube","Stuffed Ball","0","0.0"
"27","BPTT checkpoint","Rubik's Cube","3D-Printed Part","0","0.0"
"27","BPTT checkpoint","Stuffed Ball","Baseball","3","15.0"
"27","BPTT checkpoint","Stuffed Ball","Bottle","0","0.0"
"27","BPTT checkpoint","Stuffed Ball","Sponge Dice","0","0.0"
"27","BPTT checkpoint","Stuffed Ball","Tape","0","0.0"
"27","BPTT checkpoint","Stuffed Ball","Plush Toy","0","0.0"
"27","BPTT checkpoint","Stuffed Ball","Optical Mouse","0","0.0"
"27","BPTT checkpoint","Stuffed Ball","Smartphone","0","0.0"
"27","BPTT checkpoint","Stuffed Ball","Rubik's Cube","0","0.0"
"27","BPTT checkpoint","Stuffed Ball","Stuffed Ball","17","85.0"
"27","BPTT checkpoint","Stuffed Ball","3D-Printed Part","0","0.0"
"27","BPTT checkpoint","3D-Printed Part","Baseball","0","0.0"
"27","BPTT checkpoint","3D-Printed Part","Bottle","0","0.0"
"27","BPTT checkpoint","3D-Printed Part","Sponge Dice","0","0.0"
"27","BPTT checkpoint","3D-Printed Part","Tape","0","0.0"
"27","BPTT checkpoint","3D-Printed Part","Plush Toy","0","0.0"
"27","BPTT checkpoint","3D-Printed Part","Optical Mouse","0","0.0"
"27","BPTT checkpoint","3D-Printed Part","Smartphone","0","0.0"
"27","BPTT checkpoint","3D-Printed Part","Rubik's Cube","0","0.0"
"27","BPTT checkpoint","3D-Printed Part","Stuffed Ball","0","0.0"
"27","BPTT checkpoint","3D-Printed Part","3D-Printed Part","20","100.0"
"28","BPTT checkpoint","Baseball","Baseball","15","75.0"
"28","BPTT checkpoint","Baseball","Bottle","0","0.0"
"28","BPTT checkpoint","Baseball","Sponge Dice","0","0.0"
"28","BPTT checkpoint","Baseball","Tape","4","20.0"
"28","BPTT checkpoint","Baseball","Plush Toy","0","0.0"
"28","BPTT checkpoint","Baseball","Optical Mouse","0","0.0"
"28","BPTT checkpoint","Baseball","Smartphone","0","0.0"
"28","BPTT checkpoint","Baseball","Rubik's Cube","0","0.0"
"28","BPTT checkpoint","Baseball","Stuffed Ball","1","5.0"
"28","BPTT checkpoint","Baseball","3D-Printed Part","0","0.0"
"28","BPTT checkpoint","Bottle","Baseball","0","0.0"
"28","BPTT checkpoint","Bottle","Bottle","19","95.0"
"28","BPTT checkpoint","Bottle","Sponge Dice","0","0.0"
"28","BPTT checkpoint","Bottle","Tape","0","0.0"
"28","BPTT checkpoint","Bottle","Plush Toy","0","0.0"
"28","BPTT checkpoint","Bottle","Optical Mouse","0","0.0"
"28","BPTT checkpoint","Bottle","Smartphone","1","5.0"
"28","BPTT checkpoint","Bottle","Rubik's Cube","0","0.0"
"28","BPTT checkpoint","Bottle","Stuffed Ball","0","0.0"
"28","BPTT checkpoint","Bottle","3D-Printed Part","0","0.0"
"28","BPTT checkpoint","Sponge Dice","Baseball","0","0.0"
"28","BPTT checkpoint","Sponge Dice","Bottle","0","0.0"
"28","BPTT checkpoint","Sponge Dice","Sponge Dice","19","95.0"
"28","BPTT checkpoint","Sponge Dice","Tape","0","0.0"
"28","BPTT checkpoint","Sponge Dice","Plush Toy","0","0.0"
"28","BPTT checkpoint","Sponge Dice","Optical Mouse","0","0.0"
"28","BPTT checkpoint","Sponge Dice","Smartphone","0","0.0"
"28","BPTT checkpoint","Sponge Dice","Rubik's Cube","0","0.0"
"28","BPTT checkpoint","Sponge Dice","Stuffed Ball","0","0.0"
"28","BPTT checkpoint","Sponge Dice","3D-Printed Part","1","5.0"
"28","BPTT checkpoint","Tape","Baseball","5","25.0"
"28","BPTT checkpoint","Tape","Bottle","0","0.0"
"28","BPTT checkpoint","Tape","Sponge Dice","0","0.0"
"28","BPTT checkpoint","Tape","Tape","13","65.0"
"28","BPTT checkpoint","Tape","Plush Toy","0","0.0"
"28","BPTT checkpoint","Tape","Optical Mouse","0","0.0"
"28","BPTT checkpoint","Tape","Smartphone","0","0.0"
"28","BPTT checkpoint","Tape","Rubik's Cube","0","0.0"
"28","BPTT checkpoint","Tape","Stuffed Ball","2","10.0"
"28","BPTT checkpoint","Tape","3D-Printed Part","0","0.0"
"28","BPTT checkpoint","Plush Toy","Baseball","0","0.0"
"28","BPTT checkpoint","Plush Toy","Bottle","0","0.0"
"28","BPTT checkpoint","Plush Toy","Sponge Dice","0","0.0"
"28","BPTT checkpoint","Plush Toy","Tape","0","0.0"
"28","BPTT checkpoint","Plush Toy","Plush Toy","20","100.0"
"28","BPTT checkpoint","Plush Toy","Optical Mouse","0","0.0"
"28","BPTT checkpoint","Plush Toy","Smartphone","0","0.0"
"28","BPTT checkpoint","Plush Toy","Rubik's Cube","0","0.0"
"28","BPTT checkpoint","Plush Toy","Stuffed Ball","0","0.0"
"28","BPTT checkpoint","Plush Toy","3D-Printed Part","0","0.0"
"28","BPTT checkpoint","Optical Mouse","Baseball","0","0.0"
"28","BPTT checkpoint","Optical Mouse","Bottle","0","0.0"
"28","BPTT checkpoint","Optical Mouse","Sponge Dice","0","0.0"
"28","BPTT checkpoint","Optical Mouse","Tape","0","0.0"
"28","BPTT checkpoint","Optical Mouse","Plush Toy","3","15.0"
"28","BPTT checkpoint","Optical Mouse","Optical Mouse","17","85.0"
"28","BPTT checkpoint","Optical Mouse","Smartphone","0","0.0"
"28","BPTT checkpoint","Optical Mouse","Rubik's Cube","0","0.0"
"28","BPTT checkpoint","Optical Mouse","Stuffed Ball","0","0.0"
"28","BPTT checkpoint","Optical Mouse","3D-Printed Part","0","0.0"
"28","BPTT checkpoint","Smartphone","Baseball","0","0.0"
"28","BPTT checkpoint","Smartphone","Bottle","0","0.0"
"28","BPTT checkpoint","Smartphone","Sponge Dice","0","0.0"
"28","BPTT checkpoint","Smartphone","Tape","0","0.0"
"28","BPTT checkpoint","Smartphone","Plush Toy","0","0.0"
"28","BPTT checkpoint","Smartphone","Optical Mouse","0","0.0"
"28","BPTT checkpoint","Smartphone","Smartphone","20","100.0"
"28","BPTT checkpoint","Smartphone","Rubik's Cube","0","0.0"
"28","BPTT checkpoint","Smartphone","Stuffed Ball","0","0.0"
"28","BPTT checkpoint","Smartphone","3D-Printed Part","0","0.0"
"28","BPTT checkpoint","Rubik's Cube","Baseball","0","0.0"
"28","BPTT checkpoint","Rubik's Cube","Bottle","0","0.0"
"28","BPTT checkpoint","Rubik's Cube","Sponge Dice","0","0.0"
"28","BPTT checkpoint","Rubik's Cube","Tape","0","0.0"
"28","BPTT checkpoint","Rubik's Cube","Plush Toy","1","5.0"
"28","BPTT checkpoint","Rubik's Cube","Optical Mouse","0","0.0"
"28","BPTT checkpoint","Rubik's Cube","Smartphone","0","0.0"
"28","BPTT checkpoint","Rubik's Cube","Rubik's Cube","19","95.0"
"28","BPTT checkpoint","Rubik's Cube","Stuffed Ball","0","0.0"
"28","BPTT checkpoint","Rubik's Cube","3D-Printed Part","0","0.0"
"28","BPTT checkpoint","Stuffed Ball","Baseball","8","40.0"
"28","BPTT checkpoint","Stuffed Ball","Bottle","0","0.0"
"28","BPTT checkpoint","Stuffed Ball","Sponge Dice","0","0.0"
"28","BPTT checkpoint","Stuffed Ball","Tape","0","0.0"
"28","BPTT checkpoint","Stuffed Ball","Plush Toy","0","0.0"
"28","BPTT checkpoint","Stuffed Ball","Optical Mouse","0","0.0"
"28","BPTT checkpoint","Stuffed Ball","Smartphone","0","0.0"
"28","BPTT checkpoint","Stuffed Ball","Rubik's Cube","0","0.0"
"28","BPTT checkpoint","Stuffed Ball","Stuffed Ball","12","60.0"
"28","BPTT checkpoint","Stuffed Ball","3D-Printed Part","0","0.0"
"28","BPTT checkpoint","3D-Printed Part","Baseball","0","0.0"
"28","BPTT checkpoint","3D-Printed Part","Bottle","0","0.0"
"28","BPTT checkpoint","3D-Printed Part","Sponge Dice","0","0.0"
"28","BPTT checkpoint","3D-Printed Part","Tape","0","0.0"
"28","BPTT checkpoint","3D-Printed Part","Plush Toy","0","0.0"
"28","BPTT checkpoint","3D-Printed Part","Optical Mouse","0","0.0"
"28","BPTT checkpoint","3D-Printed Part","Smartphone","0","0.0"
"28","BPTT checkpoint","3D-Printed Part","Rubik's Cube","0","0.0"
"28","BPTT checkpoint","3D-Printed Part","Stuffed Ball","0","0.0"
"28","BPTT checkpoint","3D-Printed Part","3D-Printed Part","20","100.0"
"29","BPTT checkpoint","Baseball","Baseball","12","60.0"
"29","BPTT checkpoint","Baseball","Bottle","0","0.0"
"29","BPTT checkpoint","Baseball","Sponge Dice","0","0.0"
"29","BPTT checkpoint","Baseball","Tape","3","15.0"
"29","BPTT checkpoint","Baseball","Plush Toy","0","0.0"
"29","BPTT checkpoint","Baseball","Optical Mouse","0","0.0"
"29","BPTT checkpoint","Baseball","Smartphone","0","0.0"
"29","BPTT checkpoint","Baseball","Rubik's Cube","0","0.0"
"29","BPTT checkpoint","Baseball","Stuffed Ball","5","25.0"
"29","BPTT checkpoint","Baseball","3D-Printed Part","0","0.0"
"29","BPTT checkpoint","Bottle","Baseball","0","0.0"
"29","BPTT checkpoint","Bottle","Bottle","19","95.0"
"29","BPTT checkpoint","Bottle","Sponge Dice","0","0.0"
"29","BPTT checkpoint","Bottle","Tape","0","0.0"
"29","BPTT checkpoint","Bottle","Plush Toy","0","0.0"
"29","BPTT checkpoint","Bottle","Optical Mouse","0","0.0"
"29","BPTT checkpoint","Bottle","Smartphone","1","5.0"
"29","BPTT checkpoint","Bottle","Rubik's Cube","0","0.0"
"29","BPTT checkpoint","Bottle","Stuffed Ball","0","0.0"
"29","BPTT checkpoint","Bottle","3D-Printed Part","0","0.0"
"29","BPTT checkpoint","Sponge Dice","Baseball","0","0.0"
"29","BPTT checkpoint","Sponge Dice","Bottle","1","5.0"
"29","BPTT checkpoint","Sponge Dice","Sponge Dice","17","85.0"
"29","BPTT checkpoint","Sponge Dice","Tape","0","0.0"
"29","BPTT checkpoint","Sponge Dice","Plush Toy","0","0.0"
"29","BPTT checkpoint","Sponge Dice","Optical Mouse","0","0.0"
"29","BPTT checkpoint","Sponge Dice","Smartphone","0","0.0"
"29","BPTT checkpoint","Sponge Dice","Rubik's Cube","1","5.0"
"29","BPTT checkpoint","Sponge Dice","Stuffed Ball","0","0.0"
"29","BPTT checkpoint","Sponge Dice","3D-Printed Part","1","5.0"
"29","BPTT checkpoint","Tape","Baseball","4","20.0"
"29","BPTT checkpoint","Tape","Bottle","0","0.0"
"29","BPTT checkpoint","Tape","Sponge Dice","0","0.0"
"29","BPTT checkpoint","Tape","Tape","14","70.0"
"29","BPTT checkpoint","Tape","Plush Toy","0","0.0"
"29","BPTT checkpoint","Tape","Optical Mouse","0","0.0"
"29","BPTT checkpoint","Tape","Smartphone","0","0.0"
"29","BPTT checkpoint","Tape","Rubik's Cube","0","0.0"
"29","BPTT checkpoint","Tape","Stuffed Ball","2","10.0"
"29","BPTT checkpoint","Tape","3D-Printed Part","0","0.0"
"29","BPTT checkpoint","Plush Toy","Baseball","0","0.0"
"29","BPTT checkpoint","Plush Toy","Bottle","0","0.0"
"29","BPTT checkpoint","Plush Toy","Sponge Dice","0","0.0"
"29","BPTT checkpoint","Plush Toy","Tape","0","0.0"
"29","BPTT checkpoint","Plush Toy","Plush Toy","20","100.0"
"29","BPTT checkpoint","Plush Toy","Optical Mouse","0","0.0"
"29","BPTT checkpoint","Plush Toy","Smartphone","0","0.0"
"29","BPTT checkpoint","Plush Toy","Rubik's Cube","0","0.0"
"29","BPTT checkpoint","Plush Toy","Stuffed Ball","0","0.0"
"29","BPTT checkpoint","Plush Toy","3D-Printed Part","0","0.0"
"29","BPTT checkpoint","Optical Mouse","Baseball","0","0.0"
"29","BPTT checkpoint","Optical Mouse","Bottle","0","0.0"
"29","BPTT checkpoint","Optical Mouse","Sponge Dice","0","0.0"
"29","BPTT checkpoint","Optical Mouse","Tape","0","0.0"
"29","BPTT checkpoint","Optical Mouse","Plush Toy","2","10.0"
"29","BPTT checkpoint","Optical Mouse","Optical Mouse","18","90.0"
"29","BPTT checkpoint","Optical Mouse","Smartphone","0","0.0"
"29","BPTT checkpoint","Optical Mouse","Rubik's Cube","0","0.0"
"29","BPTT checkpoint","Optical Mouse","Stuffed Ball","0","0.0"
"29","BPTT checkpoint","Optical Mouse","3D-Printed Part","0","0.0"
"29","BPTT checkpoint","Smartphone","Baseball","0","0.0"
"29","BPTT checkpoint","Smartphone","Bottle","0","0.0"
"29","BPTT checkpoint","Smartphone","Sponge Dice","0","0.0"
"29","BPTT checkpoint","Smartphone","Tape","0","0.0"
"29","BPTT checkpoint","Smartphone","Plush Toy","0","0.0"
"29","BPTT checkpoint","Smartphone","Optical Mouse","0","0.0"
"29","BPTT checkpoint","Smartphone","Smartphone","20","100.0"
"29","BPTT checkpoint","Smartphone","Rubik's Cube","0","0.0"
"29","BPTT checkpoint","Smartphone","Stuffed Ball","0","0.0"
"29","BPTT checkpoint","Smartphone","3D-Printed Part","0","0.0"
"29","BPTT checkpoint","Rubik's Cube","Baseball","0","0.0"
"29","BPTT checkpoint","Rubik's Cube","Bottle","2","10.0"
"29","BPTT checkpoint","Rubik's Cube","Sponge Dice","0","0.0"
"29","BPTT checkpoint","Rubik's Cube","Tape","0","0.0"
"29","BPTT checkpoint","Rubik's Cube","Plush Toy","1","5.0"
"29","BPTT checkpoint","Rubik's Cube","Optical Mouse","0","0.0"
"29","BPTT checkpoint","Rubik's Cube","Smartphone","0","0.0"
"29","BPTT checkpoint","Rubik's Cube","Rubik's Cube","17","85.0"
"29","BPTT checkpoint","Rubik's Cube","Stuffed Ball","0","0.0"
"29","BPTT checkpoint","Rubik's Cube","3D-Printed Part","0","0.0"
"29","BPTT checkpoint","Stuffed Ball","Baseball","5","25.0"
"29","BPTT checkpoint","Stuffed Ball","Bottle","0","0.0"
"29","BPTT checkpoint","Stuffed Ball","Sponge Dice","0","0.0"
"29","BPTT checkpoint","Stuffed Ball","Tape","0","0.0"
"29","BPTT checkpoint","Stuffed Ball","Plush Toy","0","0.0"
"29","BPTT checkpoint","Stuffed Ball","Optical Mouse","0","0.0"
"29","BPTT checkpoint","Stuffed Ball","Smartphone","0","0.0"
"29","BPTT checkpoint","Stuffed Ball","Rubik's Cube","0","0.0"
"29","BPTT checkpoint","Stuffed Ball","Stuffed Ball","15","75.0"
"29","BPTT checkpoint","Stuffed Ball","3D-Printed Part","0","0.0"
"29","BPTT checkpoint","3D-Printed Part","Baseball","0","0.0"
"29","BPTT checkpoint","3D-Printed Part","Bottle","0","0.0"
"29","BPTT checkpoint","3D-Printed Part","Sponge Dice","0","0.0"
"29","BPTT checkpoint","3D-Printed Part","Tape","0","0.0"
"29","BPTT checkpoint","3D-Printed Part","Plush Toy","0","0.0"
"29","BPTT checkpoint","3D-Printed Part","Optical Mouse","0","0.0"
"29","BPTT checkpoint","3D-Printed Part","Smartphone","0","0.0"
"29","BPTT checkpoint","3D-Printed Part","Rubik's Cube","0","0.0"
"29","BPTT checkpoint","3D-Printed Part","Stuffed Ball","0","0.0"
"29","BPTT checkpoint","3D-Printed Part","3D-Printed Part","20","100.0"
"30","BPTT checkpoint","Baseball","Baseball","11","55.00000000000001"
"30","BPTT checkpoint","Baseball","Bottle","0","0.0"
"30","BPTT checkpoint","Baseball","Sponge Dice","0","0.0"
"30","BPTT checkpoint","Baseball","Tape","3","15.0"
"30","BPTT checkpoint","Baseball","Plush Toy","0","0.0"
"30","BPTT checkpoint","Baseball","Optical Mouse","0","0.0"
"30","BPTT checkpoint","Baseball","Smartphone","0","0.0"
"30","BPTT checkpoint","Baseball","Rubik's Cube","0","0.0"
"30","BPTT checkpoint","Baseball","Stuffed Ball","6","30.0"
"30","BPTT checkpoint","Baseball","3D-Printed Part","0","0.0"
"30","BPTT checkpoint","Bottle","Baseball","0","0.0"
"30","BPTT checkpoint","Bottle","Bottle","20","100.0"
"30","BPTT checkpoint","Bottle","Sponge Dice","0","0.0"
"30","BPTT checkpoint","Bottle","Tape","0","0.0"
"30","BPTT checkpoint","Bottle","Plush Toy","0","0.0"
"30","BPTT checkpoint","Bottle","Optical Mouse","0","0.0"
"30","BPTT checkpoint","Bottle","Smartphone","0","0.0"
"30","BPTT checkpoint","Bottle","Rubik's Cube","0","0.0"
"30","BPTT checkpoint","Bottle","Stuffed Ball","0","0.0"
"30","BPTT checkpoint","Bottle","3D-Printed Part","0","0.0"
"30","BPTT checkpoint","Sponge Dice","Baseball","0","0.0"
"30","BPTT checkpoint","Sponge Dice","Bottle","1","5.0"
"30","BPTT checkpoint","Sponge Dice","Sponge Dice","17","85.0"
"30","BPTT checkpoint","Sponge Dice","Tape","0","0.0"
"30","BPTT checkpoint","Sponge Dice","Plush Toy","0","0.0"
"30","BPTT checkpoint","Sponge Dice","Optical Mouse","0","0.0"
"30","BPTT checkpoint","Sponge Dice","Smartphone","0","0.0"
"30","BPTT checkpoint","Sponge Dice","Rubik's Cube","1","5.0"
"30","BPTT checkpoint","Sponge Dice","Stuffed Ball","0","0.0"
"30","BPTT checkpoint","Sponge Dice","3D-Printed Part","1","5.0"
"30","BPTT checkpoint","Tape","Baseball","0","0.0"
"30","BPTT checkpoint","Tape","Bottle","0","0.0"
"30","BPTT checkpoint","Tape","Sponge Dice","0","0.0"
"30","BPTT checkpoint","Tape","Tape","15","75.0"
"30","BPTT checkpoint","Tape","Plush Toy","0","0.0"
"30","BPTT checkpoint","Tape","Optical Mouse","0","0.0"
"30","BPTT checkpoint","Tape","Smartphone","0","0.0"
"30","BPTT checkpoint","Tape","Rubik's Cube","0","0.0"
"30","BPTT checkpoint","Tape","Stuffed Ball","5","25.0"
"30","BPTT checkpoint","Tape","3D-Printed Part","0","0.0"
"30","BPTT checkpoint","Plush Toy","Baseball","0","0.0"
"30","BPTT checkpoint","Plush Toy","Bottle","0","0.0"
"30","BPTT checkpoint","Plush Toy","Sponge Dice","0","0.0"
"30","BPTT checkpoint","Plush Toy","Tape","0","0.0"
"30","BPTT checkpoint","Plush Toy","Plush Toy","14","70.0"
"30","BPTT checkpoint","Plush Toy","Optical Mouse","6","30.0"
"30","BPTT checkpoint","Plush Toy","Smartphone","0","0.0"
"30","BPTT checkpoint","Plush Toy","Rubik's Cube","0","0.0"
"30","BPTT checkpoint","Plush Toy","Stuffed Ball","0","0.0"
"30","BPTT checkpoint","Plush Toy","3D-Printed Part","0","0.0"
"30","BPTT checkpoint","Optical Mouse","Baseball","0","0.0"
"30","BPTT checkpoint","Optical Mouse","Bottle","0","0.0"
"30","BPTT checkpoint","Optical Mouse","Sponge Dice","0","0.0"
"30","BPTT checkpoint","Optical Mouse","Tape","0","0.0"
"30","BPTT checkpoint","Optical Mouse","Plush Toy","2","10.0"
"30","BPTT checkpoint","Optical Mouse","Optical Mouse","18","90.0"
"30","BPTT checkpoint","Optical Mouse","Smartphone","0","0.0"
"30","BPTT checkpoint","Optical Mouse","Rubik's Cube","0","0.0"
"30","BPTT checkpoint","Optical Mouse","Stuffed Ball","0","0.0"
"30","BPTT checkpoint","Optical Mouse","3D-Printed Part","0","0.0"
"30","BPTT checkpoint","Smartphone","Baseball","0","0.0"
"30","BPTT checkpoint","Smartphone","Bottle","0","0.0"
"30","BPTT checkpoint","Smartphone","Sponge Dice","0","0.0"
"30","BPTT checkpoint","Smartphone","Tape","0","0.0"
"30","BPTT checkpoint","Smartphone","Plush Toy","0","0.0"
"30","BPTT checkpoint","Smartphone","Optical Mouse","0","0.0"
"30","BPTT checkpoint","Smartphone","Smartphone","20","100.0"
"30","BPTT checkpoint","Smartphone","Rubik's Cube","0","0.0"
"30","BPTT checkpoint","Smartphone","Stuffed Ball","0","0.0"
"30","BPTT checkpoint","Smartphone","3D-Printed Part","0","0.0"
"30","BPTT checkpoint","Rubik's Cube","Baseball","0","0.0"
"30","BPTT checkpoint","Rubik's Cube","Bottle","0","0.0"
"30","BPTT checkpoint","Rubik's Cube","Sponge Dice","0","0.0"
"30","BPTT checkpoint","Rubik's Cube","Tape","0","0.0"
"30","BPTT checkpoint","Rubik's Cube","Plush Toy","1","5.0"
"30","BPTT checkpoint","Rubik's Cube","Optical Mouse","0","0.0"
"30","BPTT checkpoint","Rubik's Cube","Smartphone","0","0.0"
"30","BPTT checkpoint","Rubik's Cube","Rubik's Cube","19","95.0"
"30","BPTT checkpoint","Rubik's Cube","Stuffed Ball","0","0.0"
"30","BPTT checkpoint","Rubik's Cube","3D-Printed Part","0","0.0"
"30","BPTT checkpoint","Stuffed Ball","Baseball","6","30.0"
"30","BPTT checkpoint","Stuffed Ball","Bottle","0","0.0"
"30","BPTT checkpoint","Stuffed Ball","Sponge Dice","0","0.0"
"30","BPTT checkpoint","Stuffed Ball","Tape","0","0.0"
"30","BPTT checkpoint","Stuffed Ball","Plush Toy","0","0.0"
"30","BPTT checkpoint","Stuffed Ball","Optical Mouse","0","0.0"
"30","BPTT checkpoint","Stuffed Ball","Smartphone","0","0.0"
"30","BPTT checkpoint","Stuffed Ball","Rubik's Cube","0","0.0"
"30","BPTT checkpoint","Stuffed Ball","Stuffed Ball","14","70.0"
"30","BPTT checkpoint","Stuffed Ball","3D-Printed Part","0","0.0"
"30","BPTT checkpoint","3D-Printed Part","Baseball","0","0.0"
"30","BPTT checkpoint","3D-Printed Part","Bottle","0","0.0"
"30","BPTT checkpoint","3D-Printed Part","Sponge Dice","0","0.0"
"30","BPTT checkpoint","3D-Printed Part","Tape","0","0.0"
"30","BPTT checkpoint","3D-Printed Part","Plush Toy","0","0.0"
"30","BPTT checkpoint","3D-Printed Part","Optical Mouse","0","0.0"
"30","BPTT checkpoint","3D-Printed Part","Smartphone","0","0.0"
"30","BPTT checkpoint","3D-Printed Part","Rubik's Cube","0","0.0"
"30","BPTT checkpoint","3D-Printed Part","Stuffed Ball","0","0.0"
"30","BPTT checkpoint","3D-Printed Part","3D-Printed Part","20","100.0"
"31","BPTT checkpoint","Baseball","Baseball","15","75.0"
"31","BPTT checkpoint","Baseball","Bottle","0","0.0"
"31","BPTT checkpoint","Baseball","Sponge Dice","0","0.0"
"31","BPTT checkpoint","Baseball","Tape","4","20.0"
"31","BPTT checkpoint","Baseball","Plush Toy","0","0.0"
"31","BPTT checkpoint","Baseball","Optical Mouse","0","0.0"
"31","BPTT checkpoint","Baseball","Smartphone","0","0.0"
"31","BPTT checkpoint","Baseball","Rubik's Cube","0","0.0"
"31","BPTT checkpoint","Baseball","Stuffed Ball","1","5.0"
"31","BPTT checkpoint","Baseball","3D-Printed Part","0","0.0"
"31","BPTT checkpoint","Bottle","Baseball","0","0.0"
"31","BPTT checkpoint","Bottle","Bottle","20","100.0"
"31","BPTT checkpoint","Bottle","Sponge Dice","0","0.0"
"31","BPTT checkpoint","Bottle","Tape","0","0.0"
"31","BPTT checkpoint","Bottle","Plush Toy","0","0.0"
"31","BPTT checkpoint","Bottle","Optical Mouse","0","0.0"
"31","BPTT checkpoint","Bottle","Smartphone","0","0.0"
"31","BPTT checkpoint","Bottle","Rubik's Cube","0","0.0"
"31","BPTT checkpoint","Bottle","Stuffed Ball","0","0.0"
"31","BPTT checkpoint","Bottle","3D-Printed Part","0","0.0"
"31","BPTT checkpoint","Sponge Dice","Baseball","0","0.0"
"31","BPTT checkpoint","Sponge Dice","Bottle","2","10.0"
"31","BPTT checkpoint","Sponge Dice","Sponge Dice","17","85.0"
"31","BPTT checkpoint","Sponge Dice","Tape","0","0.0"
"31","BPTT checkpoint","Sponge Dice","Plush Toy","0","0.0"
"31","BPTT checkpoint","Sponge Dice","Optical Mouse","0","0.0"
"31","BPTT checkpoint","Sponge Dice","Smartphone","0","0.0"
"31","BPTT checkpoint","Sponge Dice","Rubik's Cube","0","0.0"
"31","BPTT checkpoint","Sponge Dice","Stuffed Ball","0","0.0"
"31","BPTT checkpoint","Sponge Dice","3D-Printed Part","1","5.0"
"31","BPTT checkpoint","Tape","Baseball","3","15.0"
"31","BPTT checkpoint","Tape","Bottle","0","0.0"
"31","BPTT checkpoint","Tape","Sponge Dice","0","0.0"
"31","BPTT checkpoint","Tape","Tape","15","75.0"
"31","BPTT checkpoint","Tape","Plush Toy","0","0.0"
"31","BPTT checkpoint","Tape","Optical Mouse","0","0.0"
"31","BPTT checkpoint","Tape","Smartphone","0","0.0"
"31","BPTT checkpoint","Tape","Rubik's Cube","0","0.0"
"31","BPTT checkpoint","Tape","Stuffed Ball","2","10.0"
"31","BPTT checkpoint","Tape","3D-Printed Part","0","0.0"
"31","BPTT checkpoint","Plush Toy","Baseball","0","0.0"
"31","BPTT checkpoint","Plush Toy","Bottle","0","0.0"
"31","BPTT checkpoint","Plush Toy","Sponge Dice","0","0.0"
"31","BPTT checkpoint","Plush Toy","Tape","0","0.0"
"31","BPTT checkpoint","Plush Toy","Plush Toy","16","80.0"
"31","BPTT checkpoint","Plush Toy","Optical Mouse","4","20.0"
"31","BPTT checkpoint","Plush Toy","Smartphone","0","0.0"
"31","BPTT checkpoint","Plush Toy","Rubik's Cube","0","0.0"
"31","BPTT checkpoint","Plush Toy","Stuffed Ball","0","0.0"
"31","BPTT checkpoint","Plush Toy","3D-Printed Part","0","0.0"
"31","BPTT checkpoint","Optical Mouse","Baseball","0","0.0"
"31","BPTT checkpoint","Optical Mouse","Bottle","0","0.0"
"31","BPTT checkpoint","Optical Mouse","Sponge Dice","0","0.0"
"31","BPTT checkpoint","Optical Mouse","Tape","0","0.0"
"31","BPTT checkpoint","Optical Mouse","Plush Toy","3","15.0"
"31","BPTT checkpoint","Optical Mouse","Optical Mouse","17","85.0"
"31","BPTT checkpoint","Optical Mouse","Smartphone","0","0.0"
"31","BPTT checkpoint","Optical Mouse","Rubik's Cube","0","0.0"
"31","BPTT checkpoint","Optical Mouse","Stuffed Ball","0","0.0"
"31","BPTT checkpoint","Optical Mouse","3D-Printed Part","0","0.0"
"31","BPTT checkpoint","Smartphone","Baseball","0","0.0"
"31","BPTT checkpoint","Smartphone","Bottle","0","0.0"
"31","BPTT checkpoint","Smartphone","Sponge Dice","0","0.0"
"31","BPTT checkpoint","Smartphone","Tape","0","0.0"
"31","BPTT checkpoint","Smartphone","Plush Toy","0","0.0"
"31","BPTT checkpoint","Smartphone","Optical Mouse","0","0.0"
"31","BPTT checkpoint","Smartphone","Smartphone","20","100.0"
"31","BPTT checkpoint","Smartphone","Rubik's Cube","0","0.0"
"31","BPTT checkpoint","Smartphone","Stuffed Ball","0","0.0"
"31","BPTT checkpoint","Smartphone","3D-Printed Part","0","0.0"
"31","BPTT checkpoint","Rubik's Cube","Baseball","0","0.0"
"31","BPTT checkpoint","Rubik's Cube","Bottle","1","5.0"
"31","BPTT checkpoint","Rubik's Cube","Sponge Dice","0","0.0"
"31","BPTT checkpoint","Rubik's Cube","Tape","0","0.0"
"31","BPTT checkpoint","Rubik's Cube","Plush Toy","0","0.0"
"31","BPTT checkpoint","Rubik's Cube","Optical Mouse","0","0.0"
"31","BPTT checkpoint","Rubik's Cube","Smartphone","0","0.0"
"31","BPTT checkpoint","Rubik's Cube","Rubik's Cube","19","95.0"
"31","BPTT checkpoint","Rubik's Cube","Stuffed Ball","0","0.0"
"31","BPTT checkpoint","Rubik's Cube","3D-Printed Part","0","0.0"
"31","BPTT checkpoint","Stuffed Ball","Baseball","9","45.0"
"31","BPTT checkpoint","Stuffed Ball","Bottle","0","0.0"
"31","BPTT checkpoint","Stuffed Ball","Sponge Dice","0","0.0"
"31","BPTT checkpoint","Stuffed Ball","Tape","0","0.0"
"31","BPTT checkpoint","Stuffed Ball","Plush Toy","0","0.0"
"31","BPTT checkpoint","Stuffed Ball","Optical Mouse","0","0.0"
"31","BPTT checkpoint","Stuffed Ball","Smartphone","0","0.0"
"31","BPTT checkpoint","Stuffed Ball","Rubik's Cube","0","0.0"
"31","BPTT checkpoint","Stuffed Ball","Stuffed Ball","11","55.00000000000001"
"31","BPTT checkpoint","Stuffed Ball","3D-Printed Part","0","0.0"
"31","BPTT checkpoint","3D-Printed Part","Baseball","0","0.0"
"31","BPTT checkpoint","3D-Printed Part","Bottle","0","0.0"
"31","BPTT checkpoint","3D-Printed Part","Sponge Dice","0","0.0"
"31","BPTT checkpoint","3D-Printed Part","Tape","0","0.0"
"31","BPTT checkpoint","3D-Printed Part","Plush Toy","0","0.0"
"31","BPTT checkpoint","3D-Printed Part","Optical Mouse","0","0.0"
"31","BPTT checkpoint","3D-Printed Part","Smartphone","0","0.0"
"31","BPTT checkpoint","3D-Printed Part","Rubik's Cube","0","0.0"
"31","BPTT checkpoint","3D-Printed Part","Stuffed Ball","0","0.0"
"31","BPTT checkpoint","3D-Printed Part","3D-Printed Part","20","100.0"
"32","BPTT checkpoint","Baseball","Baseball","16","80.0"
"32","BPTT checkpoint","Baseball","Bottle","0","0.0"
"32","BPTT checkpoint","Baseball","Sponge Dice","0","0.0"
"32","BPTT checkpoint","Baseball","Tape","3","15.0"
"32","BPTT checkpoint","Baseball","Plush Toy","0","0.0"
"32","BPTT checkpoint","Baseball","Optical Mouse","0","0.0"
"32","BPTT checkpoint","Baseball","Smartphone","0","0.0"
"32","BPTT checkpoint","Baseball","Rubik's Cube","0","0.0"
"32","BPTT checkpoint","Baseball","Stuffed Ball","1","5.0"
"32","BPTT checkpoint","Baseball","3D-Printed Part","0","0.0"
"32","BPTT checkpoint","Bottle","Baseball","0","0.0"
"32","BPTT checkpoint","Bottle","Bottle","20","100.0"
"32","BPTT checkpoint","Bottle","Sponge Dice","0","0.0"
"32","BPTT checkpoint","Bottle","Tape","0","0.0"
"32","BPTT checkpoint","Bottle","Plush Toy","0","0.0"
"32","BPTT checkpoint","Bottle","Optical Mouse","0","0.0"
"32","BPTT checkpoint","Bottle","Smartphone","0","0.0"
"32","BPTT checkpoint","Bottle","Rubik's Cube","0","0.0"
"32","BPTT checkpoint","Bottle","Stuffed Ball","0","0.0"
"32","BPTT checkpoint","Bottle","3D-Printed Part","0","0.0"
"32","BPTT checkpoint","Sponge Dice","Baseball","0","0.0"
"32","BPTT checkpoint","Sponge Dice","Bottle","0","0.0"
"32","BPTT checkpoint","Sponge Dice","Sponge Dice","18","90.0"
"32","BPTT checkpoint","Sponge Dice","Tape","0","0.0"
"32","BPTT checkpoint","Sponge Dice","Plush Toy","0","0.0"
"32","BPTT checkpoint","Sponge Dice","Optical Mouse","0","0.0"
"32","BPTT checkpoint","Sponge Dice","Smartphone","0","0.0"
"32","BPTT checkpoint","Sponge Dice","Rubik's Cube","2","10.0"
"32","BPTT checkpoint","Sponge Dice","Stuffed Ball","0","0.0"
"32","BPTT checkpoint","Sponge Dice","3D-Printed Part","0","0.0"
"32","BPTT checkpoint","Tape","Baseball","0","0.0"
"32","BPTT checkpoint","Tape","Bottle","0","0.0"
"32","BPTT checkpoint","Tape","Sponge Dice","0","0.0"
"32","BPTT checkpoint","Tape","Tape","17","85.0"
"32","BPTT checkpoint","Tape","Plush Toy","0","0.0"
"32","BPTT checkpoint","Tape","Optical Mouse","0","0.0"
"32","BPTT checkpoint","Tape","Smartphone","0","0.0"
"32","BPTT checkpoint","Tape","Rubik's Cube","0","0.0"
"32","BPTT checkpoint","Tape","Stuffed Ball","3","15.0"
"32","BPTT checkpoint","Tape","3D-Printed Part","0","0.0"
"32","BPTT checkpoint","Plush Toy","Baseball","0","0.0"
"32","BPTT checkpoint","Plush Toy","Bottle","0","0.0"
"32","BPTT checkpoint","Plush Toy","Sponge Dice","0","0.0"
"32","BPTT checkpoint","Plush Toy","Tape","0","0.0"
"32","BPTT checkpoint","Plush Toy","Plush Toy","19","95.0"
"32","BPTT checkpoint","Plush Toy","Optical Mouse","1","5.0"
"32","BPTT checkpoint","Plush Toy","Smartphone","0","0.0"
"32","BPTT checkpoint","Plush Toy","Rubik's Cube","0","0.0"
"32","BPTT checkpoint","Plush Toy","Stuffed Ball","0","0.0"
"32","BPTT checkpoint","Plush Toy","3D-Printed Part","0","0.0"
"32","BPTT checkpoint","Optical Mouse","Baseball","0","0.0"
"32","BPTT checkpoint","Optical Mouse","Bottle","0","0.0"
"32","BPTT checkpoint","Optical Mouse","Sponge Dice","0","0.0"
"32","BPTT checkpoint","Optical Mouse","Tape","0","0.0"
"32","BPTT checkpoint","Optical Mouse","Plush Toy","1","5.0"
"32","BPTT checkpoint","Optical Mouse","Optical Mouse","18","90.0"
"32","BPTT checkpoint","Optical Mouse","Smartphone","1","5.0"
"32","BPTT checkpoint","Optical Mouse","Rubik's Cube","0","0.0"
"32","BPTT checkpoint","Optical Mouse","Stuffed Ball","0","0.0"
"32","BPTT checkpoint","Optical Mouse","3D-Printed Part","0","0.0"
"32","BPTT checkpoint","Smartphone","Baseball","0","0.0"
"32","BPTT checkpoint","Smartphone","Bottle","0","0.0"
"32","BPTT checkpoint","Smartphone","Sponge Dice","0","0.0"
"32","BPTT checkpoint","Smartphone","Tape","0","0.0"
"32","BPTT checkpoint","Smartphone","Plush Toy","0","0.0"
"32","BPTT checkpoint","Smartphone","Optical Mouse","0","0.0"
"32","BPTT checkpoint","Smartphone","Smartphone","20","100.0"
"32","BPTT checkpoint","Smartphone","Rubik's Cube","0","0.0"
"32","BPTT checkpoint","Smartphone","Stuffed Ball","0","0.0"
"32","BPTT checkpoint","Smartphone","3D-Printed Part","0","0.0"
"32","BPTT checkpoint","Rubik's Cube","Baseball","0","0.0"
"32","BPTT checkpoint","Rubik's Cube","Bottle","0","0.0"
"32","BPTT checkpoint","Rubik's Cube","Sponge Dice","0","0.0"
"32","BPTT checkpoint","Rubik's Cube","Tape","0","0.0"
"32","BPTT checkpoint","Rubik's Cube","Plush Toy","0","0.0"
"32","BPTT checkpoint","Rubik's Cube","Optical Mouse","0","0.0"
"32","BPTT checkpoint","Rubik's Cube","Smartphone","1","5.0"
"32","BPTT checkpoint","Rubik's Cube","Rubik's Cube","19","95.0"
"32","BPTT checkpoint","Rubik's Cube","Stuffed Ball","0","0.0"
"32","BPTT checkpoint","Rubik's Cube","3D-Printed Part","0","0.0"
"32","BPTT checkpoint","Stuffed Ball","Baseball","1","5.0"
"32","BPTT checkpoint","Stuffed Ball","Bottle","0","0.0"
"32","BPTT checkpoint","Stuffed Ball","Sponge Dice","0","0.0"
"32","BPTT checkpoint","Stuffed Ball","Tape","0","0.0"
"32","BPTT checkpoint","Stuffed Ball","Plush Toy","0","0.0"
"32","BPTT checkpoint","Stuffed Ball","Optical Mouse","0","0.0"
"32","BPTT checkpoint","Stuffed Ball","Smartphone","0","0.0"
"32","BPTT checkpoint","Stuffed Ball","Rubik's Cube","0","0.0"
"32","BPTT checkpoint","Stuffed Ball","Stuffed Ball","19","95.0"
"32","BPTT checkpoint","Stuffed Ball","3D-Printed Part","0","0.0"
"32","BPTT checkpoint","3D-Printed Part","Baseball","0","0.0"
"32","BPTT checkpoint","3D-Printed Part","Bottle","0","0.0"
"32","BPTT checkpoint","3D-Printed Part","Sponge Dice","0","0.0"
"32","BPTT checkpoint","3D-Printed Part","Tape","0","0.0"
"32","BPTT checkpoint","3D-Printed Part","Plush Toy","0","0.0"
"32","BPTT checkpoint","3D-Printed Part","Optical Mouse","0","0.0"
"32","BPTT checkpoint","3D-Printed Part","Smartphone","0","0.0"
"32","BPTT checkpoint","3D-Printed Part","Rubik's Cube","0","0.0"
"32","BPTT checkpoint","3D-Printed Part","Stuffed Ball","0","0.0"
"32","BPTT checkpoint","3D-Printed Part","3D-Printed Part","20","100.0"
"33","BPTT checkpoint","Baseball","Baseball","14","70.0"
"33","BPTT checkpoint","Baseball","Bottle","0","0.0"
"33","BPTT checkpoint","Baseball","Sponge Dice","0","0.0"
"33","BPTT checkpoint","Baseball","Tape","3","15.0"
"33","BPTT checkpoint","Baseball","Plush Toy","0","0.0"
"33","BPTT checkpoint","Baseball","Optical Mouse","0","0.0"
"33","BPTT checkpoint","Baseball","Smartphone","0","0.0"
"33","BPTT checkpoint","Baseball","Rubik's Cube","0","0.0"
"33","BPTT checkpoint","Baseball","Stuffed Ball","3","15.0"
"33","BPTT checkpoint","Baseball","3D-Printed Part","0","0.0"
"33","BPTT checkpoint","Bottle","Baseball","0","0.0"
"33","BPTT checkpoint","Bottle","Bottle","20","100.0"
"33","BPTT checkpoint","Bottle","Sponge Dice","0","0.0"
"33","BPTT checkpoint","Bottle","Tape","0","0.0"
"33","BPTT checkpoint","Bottle","Plush Toy","0","0.0"
"33","BPTT checkpoint","Bottle","Optical Mouse","0","0.0"
"33","BPTT checkpoint","Bottle","Smartphone","0","0.0"
"33","BPTT checkpoint","Bottle","Rubik's Cube","0","0.0"
"33","BPTT checkpoint","Bottle","Stuffed Ball","0","0.0"
"33","BPTT checkpoint","Bottle","3D-Printed Part","0","0.0"
"33","BPTT checkpoint","Sponge Dice","Baseball","0","0.0"
"33","BPTT checkpoint","Sponge Dice","Bottle","0","0.0"
"33","BPTT checkpoint","Sponge Dice","Sponge Dice","17","85.0"
"33","BPTT checkpoint","Sponge Dice","Tape","0","0.0"
"33","BPTT checkpoint","Sponge Dice","Plush Toy","0","0.0"
"33","BPTT checkpoint","Sponge Dice","Optical Mouse","0","0.0"
"33","BPTT checkpoint","Sponge Dice","Smartphone","0","0.0"
"33","BPTT checkpoint","Sponge Dice","Rubik's Cube","2","10.0"
"33","BPTT checkpoint","Sponge Dice","Stuffed Ball","0","0.0"
"33","BPTT checkpoint","Sponge Dice","3D-Printed Part","1","5.0"
"33","BPTT checkpoint","Tape","Baseball","6","30.0"
"33","BPTT checkpoint","Tape","Bottle","0","0.0"
"33","BPTT checkpoint","Tape","Sponge Dice","0","0.0"
"33","BPTT checkpoint","Tape","Tape","13","65.0"
"33","BPTT checkpoint","Tape","Plush Toy","0","0.0"
"33","BPTT checkpoint","Tape","Optical Mouse","0","0.0"
"33","BPTT checkpoint","Tape","Smartphone","0","0.0"
"33","BPTT checkpoint","Tape","Rubik's Cube","0","0.0"
"33","BPTT checkpoint","Tape","Stuffed Ball","1","5.0"
"33","BPTT checkpoint","Tape","3D-Printed Part","0","0.0"
"33","BPTT checkpoint","Plush Toy","Baseball","0","0.0"
"33","BPTT checkpoint","Plush Toy","Bottle","0","0.0"
"33","BPTT checkpoint","Plush Toy","Sponge Dice","0","0.0"
"33","BPTT checkpoint","Plush Toy","Tape","0","0.0"
"33","BPTT checkpoint","Plush Toy","Plush Toy","16","80.0"
"33","BPTT checkpoint","Plush Toy","Optical Mouse","4","20.0"
"33","BPTT checkpoint","Plush Toy","Smartphone","0","0.0"
"33","BPTT checkpoint","Plush Toy","Rubik's Cube","0","0.0"
"33","BPTT checkpoint","Plush Toy","Stuffed Ball","0","0.0"
"33","BPTT checkpoint","Plush Toy","3D-Printed Part","0","0.0"
"33","BPTT checkpoint","Optical Mouse","Baseball","0","0.0"
"33","BPTT checkpoint","Optical Mouse","Bottle","0","0.0"
"33","BPTT checkpoint","Optical Mouse","Sponge Dice","0","0.0"
"33","BPTT checkpoint","Optical Mouse","Tape","0","0.0"
"33","BPTT checkpoint","Optical Mouse","Plush Toy","2","10.0"
"33","BPTT checkpoint","Optical Mouse","Optical Mouse","17","85.0"
"33","BPTT checkpoint","Optical Mouse","Smartphone","0","0.0"
"33","BPTT checkpoint","Optical Mouse","Rubik's Cube","0","0.0"
"33","BPTT checkpoint","Optical Mouse","Stuffed Ball","0","0.0"
"33","BPTT checkpoint","Optical Mouse","3D-Printed Part","1","5.0"
"33","BPTT checkpoint","Smartphone","Baseball","0","0.0"
"33","BPTT checkpoint","Smartphone","Bottle","0","0.0"
"33","BPTT checkpoint","Smartphone","Sponge Dice","0","0.0"
"33","BPTT checkpoint","Smartphone","Tape","0","0.0"
"33","BPTT checkpoint","Smartphone","Plush Toy","0","0.0"
"33","BPTT checkpoint","Smartphone","Optical Mouse","0","0.0"
"33","BPTT checkpoint","Smartphone","Smartphone","20","100.0"
"33","BPTT checkpoint","Smartphone","Rubik's Cube","0","0.0"
"33","BPTT checkpoint","Smartphone","Stuffed Ball","0","0.0"
"33","BPTT checkpoint","Smartphone","3D-Printed Part","0","0.0"
"33","BPTT checkpoint","Rubik's Cube","Baseball","0","0.0"
"33","BPTT checkpoint","Rubik's Cube","Bottle","0","0.0"
"33","BPTT checkpoint","Rubik's Cube","Sponge Dice","0","0.0"
"33","BPTT checkpoint","Rubik's Cube","Tape","0","0.0"
"33","BPTT checkpoint","Rubik's Cube","Plush Toy","1","5.0"
"33","BPTT checkpoint","Rubik's Cube","Optical Mouse","0","0.0"
"33","BPTT checkpoint","Rubik's Cube","Smartphone","0","0.0"
"33","BPTT checkpoint","Rubik's Cube","Rubik's Cube","19","95.0"
"33","BPTT checkpoint","Rubik's Cube","Stuffed Ball","0","0.0"
"33","BPTT checkpoint","Rubik's Cube","3D-Printed Part","0","0.0"
"33","BPTT checkpoint","Stuffed Ball","Baseball","5","25.0"
"33","BPTT checkpoint","Stuffed Ball","Bottle","0","0.0"
"33","BPTT checkpoint","Stuffed Ball","Sponge Dice","0","0.0"
"33","BPTT checkpoint","Stuffed Ball","Tape","0","0.0"
"33","BPTT checkpoint","Stuffed Ball","Plush Toy","0","0.0"
"33","BPTT checkpoint","Stuffed Ball","Optical Mouse","0","0.0"
"33","BPTT checkpoint","Stuffed Ball","Smartphone","0","0.0"
"33","BPTT checkpoint","Stuffed Ball","Rubik's Cube","0","0.0"
"33","BPTT checkpoint","Stuffed Ball","Stuffed Ball","15","75.0"
"33","BPTT checkpoint","Stuffed Ball","3D-Printed Part","0","0.0"
"33","BPTT checkpoint","3D-Printed Part","Baseball","0","0.0"
"33","BPTT checkpoint","3D-Printed Part","Bottle","0","0.0"
"33","BPTT checkpoint","3D-Printed Part","Sponge Dice","0","0.0"
"33","BPTT checkpoint","3D-Printed Part","Tape","0","0.0"
"33","BPTT checkpoint","3D-Printed Part","Plush Toy","0","0.0"
"33","BPTT checkpoint","3D-Printed Part","Optical Mouse","0","0.0"
"33","BPTT checkpoint","3D-Printed Part","Smartphone","0","0.0"
"33","BPTT checkpoint","3D-Printed Part","Rubik's Cube","0","0.0"
"33","BPTT checkpoint","3D-Printed Part","Stuffed Ball","0","0.0"
"33","BPTT checkpoint","3D-Printed Part","3D-Printed Part","20","100.0"
"34","BPTT checkpoint","Baseball","Baseball","15","75.0"
"34","BPTT checkpoint","Baseball","Bottle","0","0.0"
"34","BPTT checkpoint","Baseball","Sponge Dice","0","0.0"
"34","BPTT checkpoint","Baseball","Tape","3","15.0"
"34","BPTT checkpoint","Baseball","Plush Toy","0","0.0"
"34","BPTT checkpoint","Baseball","Optical Mouse","0","0.0"
"34","BPTT checkpoint","Baseball","Smartphone","0","0.0"
"34","BPTT checkpoint","Baseball","Rubik's Cube","0","0.0"
"34","BPTT checkpoint","Baseball","Stuffed Ball","2","10.0"
"34","BPTT checkpoint","Baseball","3D-Printed Part","0","0.0"
"34","BPTT checkpoint","Bottle","Baseball","0","0.0"
"34","BPTT checkpoint","Bottle","Bottle","20","100.0"
"34","BPTT checkpoint","Bottle","Sponge Dice","0","0.0"
"34","BPTT checkpoint","Bottle","Tape","0","0.0"
"34","BPTT checkpoint","Bottle","Plush Toy","0","0.0"
"34","BPTT checkpoint","Bottle","Optical Mouse","0","0.0"
"34","BPTT checkpoint","Bottle","Smartphone","0","0.0"
"34","BPTT checkpoint","Bottle","Rubik's Cube","0","0.0"
"34","BPTT checkpoint","Bottle","Stuffed Ball","0","0.0"
"34","BPTT checkpoint","Bottle","3D-Printed Part","0","0.0"
"34","BPTT checkpoint","Sponge Dice","Baseball","0","0.0"
"34","BPTT checkpoint","Sponge Dice","Bottle","0","0.0"
"34","BPTT checkpoint","Sponge Dice","Sponge Dice","17","85.0"
"34","BPTT checkpoint","Sponge Dice","Tape","0","0.0"
"34","BPTT checkpoint","Sponge Dice","Plush Toy","0","0.0"
"34","BPTT checkpoint","Sponge Dice","Optical Mouse","0","0.0"
"34","BPTT checkpoint","Sponge Dice","Smartphone","0","0.0"
"34","BPTT checkpoint","Sponge Dice","Rubik's Cube","2","10.0"
"34","BPTT checkpoint","Sponge Dice","Stuffed Ball","0","0.0"
"34","BPTT checkpoint","Sponge Dice","3D-Printed Part","1","5.0"
"34","BPTT checkpoint","Tape","Baseball","1","5.0"
"34","BPTT checkpoint","Tape","Bottle","0","0.0"
"34","BPTT checkpoint","Tape","Sponge Dice","0","0.0"
"34","BPTT checkpoint","Tape","Tape","17","85.0"
"34","BPTT checkpoint","Tape","Plush Toy","0","0.0"
"34","BPTT checkpoint","Tape","Optical Mouse","0","0.0"
"34","BPTT checkpoint","Tape","Smartphone","0","0.0"
"34","BPTT checkpoint","Tape","Rubik's Cube","0","0.0"
"34","BPTT checkpoint","Tape","Stuffed Ball","2","10.0"
"34","BPTT checkpoint","Tape","3D-Printed Part","0","0.0"
"34","BPTT checkpoint","Plush Toy","Baseball","0","0.0"
"34","BPTT checkpoint","Plush Toy","Bottle","0","0.0"
"34","BPTT checkpoint","Plush Toy","Sponge Dice","0","0.0"
"34","BPTT checkpoint","Plush Toy","Tape","0","0.0"
"34","BPTT checkpoint","Plush Toy","Plush Toy","19","95.0"
"34","BPTT checkpoint","Plush Toy","Optical Mouse","1","5.0"
"34","BPTT checkpoint","Plush Toy","Smartphone","0","0.0"
"34","BPTT checkpoint","Plush Toy","Rubik's Cube","0","0.0"
"34","BPTT checkpoint","Plush Toy","Stuffed Ball","0","0.0"
"34","BPTT checkpoint","Plush Toy","3D-Printed Part","0","0.0"
"34","BPTT checkpoint","Optical Mouse","Baseball","0","0.0"
"34","BPTT checkpoint","Optical Mouse","Bottle","0","0.0"
"34","BPTT checkpoint","Optical Mouse","Sponge Dice","0","0.0"
"34","BPTT checkpoint","Optical Mouse","Tape","0","0.0"
"34","BPTT checkpoint","Optical Mouse","Plush Toy","3","15.0"
"34","BPTT checkpoint","Optical Mouse","Optical Mouse","17","85.0"
"34","BPTT checkpoint","Optical Mouse","Smartphone","0","0.0"
"34","BPTT checkpoint","Optical Mouse","Rubik's Cube","0","0.0"
"34","BPTT checkpoint","Optical Mouse","Stuffed Ball","0","0.0"
"34","BPTT checkpoint","Optical Mouse","3D-Printed Part","0","0.0"
"34","BPTT checkpoint","Smartphone","Baseball","0","0.0"
"34","BPTT checkpoint","Smartphone","Bottle","0","0.0"
"34","BPTT checkpoint","Smartphone","Sponge Dice","0","0.0"
"34","BPTT checkpoint","Smartphone","Tape","0","0.0"
"34","BPTT checkpoint","Smartphone","Plush Toy","0","0.0"
"34","BPTT checkpoint","Smartphone","Optical Mouse","0","0.0"
"34","BPTT checkpoint","Smartphone","Smartphone","20","100.0"
"34","BPTT checkpoint","Smartphone","Rubik's Cube","0","0.0"
"34","BPTT checkpoint","Smartphone","Stuffed Ball","0","0.0"
"34","BPTT checkpoint","Smartphone","3D-Printed Part","0","0.0"
"34","BPTT checkpoint","Rubik's Cube","Baseball","0","0.0"
"34","BPTT checkpoint","Rubik's Cube","Bottle","0","0.0"
"34","BPTT checkpoint","Rubik's Cube","Sponge Dice","2","10.0"
"34","BPTT checkpoint","Rubik's Cube","Tape","0","0.0"
"34","BPTT checkpoint","Rubik's Cube","Plush Toy","0","0.0"
"34","BPTT checkpoint","Rubik's Cube","Optical Mouse","0","0.0"
"34","BPTT checkpoint","Rubik's Cube","Smartphone","1","5.0"
"34","BPTT checkpoint","Rubik's Cube","Rubik's Cube","17","85.0"
"34","BPTT checkpoint","Rubik's Cube","Stuffed Ball","0","0.0"
"34","BPTT checkpoint","Rubik's Cube","3D-Printed Part","0","0.0"
"34","BPTT checkpoint","Stuffed Ball","Baseball","9","45.0"
"34","BPTT checkpoint","Stuffed Ball","Bottle","0","0.0"
"34","BPTT checkpoint","Stuffed Ball","Sponge Dice","0","0.0"
"34","BPTT checkpoint","Stuffed Ball","Tape","0","0.0"
"34","BPTT checkpoint","Stuffed Ball","Plush Toy","0","0.0"
"34","BPTT checkpoint","Stuffed Ball","Optical Mouse","0","0.0"
"34","BPTT checkpoint","Stuffed Ball","Smartphone","0","0.0"
"34","BPTT checkpoint","Stuffed Ball","Rubik's Cube","0","0.0"
"34","BPTT checkpoint","Stuffed Ball","Stuffed Ball","11","55.00000000000001"
"34","BPTT checkpoint","Stuffed Ball","3D-Printed Part","0","0.0"
"34","BPTT checkpoint","3D-Printed Part","Baseball","0","0.0"
"34","BPTT checkpoint","3D-Printed Part","Bottle","0","0.0"
"34","BPTT checkpoint","3D-Printed Part","Sponge Dice","0","0.0"
"34","BPTT checkpoint","3D-Printed Part","Tape","0","0.0"
"34","BPTT checkpoint","3D-Printed Part","Plush Toy","0","0.0"
"34","BPTT checkpoint","3D-Printed Part","Optical Mouse","0","0.0"
"34","BPTT checkpoint","3D-Printed Part","Smartphone","0","0.0"
"34","BPTT checkpoint","3D-Printed Part","Rubik's Cube","0","0.0"
"34","BPTT checkpoint","3D-Printed Part","Stuffed Ball","0","0.0"
"34","BPTT checkpoint","3D-Printed Part","3D-Printed Part","20","100.0"
"35","BPTT checkpoint","Baseball","Baseball","14","70.0"
"35","BPTT checkpoint","Baseball","Bottle","1","5.0"
"35","BPTT checkpoint","Baseball","Sponge Dice","0","0.0"
"35","BPTT checkpoint","Baseball","Tape","2","10.0"
"35","BPTT checkpoint","Baseball","Plush Toy","0","0.0"
"35","BPTT checkpoint","Baseball","Optical Mouse","0","0.0"
"35","BPTT checkpoint","Baseball","Smartphone","0","0.0"
"35","BPTT checkpoint","Baseball","Rubik's Cube","1","5.0"
"35","BPTT checkpoint","Baseball","Stuffed Ball","2","10.0"
"35","BPTT checkpoint","Baseball","3D-Printed Part","0","0.0"
"35","BPTT checkpoint","Bottle","Baseball","0","0.0"
"35","BPTT checkpoint","Bottle","Bottle","19","95.0"
"35","BPTT checkpoint","Bottle","Sponge Dice","0","0.0"
"35","BPTT checkpoint","Bottle","Tape","0","0.0"
"35","BPTT checkpoint","Bottle","Plush Toy","0","0.0"
"35","BPTT checkpoint","Bottle","Optical Mouse","0","0.0"
"35","BPTT checkpoint","Bottle","Smartphone","1","5.0"
"35","BPTT checkpoint","Bottle","Rubik's Cube","0","0.0"
"35","BPTT checkpoint","Bottle","Stuffed Ball","0","0.0"
"35","BPTT checkpoint","Bottle","3D-Printed Part","0","0.0"
"35","BPTT checkpoint","Sponge Dice","Baseball","0","0.0"
"35","BPTT checkpoint","Sponge Dice","Bottle","0","0.0"
"35","BPTT checkpoint","Sponge Dice","Sponge Dice","17","85.0"
"35","BPTT checkpoint","Sponge Dice","Tape","0","0.0"
"35","BPTT checkpoint","Sponge Dice","Plush Toy","0","0.0"
"35","BPTT checkpoint","Sponge Dice","Optical Mouse","0","0.0"
"35","BPTT checkpoint","Sponge Dice","Smartphone","0","0.0"
"35","BPTT checkpoint","Sponge Dice","Rubik's Cube","1","5.0"
"35","BPTT checkpoint","Sponge Dice","Stuffed Ball","1","5.0"
"35","BPTT checkpoint","Sponge Dice","3D-Printed Part","1","5.0"
"35","BPTT checkpoint","Tape","Baseball","2","10.0"
"35","BPTT checkpoint","Tape","Bottle","0","0.0"
"35","BPTT checkpoint","Tape","Sponge Dice","0","0.0"
"35","BPTT checkpoint","Tape","Tape","17","85.0"
"35","BPTT checkpoint","Tape","Plush Toy","0","0.0"
"35","BPTT checkpoint","Tape","Optical Mouse","0","0.0"
"35","BPTT checkpoint","Tape","Smartphone","0","0.0"
"35","BPTT checkpoint","Tape","Rubik's Cube","0","0.0"
"35","BPTT checkpoint","Tape","Stuffed Ball","1","5.0"
"35","BPTT checkpoint","Tape","3D-Printed Part","0","0.0"
"35","BPTT checkpoint","Plush Toy","Baseball","0","0.0"
"35","BPTT checkpoint","Plush Toy","Bottle","0","0.0"
"35","BPTT checkpoint","Plush Toy","Sponge Dice","0","0.0"
"35","BPTT checkpoint","Plush Toy","Tape","0","0.0"
"35","BPTT checkpoint","Plush Toy","Plush Toy","20","100.0"
"35","BPTT checkpoint","Plush Toy","Optical Mouse","0","0.0"
"35","BPTT checkpoint","Plush Toy","Smartphone","0","0.0"
"35","BPTT checkpoint","Plush Toy","Rubik's Cube","0","0.0"
"35","BPTT checkpoint","Plush Toy","Stuffed Ball","0","0.0"
"35","BPTT checkpoint","Plush Toy","3D-Printed Part","0","0.0"
"35","BPTT checkpoint","Optical Mouse","Baseball","0","0.0"
"35","BPTT checkpoint","Optical Mouse","Bottle","0","0.0"
"35","BPTT checkpoint","Optical Mouse","Sponge Dice","0","0.0"
"35","BPTT checkpoint","Optical Mouse","Tape","0","0.0"
"35","BPTT checkpoint","Optical Mouse","Plush Toy","3","15.0"
"35","BPTT checkpoint","Optical Mouse","Optical Mouse","17","85.0"
"35","BPTT checkpoint","Optical Mouse","Smartphone","0","0.0"
"35","BPTT checkpoint","Optical Mouse","Rubik's Cube","0","0.0"
"35","BPTT checkpoint","Optical Mouse","Stuffed Ball","0","0.0"
"35","BPTT checkpoint","Optical Mouse","3D-Printed Part","0","0.0"
"35","BPTT checkpoint","Smartphone","Baseball","0","0.0"
"35","BPTT checkpoint","Smartphone","Bottle","0","0.0"
"35","BPTT checkpoint","Smartphone","Sponge Dice","0","0.0"
"35","BPTT checkpoint","Smartphone","Tape","0","0.0"
"35","BPTT checkpoint","Smartphone","Plush Toy","0","0.0"
"35","BPTT checkpoint","Smartphone","Optical Mouse","0","0.0"
"35","BPTT checkpoint","Smartphone","Smartphone","20","100.0"
"35","BPTT checkpoint","Smartphone","Rubik's Cube","0","0.0"
"35","BPTT checkpoint","Smartphone","Stuffed Ball","0","0.0"
"35","BPTT checkpoint","Smartphone","3D-Printed Part","0","0.0"
"35","BPTT checkpoint","Rubik's Cube","Baseball","0","0.0"
"35","BPTT checkpoint","Rubik's Cube","Bottle","0","0.0"
"35","BPTT checkpoint","Rubik's Cube","Sponge Dice","1","5.0"
"35","BPTT checkpoint","Rubik's Cube","Tape","0","0.0"
"35","BPTT checkpoint","Rubik's Cube","Plush Toy","1","5.0"
"35","BPTT checkpoint","Rubik's Cube","Optical Mouse","0","0.0"
"35","BPTT checkpoint","Rubik's Cube","Smartphone","0","0.0"
"35","BPTT checkpoint","Rubik's Cube","Rubik's Cube","18","90.0"
"35","BPTT checkpoint","Rubik's Cube","Stuffed Ball","0","0.0"
"35","BPTT checkpoint","Rubik's Cube","3D-Printed Part","0","0.0"
"35","BPTT checkpoint","Stuffed Ball","Baseball","5","25.0"
"35","BPTT checkpoint","Stuffed Ball","Bottle","0","0.0"
"35","BPTT checkpoint","Stuffed Ball","Sponge Dice","0","0.0"
"35","BPTT checkpoint","Stuffed Ball","Tape","0","0.0"
"35","BPTT checkpoint","Stuffed Ball","Plush Toy","0","0.0"
"35","BPTT checkpoint","Stuffed Ball","Optical Mouse","0","0.0"
"35","BPTT checkpoint","Stuffed Ball","Smartphone","0","0.0"
"35","BPTT checkpoint","Stuffed Ball","Rubik's Cube","0","0.0"
"35","BPTT checkpoint","Stuffed Ball","Stuffed Ball","15","75.0"
"35","BPTT checkpoint","Stuffed Ball","3D-Printed Part","0","0.0"
"35","BPTT checkpoint","3D-Printed Part","Baseball","0","0.0"
"35","BPTT checkpoint","3D-Printed Part","Bottle","0","0.0"
"35","BPTT checkpoint","3D-Printed Part","Sponge Dice","0","0.0"
"35","BPTT checkpoint","3D-Printed Part","Tape","0","0.0"
"35","BPTT checkpoint","3D-Printed Part","Plush Toy","0","0.0"
"35","BPTT checkpoint","3D-Printed Part","Optical Mouse","0","0.0"
"35","BPTT checkpoint","3D-Printed Part","Smartphone","0","0.0"
"35","BPTT checkpoint","3D-Printed Part","Rubik's Cube","0","0.0"
"35","BPTT checkpoint","3D-Printed Part","Stuffed Ball","0","0.0"
"35","BPTT checkpoint","3D-Printed Part","3D-Printed Part","20","100.0"
"36","BPTT checkpoint","Baseball","Baseball","16","80.0"
"36","BPTT checkpoint","Baseball","Bottle","0","0.0"
"36","BPTT checkpoint","Baseball","Sponge Dice","0","0.0"
"36","BPTT checkpoint","Baseball","Tape","3","15.0"
"36","BPTT checkpoint","Baseball","Plush Toy","0","0.0"
"36","BPTT checkpoint","Baseball","Optical Mouse","0","0.0"
"36","BPTT checkpoint","Baseball","Smartphone","0","0.0"
"36","BPTT checkpoint","Baseball","Rubik's Cube","0","0.0"
"36","BPTT checkpoint","Baseball","Stuffed Ball","1","5.0"
"36","BPTT checkpoint","Baseball","3D-Printed Part","0","0.0"
"36","BPTT checkpoint","Bottle","Baseball","0","0.0"
"36","BPTT checkpoint","Bottle","Bottle","20","100.0"
"36","BPTT checkpoint","Bottle","Sponge Dice","0","0.0"
"36","BPTT checkpoint","Bottle","Tape","0","0.0"
"36","BPTT checkpoint","Bottle","Plush Toy","0","0.0"
"36","BPTT checkpoint","Bottle","Optical Mouse","0","0.0"
"36","BPTT checkpoint","Bottle","Smartphone","0","0.0"
"36","BPTT checkpoint","Bottle","Rubik's Cube","0","0.0"
"36","BPTT checkpoint","Bottle","Stuffed Ball","0","0.0"
"36","BPTT checkpoint","Bottle","3D-Printed Part","0","0.0"
"36","BPTT checkpoint","Sponge Dice","Baseball","0","0.0"
"36","BPTT checkpoint","Sponge Dice","Bottle","0","0.0"
"36","BPTT checkpoint","Sponge Dice","Sponge Dice","18","90.0"
"36","BPTT checkpoint","Sponge Dice","Tape","0","0.0"
"36","BPTT checkpoint","Sponge Dice","Plush Toy","0","0.0"
"36","BPTT checkpoint","Sponge Dice","Optical Mouse","0","0.0"
"36","BPTT checkpoint","Sponge Dice","Smartphone","0","0.0"
"36","BPTT checkpoint","Sponge Dice","Rubik's Cube","1","5.0"
"36","BPTT checkpoint","Sponge Dice","Stuffed Ball","0","0.0"
"36","BPTT checkpoint","Sponge Dice","3D-Printed Part","1","5.0"
"36","BPTT checkpoint","Tape","Baseball","5","25.0"
"36","BPTT checkpoint","Tape","Bottle","0","0.0"
"36","BPTT checkpoint","Tape","Sponge Dice","0","0.0"
"36","BPTT checkpoint","Tape","Tape","14","70.0"
"36","BPTT checkpoint","Tape","Plush Toy","0","0.0"
"36","BPTT checkpoint","Tape","Optical Mouse","0","0.0"
"36","BPTT checkpoint","Tape","Smartphone","0","0.0"
"36","BPTT checkpoint","Tape","Rubik's Cube","0","0.0"
"36","BPTT checkpoint","Tape","Stuffed Ball","1","5.0"
"36","BPTT checkpoint","Tape","3D-Printed Part","0","0.0"
"36","BPTT checkpoint","Plush Toy","Baseball","0","0.0"
"36","BPTT checkpoint","Plush Toy","Bottle","0","0.0"
"36","BPTT checkpoint","Plush Toy","Sponge Dice","0","0.0"
"36","BPTT checkpoint","Plush Toy","Tape","0","0.0"
"36","BPTT checkpoint","Plush Toy","Plush Toy","14","70.0"
"36","BPTT checkpoint","Plush Toy","Optical Mouse","6","30.0"
"36","BPTT checkpoint","Plush Toy","Smartphone","0","0.0"
"36","BPTT checkpoint","Plush Toy","Rubik's Cube","0","0.0"
"36","BPTT checkpoint","Plush Toy","Stuffed Ball","0","0.0"
"36","BPTT checkpoint","Plush Toy","3D-Printed Part","0","0.0"
"36","BPTT checkpoint","Optical Mouse","Baseball","0","0.0"
"36","BPTT checkpoint","Optical Mouse","Bottle","0","0.0"
"36","BPTT checkpoint","Optical Mouse","Sponge Dice","0","0.0"
"36","BPTT checkpoint","Optical Mouse","Tape","0","0.0"
"36","BPTT checkpoint","Optical Mouse","Plush Toy","2","10.0"
"36","BPTT checkpoint","Optical Mouse","Optical Mouse","18","90.0"
"36","BPTT checkpoint","Optical Mouse","Smartphone","0","0.0"
"36","BPTT checkpoint","Optical Mouse","Rubik's Cube","0","0.0"
"36","BPTT checkpoint","Optical Mouse","Stuffed Ball","0","0.0"
"36","BPTT checkpoint","Optical Mouse","3D-Printed Part","0","0.0"
"36","BPTT checkpoint","Smartphone","Baseball","0","0.0"
"36","BPTT checkpoint","Smartphone","Bottle","0","0.0"
"36","BPTT checkpoint","Smartphone","Sponge Dice","0","0.0"
"36","BPTT checkpoint","Smartphone","Tape","0","0.0"
"36","BPTT checkpoint","Smartphone","Plush Toy","0","0.0"
"36","BPTT checkpoint","Smartphone","Optical Mouse","0","0.0"
"36","BPTT checkpoint","Smartphone","Smartphone","20","100.0"
"36","BPTT checkpoint","Smartphone","Rubik's Cube","0","0.0"
"36","BPTT checkpoint","Smartphone","Stuffed Ball","0","0.0"
"36","BPTT checkpoint","Smartphone","3D-Printed Part","0","0.0"
"36","BPTT checkpoint","Rubik's Cube","Baseball","0","0.0"
"36","BPTT checkpoint","Rubik's Cube","Bottle","0","0.0"
"36","BPTT checkpoint","Rubik's Cube","Sponge Dice","0","0.0"
"36","BPTT checkpoint","Rubik's Cube","Tape","0","0.0"
"36","BPTT checkpoint","Rubik's Cube","Plush Toy","0","0.0"
"36","BPTT checkpoint","Rubik's Cube","Optical Mouse","0","0.0"
"36","BPTT checkpoint","Rubik's Cube","Smartphone","1","5.0"
"36","BPTT checkpoint","Rubik's Cube","Rubik's Cube","19","95.0"
"36","BPTT checkpoint","Rubik's Cube","Stuffed Ball","0","0.0"
"36","BPTT checkpoint","Rubik's Cube","3D-Printed Part","0","0.0"
"36","BPTT checkpoint","Stuffed Ball","Baseball","3","15.0"
"36","BPTT checkpoint","Stuffed Ball","Bottle","0","0.0"
"36","BPTT checkpoint","Stuffed Ball","Sponge Dice","0","0.0"
"36","BPTT checkpoint","Stuffed Ball","Tape","0","0.0"
"36","BPTT checkpoint","Stuffed Ball","Plush Toy","0","0.0"
"36","BPTT checkpoint","Stuffed Ball","Optical Mouse","0","0.0"
"36","BPTT checkpoint","Stuffed Ball","Smartphone","0","0.0"
"36","BPTT checkpoint","Stuffed Ball","Rubik's Cube","0","0.0"
"36","BPTT checkpoint","Stuffed Ball","Stuffed Ball","17","85.0"
"36","BPTT checkpoint","Stuffed Ball","3D-Printed Part","0","0.0"
"36","BPTT checkpoint","3D-Printed Part","Baseball","0","0.0"
"36","BPTT checkpoint","3D-Printed Part","Bottle","0","0.0"
"36","BPTT checkpoint","3D-Printed Part","Sponge Dice","0","0.0"
"36","BPTT checkpoint","3D-Printed Part","Tape","0","0.0"
"36","BPTT checkpoint","3D-Printed Part","Plush Toy","0","0.0"
"36","BPTT checkpoint","3D-Printed Part","Optical Mouse","0","0.0"
"36","BPTT checkpoint","3D-Printed Part","Smartphone","0","0.0"
"36","BPTT checkpoint","3D-Printed Part","Rubik's Cube","0","0.0"
"36","BPTT checkpoint","3D-Printed Part","Stuffed Ball","0","0.0"
"36","BPTT checkpoint","3D-Printed Part","3D-Printed Part","20","100.0"
"37","BPTT checkpoint","Baseball","Baseball","15","75.0"
"37","BPTT checkpoint","Baseball","Bottle","0","0.0"
"37","BPTT checkpoint","Baseball","Sponge Dice","0","0.0"
"37","BPTT checkpoint","Baseball","Tape","4","20.0"
"37","BPTT checkpoint","Baseball","Plush Toy","0","0.0"
"37","BPTT checkpoint","Baseball","Optical Mouse","0","0.0"
"37","BPTT checkpoint","Baseball","Smartphone","0","0.0"
"37","BPTT checkpoint","Baseball","Rubik's Cube","0","0.0"
"37","BPTT checkpoint","Baseball","Stuffed Ball","1","5.0"
"37","BPTT checkpoint","Baseball","3D-Printed Part","0","0.0"
"37","BPTT checkpoint","Bottle","Baseball","0","0.0"
"37","BPTT checkpoint","Bottle","Bottle","20","100.0"
"37","BPTT checkpoint","Bottle","Sponge Dice","0","0.0"
"37","BPTT checkpoint","Bottle","Tape","0","0.0"
"37","BPTT checkpoint","Bottle","Plush Toy","0","0.0"
"37","BPTT checkpoint","Bottle","Optical Mouse","0","0.0"
"37","BPTT checkpoint","Bottle","Smartphone","0","0.0"
"37","BPTT checkpoint","Bottle","Rubik's Cube","0","0.0"
"37","BPTT checkpoint","Bottle","Stuffed Ball","0","0.0"
"37","BPTT checkpoint","Bottle","3D-Printed Part","0","0.0"
"37","BPTT checkpoint","Sponge Dice","Baseball","0","0.0"
"37","BPTT checkpoint","Sponge Dice","Bottle","1","5.0"
"37","BPTT checkpoint","Sponge Dice","Sponge Dice","18","90.0"
"37","BPTT checkpoint","Sponge Dice","Tape","0","0.0"
"37","BPTT checkpoint","Sponge Dice","Plush Toy","0","0.0"
"37","BPTT checkpoint","Sponge Dice","Optical Mouse","0","0.0"
"37","BPTT checkpoint","Sponge Dice","Smartphone","0","0.0"
"37","BPTT checkpoint","Sponge Dice","Rubik's Cube","0","0.0"
"37","BPTT checkpoint","Sponge Dice","Stuffed Ball","0","0.0"
"37","BPTT checkpoint","Sponge Dice","3D-Printed Part","1","5.0"
"37","BPTT checkpoint","Tape","Baseball","4","20.0"
"37","BPTT checkpoint","Tape","Bottle","0","0.0"
"37","BPTT checkpoint","Tape","Sponge Dice","0","0.0"
"37","BPTT checkpoint","Tape","Tape","16","80.0"
"37","BPTT checkpoint","Tape","Plush Toy","0","0.0"
"37","BPTT checkpoint","Tape","Optical Mouse","0","0.0"
"37","BPTT checkpoint","Tape","Smartphone","0","0.0"
"37","BPTT checkpoint","Tape","Rubik's Cube","0","0.0"
"37","BPTT checkpoint","Tape","Stuffed Ball","0","0.0"
"37","BPTT checkpoint","Tape","3D-Printed Part","0","0.0"
"37","BPTT checkpoint","Plush Toy","Baseball","0","0.0"
"37","BPTT checkpoint","Plush Toy","Bottle","0","0.0"
"37","BPTT checkpoint","Plush Toy","Sponge Dice","0","0.0"
"37","BPTT checkpoint","Plush Toy","Tape","0","0.0"
"37","BPTT checkpoint","Plush Toy","Plush Toy","16","80.0"
"37","BPTT checkpoint","Plush Toy","Optical Mouse","4","20.0"
"37","BPTT checkpoint","Plush Toy","Smartphone","0","0.0"
"37","BPTT checkpoint","Plush Toy","Rubik's Cube","0","0.0"
"37","BPTT checkpoint","Plush Toy","Stuffed Ball","0","0.0"
"37","BPTT checkpoint","Plush Toy","3D-Printed Part","0","0.0"
"37","BPTT checkpoint","Optical Mouse","Baseball","0","0.0"
"37","BPTT checkpoint","Optical Mouse","Bottle","0","0.0"
"37","BPTT checkpoint","Optical Mouse","Sponge Dice","0","0.0"
"37","BPTT checkpoint","Optical Mouse","Tape","0","0.0"
"37","BPTT checkpoint","Optical Mouse","Plush Toy","2","10.0"
"37","BPTT checkpoint","Optical Mouse","Optical Mouse","18","90.0"
"37","BPTT checkpoint","Optical Mouse","Smartphone","0","0.0"
"37","BPTT checkpoint","Optical Mouse","Rubik's Cube","0","0.0"
"37","BPTT checkpoint","Optical Mouse","Stuffed Ball","0","0.0"
"37","BPTT checkpoint","Optical Mouse","3D-Printed Part","0","0.0"
"37","BPTT checkpoint","Smartphone","Baseball","0","0.0"
"37","BPTT checkpoint","Smartphone","Bottle","0","0.0"
"37","BPTT checkpoint","Smartphone","Sponge Dice","0","0.0"
"37","BPTT checkpoint","Smartphone","Tape","0","0.0"
"37","BPTT checkpoint","Smartphone","Plush Toy","0","0.0"
"37","BPTT checkpoint","Smartphone","Optical Mouse","0","0.0"
"37","BPTT checkpoint","Smartphone","Smartphone","20","100.0"
"37","BPTT checkpoint","Smartphone","Rubik's Cube","0","0.0"
"37","BPTT checkpoint","Smartphone","Stuffed Ball","0","0.0"
"37","BPTT checkpoint","Smartphone","3D-Printed Part","0","0.0"
"37","BPTT checkpoint","Rubik's Cube","Baseball","0","0.0"
"37","BPTT checkpoint","Rubik's Cube","Bottle","0","0.0"
"37","BPTT checkpoint","Rubik's Cube","Sponge Dice","2","10.0"
"37","BPTT checkpoint","Rubik's Cube","Tape","0","0.0"
"37","BPTT checkpoint","Rubik's Cube","Plush Toy","0","0.0"
"37","BPTT checkpoint","Rubik's Cube","Optical Mouse","0","0.0"
"37","BPTT checkpoint","Rubik's Cube","Smartphone","0","0.0"
"37","BPTT checkpoint","Rubik's Cube","Rubik's Cube","18","90.0"
"37","BPTT checkpoint","Rubik's Cube","Stuffed Ball","0","0.0"
"37","BPTT checkpoint","Rubik's Cube","3D-Printed Part","0","0.0"
"37","BPTT checkpoint","Stuffed Ball","Baseball","2","10.0"
"37","BPTT checkpoint","Stuffed Ball","Bottle","0","0.0"
"37","BPTT checkpoint","Stuffed Ball","Sponge Dice","0","0.0"
"37","BPTT checkpoint","Stuffed Ball","Tape","0","0.0"
"37","BPTT checkpoint","Stuffed Ball","Plush Toy","0","0.0"
"37","BPTT checkpoint","Stuffed Ball","Optical Mouse","0","0.0"
"37","BPTT checkpoint","Stuffed Ball","Smartphone","0","0.0"
"37","BPTT checkpoint","Stuffed Ball","Rubik's Cube","0","0.0"
"37","BPTT checkpoint","Stuffed Ball","Stuffed Ball","18","90.0"
"37","BPTT checkpoint","Stuffed Ball","3D-Printed Part","0","0.0"
"37","BPTT checkpoint","3D-Printed Part","Baseball","0","0.0"
"37","BPTT checkpoint","3D-Printed Part","Bottle","0","0.0"
"37","BPTT checkpoint","3D-Printed Part","Sponge Dice","0","0.0"
"37","BPTT checkpoint","3D-Printed Part","Tape","0","0.0"
"37","BPTT checkpoint","3D-Printed Part","Plush Toy","0","0.0"
"37","BPTT checkpoint","3D-Printed Part","Optical Mouse","0","0.0"
"37","BPTT checkpoint","3D-Printed Part","Smartphone","0","0.0"
"37","BPTT checkpoint","3D-Printed Part","Rubik's Cube","0","0.0"
"37","BPTT checkpoint","3D-Printed Part","Stuffed Ball","0","0.0"
"37","BPTT checkpoint","3D-Printed Part","3D-Printed Part","20","100.0"
"38","BPTT checkpoint","Baseball","Baseball","13","65.0"
"38","BPTT checkpoint","Baseball","Bottle","0","0.0"
"38","BPTT checkpoint","Baseball","Sponge Dice","0","0.0"
"38","BPTT checkpoint","Baseball","Tape","4","20.0"
"38","BPTT checkpoint","Baseball","Plush Toy","0","0.0"
"38","BPTT checkpoint","Baseball","Optical Mouse","0","0.0"
"38","BPTT checkpoint","Baseball","Smartphone","0","0.0"
"38","BPTT checkpoint","Baseball","Rubik's Cube","0","0.0"
"38","BPTT checkpoint","Baseball","Stuffed Ball","3","15.0"
"38","BPTT checkpoint","Baseball","3D-Printed Part","0","0.0"
"38","BPTT checkpoint","Bottle","Baseball","0","0.0"
"38","BPTT checkpoint","Bottle","Bottle","20","100.0"
"38","BPTT checkpoint","Bottle","Sponge Dice","0","0.0"
"38","BPTT checkpoint","Bottle","Tape","0","0.0"
"38","BPTT checkpoint","Bottle","Plush Toy","0","0.0"
"38","BPTT checkpoint","Bottle","Optical Mouse","0","0.0"
"38","BPTT checkpoint","Bottle","Smartphone","0","0.0"
"38","BPTT checkpoint","Bottle","Rubik's Cube","0","0.0"
"38","BPTT checkpoint","Bottle","Stuffed Ball","0","0.0"
"38","BPTT checkpoint","Bottle","3D-Printed Part","0","0.0"
"38","BPTT checkpoint","Sponge Dice","Baseball","0","0.0"
"38","BPTT checkpoint","Sponge Dice","Bottle","0","0.0"
"38","BPTT checkpoint","Sponge Dice","Sponge Dice","16","80.0"
"38","BPTT checkpoint","Sponge Dice","Tape","0","0.0"
"38","BPTT checkpoint","Sponge Dice","Plush Toy","0","0.0"
"38","BPTT checkpoint","Sponge Dice","Optical Mouse","1","5.0"
"38","BPTT checkpoint","Sponge Dice","Smartphone","0","0.0"
"38","BPTT checkpoint","Sponge Dice","Rubik's Cube","2","10.0"
"38","BPTT checkpoint","Sponge Dice","Stuffed Ball","0","0.0"
"38","BPTT checkpoint","Sponge Dice","3D-Printed Part","1","5.0"
"38","BPTT checkpoint","Tape","Baseball","1","5.0"
"38","BPTT checkpoint","Tape","Bottle","0","0.0"
"38","BPTT checkpoint","Tape","Sponge Dice","0","0.0"
"38","BPTT checkpoint","Tape","Tape","13","65.0"
"38","BPTT checkpoint","Tape","Plush Toy","0","0.0"
"38","BPTT checkpoint","Tape","Optical Mouse","0","0.0"
"38","BPTT checkpoint","Tape","Smartphone","0","0.0"
"38","BPTT checkpoint","Tape","Rubik's Cube","0","0.0"
"38","BPTT checkpoint","Tape","Stuffed Ball","6","30.0"
"38","BPTT checkpoint","Tape","3D-Printed Part","0","0.0"
"38","BPTT checkpoint","Plush Toy","Baseball","0","0.0"
"38","BPTT checkpoint","Plush Toy","Bottle","0","0.0"
"38","BPTT checkpoint","Plush Toy","Sponge Dice","0","0.0"
"38","BPTT checkpoint","Plush Toy","Tape","0","0.0"
"38","BPTT checkpoint","Plush Toy","Plush Toy","20","100.0"
"38","BPTT checkpoint","Plush Toy","Optical Mouse","0","0.0"
"38","BPTT checkpoint","Plush Toy","Smartphone","0","0.0"
"38","BPTT checkpoint","Plush Toy","Rubik's Cube","0","0.0"
"38","BPTT checkpoint","Plush Toy","Stuffed Ball","0","0.0"
"38","BPTT checkpoint","Plush Toy","3D-Printed Part","0","0.0"
"38","BPTT checkpoint","Optical Mouse","Baseball","0","0.0"
"38","BPTT checkpoint","Optical Mouse","Bottle","0","0.0"
"38","BPTT checkpoint","Optical Mouse","Sponge Dice","0","0.0"
"38","BPTT checkpoint","Optical Mouse","Tape","0","0.0"
"38","BPTT checkpoint","Optical Mouse","Plush Toy","3","15.0"
"38","BPTT checkpoint","Optical Mouse","Optical Mouse","17","85.0"
"38","BPTT checkpoint","Optical Mouse","Smartphone","0","0.0"
"38","BPTT checkpoint","Optical Mouse","Rubik's Cube","0","0.0"
"38","BPTT checkpoint","Optical Mouse","Stuffed Ball","0","0.0"
"38","BPTT checkpoint","Optical Mouse","3D-Printed Part","0","0.0"
"38","BPTT checkpoint","Smartphone","Baseball","0","0.0"
"38","BPTT checkpoint","Smartphone","Bottle","0","0.0"
"38","BPTT checkpoint","Smartphone","Sponge Dice","0","0.0"
"38","BPTT checkpoint","Smartphone","Tape","0","0.0"
"38","BPTT checkpoint","Smartphone","Plush Toy","0","0.0"
"38","BPTT checkpoint","Smartphone","Optical Mouse","0","0.0"
"38","BPTT checkpoint","Smartphone","Smartphone","20","100.0"
"38","BPTT checkpoint","Smartphone","Rubik's Cube","0","0.0"
"38","BPTT checkpoint","Smartphone","Stuffed Ball","0","0.0"
"38","BPTT checkpoint","Smartphone","3D-Printed Part","0","0.0"
"38","BPTT checkpoint","Rubik's Cube","Baseball","0","0.0"
"38","BPTT checkpoint","Rubik's Cube","Bottle","0","0.0"
"38","BPTT checkpoint","Rubik's Cube","Sponge Dice","0","0.0"
"38","BPTT checkpoint","Rubik's Cube","Tape","0","0.0"
"38","BPTT checkpoint","Rubik's Cube","Plush Toy","0","0.0"
"38","BPTT checkpoint","Rubik's Cube","Optical Mouse","0","0.0"
"38","BPTT checkpoint","Rubik's Cube","Smartphone","1","5.0"
"38","BPTT checkpoint","Rubik's Cube","Rubik's Cube","19","95.0"
"38","BPTT checkpoint","Rubik's Cube","Stuffed Ball","0","0.0"
"38","BPTT checkpoint","Rubik's Cube","3D-Printed Part","0","0.0"
"38","BPTT checkpoint","Stuffed Ball","Baseball","5","25.0"
"38","BPTT checkpoint","Stuffed Ball","Bottle","0","0.0"
"38","BPTT checkpoint","Stuffed Ball","Sponge Dice","0","0.0"
"38","BPTT checkpoint","Stuffed Ball","Tape","0","0.0"
"38","BPTT checkpoint","Stuffed Ball","Plush Toy","0","0.0"
"38","BPTT checkpoint","Stuffed Ball","Optical Mouse","0","0.0"
"38","BPTT checkpoint","Stuffed Ball","Smartphone","0","0.0"
"38","BPTT checkpoint","Stuffed Ball","Rubik's Cube","0","0.0"
"38","BPTT checkpoint","Stuffed Ball","Stuffed Ball","15","75.0"
"38","BPTT checkpoint","Stuffed Ball","3D-Printed Part","0","0.0"
"38","BPTT checkpoint","3D-Printed Part","Baseball","0","0.0"
"38","BPTT checkpoint","3D-Printed Part","Bottle","0","0.0"
"38","BPTT checkpoint","3D-Printed Part","Sponge Dice","0","0.0"
"38","BPTT checkpoint","3D-Printed Part","Tape","0","0.0"
"38","BPTT checkpoint","3D-Printed Part","Plush Toy","0","0.0"
"38","BPTT checkpoint","3D-Printed Part","Optical Mouse","0","0.0"
"38","BPTT checkpoint","3D-Printed Part","Smartphone","0","0.0"
"38","BPTT checkpoint","3D-Printed Part","Rubik's Cube","0","0.0"
"38","BPTT checkpoint","3D-Printed Part","Stuffed Ball","0","0.0"
"38","BPTT checkpoint","3D-Printed Part","3D-Printed Part","20","100.0"
"39","BPTT checkpoint","Baseball","Baseball","6","30.0"
"39","BPTT checkpoint","Baseball","Bottle","0","0.0"
"39","BPTT checkpoint","Baseball","Sponge Dice","0","0.0"
"39","BPTT checkpoint","Baseball","Tape","4","20.0"
"39","BPTT checkpoint","Baseball","Plush Toy","0","0.0"
"39","BPTT checkpoint","Baseball","Optical Mouse","0","0.0"
"39","BPTT checkpoint","Baseball","Smartphone","0","0.0"
"39","BPTT checkpoint","Baseball","Rubik's Cube","0","0.0"
"39","BPTT checkpoint","Baseball","Stuffed Ball","10","50.0"
"39","BPTT checkpoint","Baseball","3D-Printed Part","0","0.0"
"39","BPTT checkpoint","Bottle","Baseball","0","0.0"
"39","BPTT checkpoint","Bottle","Bottle","20","100.0"
"39","BPTT checkpoint","Bottle","Sponge Dice","0","0.0"
"39","BPTT checkpoint","Bottle","Tape","0","0.0"
"39","BPTT checkpoint","Bottle","Plush Toy","0","0.0"
"39","BPTT checkpoint","Bottle","Optical Mouse","0","0.0"
"39","BPTT checkpoint","Bottle","Smartphone","0","0.0"
"39","BPTT checkpoint","Bottle","Rubik's Cube","0","0.0"
"39","BPTT checkpoint","Bottle","Stuffed Ball","0","0.0"
"39","BPTT checkpoint","Bottle","3D-Printed Part","0","0.0"
"39","BPTT checkpoint","Sponge Dice","Baseball","0","0.0"
"39","BPTT checkpoint","Sponge Dice","Bottle","0","0.0"
"39","BPTT checkpoint","Sponge Dice","Sponge Dice","17","85.0"
"39","BPTT checkpoint","Sponge Dice","Tape","0","0.0"
"39","BPTT checkpoint","Sponge Dice","Plush Toy","0","0.0"
"39","BPTT checkpoint","Sponge Dice","Optical Mouse","0","0.0"
"39","BPTT checkpoint","Sponge Dice","Smartphone","0","0.0"
"39","BPTT checkpoint","Sponge Dice","Rubik's Cube","3","15.0"
"39","BPTT checkpoint","Sponge Dice","Stuffed Ball","0","0.0"
"39","BPTT checkpoint","Sponge Dice","3D-Printed Part","0","0.0"
"39","BPTT checkpoint","Tape","Baseball","0","0.0"
"39","BPTT checkpoint","Tape","Bottle","0","0.0"
"39","BPTT checkpoint","Tape","Sponge Dice","0","0.0"
"39","BPTT checkpoint","Tape","Tape","14","70.0"
"39","BPTT checkpoint","Tape","Plush Toy","0","0.0"
"39","BPTT checkpoint","Tape","Optical Mouse","0","0.0"
"39","BPTT checkpoint","Tape","Smartphone","0","0.0"
"39","BPTT checkpoint","Tape","Rubik's Cube","0","0.0"
"39","BPTT checkpoint","Tape","Stuffed Ball","6","30.0"
"39","BPTT checkpoint","Tape","3D-Printed Part","0","0.0"
"39","BPTT checkpoint","Plush Toy","Baseball","0","0.0"
"39","BPTT checkpoint","Plush Toy","Bottle","0","0.0"
"39","BPTT checkpoint","Plush Toy","Sponge Dice","0","0.0"
"39","BPTT checkpoint","Plush Toy","Tape","0","0.0"
"39","BPTT checkpoint","Plush Toy","Plush Toy","16","80.0"
"39","BPTT checkpoint","Plush Toy","Optical Mouse","4","20.0"
"39","BPTT checkpoint","Plush Toy","Smartphone","0","0.0"
"39","BPTT checkpoint","Plush Toy","Rubik's Cube","0","0.0"
"39","BPTT checkpoint","Plush Toy","Stuffed Ball","0","0.0"
"39","BPTT checkpoint","Plush Toy","3D-Printed Part","0","0.0"
"39","BPTT checkpoint","Optical Mouse","Baseball","0","0.0"
"39","BPTT checkpoint","Optical Mouse","Bottle","0","0.0"
"39","BPTT checkpoint","Optical Mouse","Sponge Dice","0","0.0"
"39","BPTT checkpoint","Optical Mouse","Tape","0","0.0"
"39","BPTT checkpoint","Optical Mouse","Plush Toy","2","10.0"
"39","BPTT checkpoint","Optical Mouse","Optical Mouse","18","90.0"
"39","BPTT checkpoint","Optical Mouse","Smartphone","0","0.0"
"39","BPTT checkpoint","Optical Mouse","Rubik's Cube","0","0.0"
"39","BPTT checkpoint","Optical Mouse","Stuffed Ball","0","0.0"
"39","BPTT checkpoint","Optical Mouse","3D-Printed Part","0","0.0"
"39","BPTT checkpoint","Smartphone","Baseball","0","0.0"
"39","BPTT checkpoint","Smartphone","Bottle","0","0.0"
"39","BPTT checkpoint","Smartphone","Sponge Dice","0","0.0"
"39","BPTT checkpoint","Smartphone","Tape","0","0.0"
"39","BPTT checkpoint","Smartphone","Plush Toy","0","0.0"
"39","BPTT checkpoint","Smartphone","Optical Mouse","0","0.0"
"39","BPTT checkpoint","Smartphone","Smartphone","20","100.0"
"39","BPTT checkpoint","Smartphone","Rubik's Cube","0","0.0"
"39","BPTT checkpoint","Smartphone","Stuffed Ball","0","0.0"
"39","BPTT checkpoint","Smartphone","3D-Printed Part","0","0.0"
"39","BPTT checkpoint","Rubik's Cube","Baseball","0","0.0"
"39","BPTT checkpoint","Rubik's Cube","Bottle","0","0.0"
"39","BPTT checkpoint","Rubik's Cube","Sponge Dice","0","0.0"
"39","BPTT checkpoint","Rubik's Cube","Tape","0","0.0"
"39","BPTT checkpoint","Rubik's Cube","Plush Toy","1","5.0"
"39","BPTT checkpoint","Rubik's Cube","Optical Mouse","0","0.0"
"39","BPTT checkpoint","Rubik's Cube","Smartphone","0","0.0"
"39","BPTT checkpoint","Rubik's Cube","Rubik's Cube","19","95.0"
"39","BPTT checkpoint","Rubik's Cube","Stuffed Ball","0","0.0"
"39","BPTT checkpoint","Rubik's Cube","3D-Printed Part","0","0.0"
"39","BPTT checkpoint","Stuffed Ball","Baseball","2","10.0"
"39","BPTT checkpoint","Stuffed Ball","Bottle","0","0.0"
"39","BPTT checkpoint","Stuffed Ball","Sponge Dice","0","0.0"
"39","BPTT checkpoint","Stuffed Ball","Tape","0","0.0"
"39","BPTT checkpoint","Stuffed Ball","Plush Toy","0","0.0"
"39","BPTT checkpoint","Stuffed Ball","Optical Mouse","0","0.0"
"39","BPTT checkpoint","Stuffed Ball","Smartphone","0","0.0"
"39","BPTT checkpoint","Stuffed Ball","Rubik's Cube","0","0.0"
"39","BPTT checkpoint","Stuffed Ball","Stuffed Ball","18","90.0"
"39","BPTT checkpoint","Stuffed Ball","3D-Printed Part","0","0.0"
"39","BPTT checkpoint","3D-Printed Part","Baseball","0","0.0"
"39","BPTT checkpoint","3D-Printed Part","Bottle","0","0.0"
"39","BPTT checkpoint","3D-Printed Part","Sponge Dice","0","0.0"
"39","BPTT checkpoint","3D-Printed Part","Tape","0","0.0"
"39","BPTT checkpoint","3D-Printed Part","Plush Toy","0","0.0"
"39","BPTT checkpoint","3D-Printed Part","Optical Mouse","0","0.0"
"39","BPTT checkpoint","3D-Printed Part","Smartphone","0","0.0"
"39","BPTT checkpoint","3D-Printed Part","Rubik's Cube","0","0.0"
"39","BPTT checkpoint","3D-Printed Part","Stuffed Ball","0","0.0"
"39","BPTT checkpoint","3D-Printed Part","3D-Printed Part","20","100.0"
"40","BPTT checkpoint","Baseball","Baseball","11","55.00000000000001"
"40","BPTT checkpoint","Baseball","Bottle","0","0.0"
"40","BPTT checkpoint","Baseball","Sponge Dice","0","0.0"
"40","BPTT checkpoint","Baseball","Tape","4","20.0"
"40","BPTT checkpoint","Baseball","Plush Toy","0","0.0"
"40","BPTT checkpoint","Baseball","Optical Mouse","0","0.0"
"40","BPTT checkpoint","Baseball","Smartphone","0","0.0"
"40","BPTT checkpoint","Baseball","Rubik's Cube","0","0.0"
"40","BPTT checkpoint","Baseball","Stuffed Ball","5","25.0"
"40","BPTT checkpoint","Baseball","3D-Printed Part","0","0.0"
"40","BPTT checkpoint","Bottle","Baseball","0","0.0"
"40","BPTT checkpoint","Bottle","Bottle","20","100.0"
"40","BPTT checkpoint","Bottle","Sponge Dice","0","0.0"
"40","BPTT checkpoint","Bottle","Tape","0","0.0"
"40","BPTT checkpoint","Bottle","Plush Toy","0","0.0"
"40","BPTT checkpoint","Bottle","Optical Mouse","0","0.0"
"40","BPTT checkpoint","Bottle","Smartphone","0","0.0"
"40","BPTT checkpoint","Bottle","Rubik's Cube","0","0.0"
"40","BPTT checkpoint","Bottle","Stuffed Ball","0","0.0"
"40","BPTT checkpoint","Bottle","3D-Printed Part","0","0.0"
"40","BPTT checkpoint","Sponge Dice","Baseball","0","0.0"
"40","BPTT checkpoint","Sponge Dice","Bottle","0","0.0"
"40","BPTT checkpoint","Sponge Dice","Sponge Dice","16","80.0"
"40","BPTT checkpoint","Sponge Dice","Tape","0","0.0"
"40","BPTT checkpoint","Sponge Dice","Plush Toy","0","0.0"
"40","BPTT checkpoint","Sponge Dice","Optical Mouse","0","0.0"
"40","BPTT checkpoint","Sponge Dice","Smartphone","0","0.0"
"40","BPTT checkpoint","Sponge Dice","Rubik's Cube","2","10.0"
"40","BPTT checkpoint","Sponge Dice","Stuffed Ball","0","0.0"
"40","BPTT checkpoint","Sponge Dice","3D-Printed Part","2","10.0"
"40","BPTT checkpoint","Tape","Baseball","3","15.0"
"40","BPTT checkpoint","Tape","Bottle","0","0.0"
"40","BPTT checkpoint","Tape","Sponge Dice","0","0.0"
"40","BPTT checkpoint","Tape","Tape","15","75.0"
"40","BPTT checkpoint","Tape","Plush Toy","0","0.0"
"40","BPTT checkpoint","Tape","Optical Mouse","0","0.0"
"40","BPTT checkpoint","Tape","Smartphone","0","0.0"
"40","BPTT checkpoint","Tape","Rubik's Cube","0","0.0"
"40","BPTT checkpoint","Tape","Stuffed Ball","2","10.0"
"40","BPTT checkpoint","Tape","3D-Printed Part","0","0.0"
"40","BPTT checkpoint","Plush Toy","Baseball","0","0.0"
"40","BPTT checkpoint","Plush Toy","Bottle","0","0.0"
"40","BPTT checkpoint","Plush Toy","Sponge Dice","0","0.0"
"40","BPTT checkpoint","Plush Toy","Tape","0","0.0"
"40","BPTT checkpoint","Plush Toy","Plush Toy","16","80.0"
"40","BPTT checkpoint","Plush Toy","Optical Mouse","4","20.0"
"40","BPTT checkpoint","Plush Toy","Smartphone","0","0.0"
"40","BPTT checkpoint","Plush Toy","Rubik's Cube","0","0.0"
"40","BPTT checkpoint","Plush Toy","Stuffed Ball","0","0.0"
"40","BPTT checkpoint","Plush Toy","3D-Printed Part","0","0.0"
"40","BPTT checkpoint","Optical Mouse","Baseball","0","0.0"
"40","BPTT checkpoint","Optical Mouse","Bottle","0","0.0"
"40","BPTT checkpoint","Optical Mouse","Sponge Dice","0","0.0"
"40","BPTT checkpoint","Optical Mouse","Tape","0","0.0"
"40","BPTT checkpoint","Optical Mouse","Plush Toy","2","10.0"
"40","BPTT checkpoint","Optical Mouse","Optical Mouse","18","90.0"
"40","BPTT checkpoint","Optical Mouse","Smartphone","0","0.0"
"40","BPTT checkpoint","Optical Mouse","Rubik's Cube","0","0.0"
"40","BPTT checkpoint","Optical Mouse","Stuffed Ball","0","0.0"
"40","BPTT checkpoint","Optical Mouse","3D-Printed Part","0","0.0"
"40","BPTT checkpoint","Smartphone","Baseball","0","0.0"
"40","BPTT checkpoint","Smartphone","Bottle","0","0.0"
"40","BPTT checkpoint","Smartphone","Sponge Dice","0","0.0"
"40","BPTT checkpoint","Smartphone","Tape","0","0.0"
"40","BPTT checkpoint","Smartphone","Plush Toy","0","0.0"
"40","BPTT checkpoint","Smartphone","Optical Mouse","0","0.0"
"40","BPTT checkpoint","Smartphone","Smartphone","20","100.0"
"40","BPTT checkpoint","Smartphone","Rubik's Cube","0","0.0"
"40","BPTT checkpoint","Smartphone","Stuffed Ball","0","0.0"
"40","BPTT checkpoint","Smartphone","3D-Printed Part","0","0.0"
"40","BPTT checkpoint","Rubik's Cube","Baseball","0","0.0"
"40","BPTT checkpoint","Rubik's Cube","Bottle","0","0.0"
"40","BPTT checkpoint","Rubik's Cube","Sponge Dice","1","5.0"
"40","BPTT checkpoint","Rubik's Cube","Tape","0","0.0"
"40","BPTT checkpoint","Rubik's Cube","Plush Toy","0","0.0"
"40","BPTT checkpoint","Rubik's Cube","Optical Mouse","0","0.0"
"40","BPTT checkpoint","Rubik's Cube","Smartphone","0","0.0"
"40","BPTT checkpoint","Rubik's Cube","Rubik's Cube","19","95.0"
"40","BPTT checkpoint","Rubik's Cube","Stuffed Ball","0","0.0"
"40","BPTT checkpoint","Rubik's Cube","3D-Printed Part","0","0.0"
"40","BPTT checkpoint","Stuffed Ball","Baseball","11","55.00000000000001"
"40","BPTT checkpoint","Stuffed Ball","Bottle","0","0.0"
"40","BPTT checkpoint","Stuffed Ball","Sponge Dice","0","0.0"
"40","BPTT checkpoint","Stuffed Ball","Tape","0","0.0"
"40","BPTT checkpoint","Stuffed Ball","Plush Toy","0","0.0"
"40","BPTT checkpoint","Stuffed Ball","Optical Mouse","0","0.0"
"40","BPTT checkpoint","Stuffed Ball","Smartphone","0","0.0"
"40","BPTT checkpoint","Stuffed Ball","Rubik's Cube","0","0.0"
"40","BPTT checkpoint","Stuffed Ball","Stuffed Ball","9","45.0"
"40","BPTT checkpoint","Stuffed Ball","3D-Printed Part","0","0.0"
"40","BPTT checkpoint","3D-Printed Part","Baseball","0","0.0"
"40","BPTT checkpoint","3D-Printed Part","Bottle","0","0.0"
"40","BPTT checkpoint","3D-Printed Part","Sponge Dice","0","0.0"
"40","BPTT checkpoint","3D-Printed Part","Tape","0","0.0"
"40","BPTT checkpoint","3D-Printed Part","Plush Toy","0","0.0"
"40","BPTT checkpoint","3D-Printed Part","Optical Mouse","0","0.0"
"40","BPTT checkpoint","3D-Printed Part","Smartphone","0","0.0"
"40","BPTT checkpoint","3D-Printed Part","Rubik's Cube","0","0.0"
"40","BPTT checkpoint","3D-Printed Part","Stuffed Ball","0","0.0"
"40","BPTT checkpoint","3D-Printed Part","3D-Printed Part","20","100.0"
"41","BPTT checkpoint","Baseball","Baseball","14","70.0"
"41","BPTT checkpoint","Baseball","Bottle","0","0.0"
"41","BPTT checkpoint","Baseball","Sponge Dice","0","0.0"
"41","BPTT checkpoint","Baseball","Tape","5","25.0"
"41","BPTT checkpoint","Baseball","Plush Toy","0","0.0"
"41","BPTT checkpoint","Baseball","Optical Mouse","0","0.0"
"41","BPTT checkpoint","Baseball","Smartphone","0","0.0"
"41","BPTT checkpoint","Baseball","Rubik's Cube","0","0.0"
"41","BPTT checkpoint","Baseball","Stuffed Ball","1","5.0"
"41","BPTT checkpoint","Baseball","3D-Printed Part","0","0.0"
"41","BPTT checkpoint","Bottle","Baseball","0","0.0"
"41","BPTT checkpoint","Bottle","Bottle","20","100.0"
"41","BPTT checkpoint","Bottle","Sponge Dice","0","0.0"
"41","BPTT checkpoint","Bottle","Tape","0","0.0"
"41","BPTT checkpoint","Bottle","Plush Toy","0","0.0"
"41","BPTT checkpoint","Bottle","Optical Mouse","0","0.0"
"41","BPTT checkpoint","Bottle","Smartphone","0","0.0"
"41","BPTT checkpoint","Bottle","Rubik's Cube","0","0.0"
"41","BPTT checkpoint","Bottle","Stuffed Ball","0","0.0"
"41","BPTT checkpoint","Bottle","3D-Printed Part","0","0.0"
"41","BPTT checkpoint","Sponge Dice","Baseball","0","0.0"
"41","BPTT checkpoint","Sponge Dice","Bottle","1","5.0"
"41","BPTT checkpoint","Sponge Dice","Sponge Dice","18","90.0"
"41","BPTT checkpoint","Sponge Dice","Tape","0","0.0"
"41","BPTT checkpoint","Sponge Dice","Plush Toy","0","0.0"
"41","BPTT checkpoint","Sponge Dice","Optical Mouse","0","0.0"
"41","BPTT checkpoint","Sponge Dice","Smartphone","0","0.0"
"41","BPTT checkpoint","Sponge Dice","Rubik's Cube","0","0.0"
"41","BPTT checkpoint","Sponge Dice","Stuffed Ball","0","0.0"
"41","BPTT checkpoint","Sponge Dice","3D-Printed Part","1","5.0"
"41","BPTT checkpoint","Tape","Baseball","3","15.0"
"41","BPTT checkpoint","Tape","Bottle","0","0.0"
"41","BPTT checkpoint","Tape","Sponge Dice","0","0.0"
"41","BPTT checkpoint","Tape","Tape","14","70.0"
"41","BPTT checkpoint","Tape","Plush Toy","0","0.0"
"41","BPTT checkpoint","Tape","Optical Mouse","0","0.0"
"41","BPTT checkpoint","Tape","Smartphone","0","0.0"
"41","BPTT checkpoint","Tape","Rubik's Cube","0","0.0"
"41","BPTT checkpoint","Tape","Stuffed Ball","3","15.0"
"41","BPTT checkpoint","Tape","3D-Printed Part","0","0.0"
"41","BPTT checkpoint","Plush Toy","Baseball","0","0.0"
"41","BPTT checkpoint","Plush Toy","Bottle","0","0.0"
"41","BPTT checkpoint","Plush Toy","Sponge Dice","0","0.0"
"41","BPTT checkpoint","Plush Toy","Tape","0","0.0"
"41","BPTT checkpoint","Plush Toy","Plush Toy","20","100.0"
"41","BPTT checkpoint","Plush Toy","Optical Mouse","0","0.0"
"41","BPTT checkpoint","Plush Toy","Smartphone","0","0.0"
"41","BPTT checkpoint","Plush Toy","Rubik's Cube","0","0.0"
"41","BPTT checkpoint","Plush Toy","Stuffed Ball","0","0.0"
"41","BPTT checkpoint","Plush Toy","3D-Printed Part","0","0.0"
"41","BPTT checkpoint","Optical Mouse","Baseball","0","0.0"
"41","BPTT checkpoint","Optical Mouse","Bottle","0","0.0"
"41","BPTT checkpoint","Optical Mouse","Sponge Dice","0","0.0"
"41","BPTT checkpoint","Optical Mouse","Tape","0","0.0"
"41","BPTT checkpoint","Optical Mouse","Plush Toy","3","15.0"
"41","BPTT checkpoint","Optical Mouse","Optical Mouse","17","85.0"
"41","BPTT checkpoint","Optical Mouse","Smartphone","0","0.0"
"41","BPTT checkpoint","Optical Mouse","Rubik's Cube","0","0.0"
"41","BPTT checkpoint","Optical Mouse","Stuffed Ball","0","0.0"
"41","BPTT checkpoint","Optical Mouse","3D-Printed Part","0","0.0"
"41","BPTT checkpoint","Smartphone","Baseball","0","0.0"
"41","BPTT checkpoint","Smartphone","Bottle","0","0.0"
"41","BPTT checkpoint","Smartphone","Sponge Dice","0","0.0"
"41","BPTT checkpoint","Smartphone","Tape","0","0.0"
"41","BPTT checkpoint","Smartphone","Plush Toy","0","0.0"
"41","BPTT checkpoint","Smartphone","Optical Mouse","0","0.0"
"41","BPTT checkpoint","Smartphone","Smartphone","20","100.0"
"41","BPTT checkpoint","Smartphone","Rubik's Cube","0","0.0"
"41","BPTT checkpoint","Smartphone","Stuffed Ball","0","0.0"
"41","BPTT checkpoint","Smartphone","3D-Printed Part","0","0.0"
"41","BPTT checkpoint","Rubik's Cube","Baseball","0","0.0"
"41","BPTT checkpoint","Rubik's Cube","Bottle","0","0.0"
"41","BPTT checkpoint","Rubik's Cube","Sponge Dice","0","0.0"
"41","BPTT checkpoint","Rubik's Cube","Tape","0","0.0"
"41","BPTT checkpoint","Rubik's Cube","Plush Toy","0","0.0"
"41","BPTT checkpoint","Rubik's Cube","Optical Mouse","0","0.0"
"41","BPTT checkpoint","Rubik's Cube","Smartphone","1","5.0"
"41","BPTT checkpoint","Rubik's Cube","Rubik's Cube","19","95.0"
"41","BPTT checkpoint","Rubik's Cube","Stuffed Ball","0","0.0"
"41","BPTT checkpoint","Rubik's Cube","3D-Printed Part","0","0.0"
"41","BPTT checkpoint","Stuffed Ball","Baseball","8","40.0"
"41","BPTT checkpoint","Stuffed Ball","Bottle","0","0.0"
"41","BPTT checkpoint","Stuffed Ball","Sponge Dice","0","0.0"
"41","BPTT checkpoint","Stuffed Ball","Tape","0","0.0"
"41","BPTT checkpoint","Stuffed Ball","Plush Toy","0","0.0"
"41","BPTT checkpoint","Stuffed Ball","Optical Mouse","0","0.0"
"41","BPTT checkpoint","Stuffed Ball","Smartphone","0","0.0"
"41","BPTT checkpoint","Stuffed Ball","Rubik's Cube","0","0.0"
"41","BPTT checkpoint","Stuffed Ball","Stuffed Ball","12","60.0"
"41","BPTT checkpoint","Stuffed Ball","3D-Printed Part","0","0.0"
"41","BPTT checkpoint","3D-Printed Part","Baseball","0","0.0"
"41","BPTT checkpoint","3D-Printed Part","Bottle","0","0.0"
"41","BPTT checkpoint","3D-Printed Part","Sponge Dice","0","0.0"
"41","BPTT checkpoint","3D-Printed Part","Tape","0","0.0"
"41","BPTT checkpoint","3D-Printed Part","Plush Toy","0","0.0"
"41","BPTT checkpoint","3D-Printed Part","Optical Mouse","0","0.0"
"41","BPTT checkpoint","3D-Printed Part","Smartphone","0","0.0"
"41","BPTT checkpoint","3D-Printed Part","Rubik's Cube","0","0.0"
"41","BPTT checkpoint","3D-Printed Part","Stuffed Ball","0","0.0"
"41","BPTT checkpoint","3D-Printed Part","3D-Printed Part","20","100.0"
"42","BPTT checkpoint","Baseball","Baseball","17","85.0"
"42","BPTT checkpoint","Baseball","Bottle","0","0.0"
"42","BPTT checkpoint","Baseball","Sponge Dice","0","0.0"
"42","BPTT checkpoint","Baseball","Tape","2","10.0"
"42","BPTT checkpoint","Baseball","Plush Toy","0","0.0"
"42","BPTT checkpoint","Baseball","Optical Mouse","0","0.0"
"42","BPTT checkpoint","Baseball","Smartphone","0","0.0"
"42","BPTT checkpoint","Baseball","Rubik's Cube","0","0.0"
"42","BPTT checkpoint","Baseball","Stuffed Ball","1","5.0"
"42","BPTT checkpoint","Baseball","3D-Printed Part","0","0.0"
"42","BPTT checkpoint","Bottle","Baseball","0","0.0"
"42","BPTT checkpoint","Bottle","Bottle","20","100.0"
"42","BPTT checkpoint","Bottle","Sponge Dice","0","0.0"
"42","BPTT checkpoint","Bottle","Tape","0","0.0"
"42","BPTT checkpoint","Bottle","Plush Toy","0","0.0"
"42","BPTT checkpoint","Bottle","Optical Mouse","0","0.0"
"42","BPTT checkpoint","Bottle","Smartphone","0","0.0"
"42","BPTT checkpoint","Bottle","Rubik's Cube","0","0.0"
"42","BPTT checkpoint","Bottle","Stuffed Ball","0","0.0"
"42","BPTT checkpoint","Bottle","3D-Printed Part","0","0.0"
"42","BPTT checkpoint","Sponge Dice","Baseball","0","0.0"
"42","BPTT checkpoint","Sponge Dice","Bottle","0","0.0"
"42","BPTT checkpoint","Sponge Dice","Sponge Dice","19","95.0"
"42","BPTT checkpoint","Sponge Dice","Tape","0","0.0"
"42","BPTT checkpoint","Sponge Dice","Plush Toy","0","0.0"
"42","BPTT checkpoint","Sponge Dice","Optical Mouse","0","0.0"
"42","BPTT checkpoint","Sponge Dice","Smartphone","0","0.0"
"42","BPTT checkpoint","Sponge Dice","Rubik's Cube","0","0.0"
"42","BPTT checkpoint","Sponge Dice","Stuffed Ball","0","0.0"
"42","BPTT checkpoint","Sponge Dice","3D-Printed Part","1","5.0"
"42","BPTT checkpoint","Tape","Baseball","2","10.0"
"42","BPTT checkpoint","Tape","Bottle","0","0.0"
"42","BPTT checkpoint","Tape","Sponge Dice","0","0.0"
"42","BPTT checkpoint","Tape","Tape","15","75.0"
"42","BPTT checkpoint","Tape","Plush Toy","0","0.0"
"42","BPTT checkpoint","Tape","Optical Mouse","0","0.0"
"42","BPTT checkpoint","Tape","Smartphone","0","0.0"
"42","BPTT checkpoint","Tape","Rubik's Cube","0","0.0"
"42","BPTT checkpoint","Tape","Stuffed Ball","3","15.0"
"42","BPTT checkpoint","Tape","3D-Printed Part","0","0.0"
"42","BPTT checkpoint","Plush Toy","Baseball","0","0.0"
"42","BPTT checkpoint","Plush Toy","Bottle","0","0.0"
"42","BPTT checkpoint","Plush Toy","Sponge Dice","0","0.0"
"42","BPTT checkpoint","Plush Toy","Tape","0","0.0"
"42","BPTT checkpoint","Plush Toy","Plush Toy","20","100.0"
"42","BPTT checkpoint","Plush Toy","Optical Mouse","0","0.0"
"42","BPTT checkpoint","Plush Toy","Smartphone","0","0.0"
"42","BPTT checkpoint","Plush Toy","Rubik's Cube","0","0.0"
"42","BPTT checkpoint","Plush Toy","Stuffed Ball","0","0.0"
"42","BPTT checkpoint","Plush Toy","3D-Printed Part","0","0.0"
"42","BPTT checkpoint","Optical Mouse","Baseball","0","0.0"
"42","BPTT checkpoint","Optical Mouse","Bottle","0","0.0"
"42","BPTT checkpoint","Optical Mouse","Sponge Dice","0","0.0"
"42","BPTT checkpoint","Optical Mouse","Tape","0","0.0"
"42","BPTT checkpoint","Optical Mouse","Plush Toy","2","10.0"
"42","BPTT checkpoint","Optical Mouse","Optical Mouse","18","90.0"
"42","BPTT checkpoint","Optical Mouse","Smartphone","0","0.0"
"42","BPTT checkpoint","Optical Mouse","Rubik's Cube","0","0.0"
"42","BPTT checkpoint","Optical Mouse","Stuffed Ball","0","0.0"
"42","BPTT checkpoint","Optical Mouse","3D-Printed Part","0","0.0"
"42","BPTT checkpoint","Smartphone","Baseball","0","0.0"
"42","BPTT checkpoint","Smartphone","Bottle","0","0.0"
"42","BPTT checkpoint","Smartphone","Sponge Dice","0","0.0"
"42","BPTT checkpoint","Smartphone","Tape","0","0.0"
"42","BPTT checkpoint","Smartphone","Plush Toy","0","0.0"
"42","BPTT checkpoint","Smartphone","Optical Mouse","0","0.0"
"42","BPTT checkpoint","Smartphone","Smartphone","20","100.0"
"42","BPTT checkpoint","Smartphone","Rubik's Cube","0","0.0"
"42","BPTT checkpoint","Smartphone","Stuffed Ball","0","0.0"
"42","BPTT checkpoint","Smartphone","3D-Printed Part","0","0.0"
"42","BPTT checkpoint","Rubik's Cube","Baseball","0","0.0"
"42","BPTT checkpoint","Rubik's Cube","Bottle","0","0.0"
"42","BPTT checkpoint","Rubik's Cube","Sponge Dice","0","0.0"
"42","BPTT checkpoint","Rubik's Cube","Tape","0","0.0"
"42","BPTT checkpoint","Rubik's Cube","Plush Toy","1","5.0"
"42","BPTT checkpoint","Rubik's Cube","Optical Mouse","0","0.0"
"42","BPTT checkpoint","Rubik's Cube","Smartphone","0","0.0"
"42","BPTT checkpoint","Rubik's Cube","Rubik's Cube","19","95.0"
"42","BPTT checkpoint","Rubik's Cube","Stuffed Ball","0","0.0"
"42","BPTT checkpoint","Rubik's Cube","3D-Printed Part","0","0.0"
"42","BPTT checkpoint","Stuffed Ball","Baseball","2","10.0"
"42","BPTT checkpoint","Stuffed Ball","Bottle","0","0.0"
"42","BPTT checkpoint","Stuffed Ball","Sponge Dice","0","0.0"
"42","BPTT checkpoint","Stuffed Ball","Tape","0","0.0"
"42","BPTT checkpoint","Stuffed Ball","Plush Toy","0","0.0"
"42","BPTT checkpoint","Stuffed Ball","Optical Mouse","0","0.0"
"42","BPTT checkpoint","Stuffed Ball","Smartphone","0","0.0"
"42","BPTT checkpoint","Stuffed Ball","Rubik's Cube","0","0.0"
"42","BPTT checkpoint","Stuffed Ball","Stuffed Ball","18","90.0"
"42","BPTT checkpoint","Stuffed Ball","3D-Printed Part","0","0.0"
"42","BPTT checkpoint","3D-Printed Part","Baseball","0","0.0"
"42","BPTT checkpoint","3D-Printed Part","Bottle","0","0.0"
"42","BPTT checkpoint","3D-Printed Part","Sponge Dice","0","0.0"
"42","BPTT checkpoint","3D-Printed Part","Tape","0","0.0"
"42","BPTT checkpoint","3D-Printed Part","Plush Toy","0","0.0"
"42","BPTT checkpoint","3D-Printed Part","Optical Mouse","0","0.0"
"42","BPTT checkpoint","3D-Printed Part","Smartphone","0","0.0"
"42","BPTT checkpoint","3D-Printed Part","Rubik's Cube","0","0.0"
"42","BPTT checkpoint","3D-Printed Part","Stuffed Ball","0","0.0"
"42","BPTT checkpoint","3D-Printed Part","3D-Printed Part","20","100.0"
"43","BPTT checkpoint","Baseball","Baseball","14","70.0"
"43","BPTT checkpoint","Baseball","Bottle","0","0.0"
"43","BPTT checkpoint","Baseball","Sponge Dice","0","0.0"
"43","BPTT checkpoint","Baseball","Tape","4","20.0"
"43","BPTT checkpoint","Baseball","Plush Toy","0","0.0"
"43","BPTT checkpoint","Baseball","Optical Mouse","0","0.0"
"43","BPTT checkpoint","Baseball","Smartphone","0","0.0"
"43","BPTT checkpoint","Baseball","Rubik's Cube","0","0.0"
"43","BPTT checkpoint","Baseball","Stuffed Ball","2","10.0"
"43","BPTT checkpoint","Baseball","3D-Printed Part","0","0.0"
"43","BPTT checkpoint","Bottle","Baseball","0","0.0"
"43","BPTT checkpoint","Bottle","Bottle","20","100.0"
"43","BPTT checkpoint","Bottle","Sponge Dice","0","0.0"
"43","BPTT checkpoint","Bottle","Tape","0","0.0"
"43","BPTT checkpoint","Bottle","Plush Toy","0","0.0"
"43","BPTT checkpoint","Bottle","Optical Mouse","0","0.0"
"43","BPTT checkpoint","Bottle","Smartphone","0","0.0"
"43","BPTT checkpoint","Bottle","Rubik's Cube","0","0.0"
"43","BPTT checkpoint","Bottle","Stuffed Ball","0","0.0"
"43","BPTT checkpoint","Bottle","3D-Printed Part","0","0.0"
"43","BPTT checkpoint","Sponge Dice","Baseball","0","0.0"
"43","BPTT checkpoint","Sponge Dice","Bottle","1","5.0"
"43","BPTT checkpoint","Sponge Dice","Sponge Dice","18","90.0"
"43","BPTT checkpoint","Sponge Dice","Tape","0","0.0"
"43","BPTT checkpoint","Sponge Dice","Plush Toy","0","0.0"
"43","BPTT checkpoint","Sponge Dice","Optical Mouse","0","0.0"
"43","BPTT checkpoint","Sponge Dice","Smartphone","0","0.0"
"43","BPTT checkpoint","Sponge Dice","Rubik's Cube","0","0.0"
"43","BPTT checkpoint","Sponge Dice","Stuffed Ball","0","0.0"
"43","BPTT checkpoint","Sponge Dice","3D-Printed Part","1","5.0"
"43","BPTT checkpoint","Tape","Baseball","3","15.0"
"43","BPTT checkpoint","Tape","Bottle","0","0.0"
"43","BPTT checkpoint","Tape","Sponge Dice","0","0.0"
"43","BPTT checkpoint","Tape","Tape","14","70.0"
"43","BPTT checkpoint","Tape","Plush Toy","0","0.0"
"43","BPTT checkpoint","Tape","Optical Mouse","0","0.0"
"43","BPTT checkpoint","Tape","Smartphone","0","0.0"
"43","BPTT checkpoint","Tape","Rubik's Cube","0","0.0"
"43","BPTT checkpoint","Tape","Stuffed Ball","3","15.0"
"43","BPTT checkpoint","Tape","3D-Printed Part","0","0.0"
"43","BPTT checkpoint","Plush Toy","Baseball","0","0.0"
"43","BPTT checkpoint","Plush Toy","Bottle","0","0.0"
"43","BPTT checkpoint","Plush Toy","Sponge Dice","0","0.0"
"43","BPTT checkpoint","Plush Toy","Tape","0","0.0"
"43","BPTT checkpoint","Plush Toy","Plush Toy","19","95.0"
"43","BPTT checkpoint","Plush Toy","Optical Mouse","1","5.0"
"43","BPTT checkpoint","Plush Toy","Smartphone","0","0.0"
"43","BPTT checkpoint","Plush Toy","Rubik's Cube","0","0.0"
"43","BPTT checkpoint","Plush Toy","Stuffed Ball","0","0.0"
"43","BPTT checkpoint","Plush Toy","3D-Printed Part","0","0.0"
"43","BPTT checkpoint","Optical Mouse","Baseball","0","0.0"
"43","BPTT checkpoint","Optical Mouse","Bottle","0","0.0"
"43","BPTT checkpoint","Optical Mouse","Sponge Dice","0","0.0"
"43","BPTT checkpoint","Optical Mouse","Tape","0","0.0"
"43","BPTT checkpoint","Optical Mouse","Plush Toy","3","15.0"
"43","BPTT checkpoint","Optical Mouse","Optical Mouse","17","85.0"
"43","BPTT checkpoint","Optical Mouse","Smartphone","0","0.0"
"43","BPTT checkpoint","Optical Mouse","Rubik's Cube","0","0.0"
"43","BPTT checkpoint","Optical Mouse","Stuffed Ball","0","0.0"
"43","BPTT checkpoint","Optical Mouse","3D-Printed Part","0","0.0"
"43","BPTT checkpoint","Smartphone","Baseball","0","0.0"
"43","BPTT checkpoint","Smartphone","Bottle","0","0.0"
"43","BPTT checkpoint","Smartphone","Sponge Dice","0","0.0"
"43","BPTT checkpoint","Smartphone","Tape","0","0.0"
"43","BPTT checkpoint","Smartphone","Plush Toy","0","0.0"
"43","BPTT checkpoint","Smartphone","Optical Mouse","0","0.0"
"43","BPTT checkpoint","Smartphone","Smartphone","20","100.0"
"43","BPTT checkpoint","Smartphone","Rubik's Cube","0","0.0"
"43","BPTT checkpoint","Smartphone","Stuffed Ball","0","0.0"
"43","BPTT checkpoint","Smartphone","3D-Printed Part","0","0.0"
"43","BPTT checkpoint","Rubik's Cube","Baseball","0","0.0"
"43","BPTT checkpoint","Rubik's Cube","Bottle","0","0.0"
"43","BPTT checkpoint","Rubik's Cube","Sponge Dice","0","0.0"
"43","BPTT checkpoint","Rubik's Cube","Tape","0","0.0"
"43","BPTT checkpoint","Rubik's Cube","Plush Toy","0","0.0"
"43","BPTT checkpoint","Rubik's Cube","Optical Mouse","0","0.0"
"43","BPTT checkpoint","Rubik's Cube","Smartphone","1","5.0"
"43","BPTT checkpoint","Rubik's Cube","Rubik's Cube","19","95.0"
"43","BPTT checkpoint","Rubik's Cube","Stuffed Ball","0","0.0"
"43","BPTT checkpoint","Rubik's Cube","3D-Printed Part","0","0.0"
"43","BPTT checkpoint","Stuffed Ball","Baseball","7","35.0"
"43","BPTT checkpoint","Stuffed Ball","Bottle","0","0.0"
"43","BPTT checkpoint","Stuffed Ball","Sponge Dice","0","0.0"
"43","BPTT checkpoint","Stuffed Ball","Tape","0","0.0"
"43","BPTT checkpoint","Stuffed Ball","Plush Toy","0","0.0"
"43","BPTT checkpoint","Stuffed Ball","Optical Mouse","0","0.0"
"43","BPTT checkpoint","Stuffed Ball","Smartphone","0","0.0"
"43","BPTT checkpoint","Stuffed Ball","Rubik's Cube","0","0.0"
"43","BPTT checkpoint","Stuffed Ball","Stuffed Ball","13","65.0"
"43","BPTT checkpoint","Stuffed Ball","3D-Printed Part","0","0.0"
"43","BPTT checkpoint","3D-Printed Part","Baseball","0","0.0"
"43","BPTT checkpoint","3D-Printed Part","Bottle","0","0.0"
"43","BPTT checkpoint","3D-Printed Part","Sponge Dice","0","0.0"
"43","BPTT checkpoint","3D-Printed Part","Tape","0","0.0"
"43","BPTT checkpoint","3D-Printed Part","Plush Toy","0","0.0"
"43","BPTT checkpoint","3D-Printed Part","Optical Mouse","0","0.0"
"43","BPTT checkpoint","3D-Printed Part","Smartphone","0","0.0"
"43","BPTT checkpoint","3D-Printed Part","Rubik's Cube","0","0.0"
"43","BPTT checkpoint","3D-Printed Part","Stuffed Ball","0","0.0"
"43","BPTT checkpoint","3D-Printed Part","3D-Printed Part","20","100.0"
"44","BPTT checkpoint","Baseball","Baseball","4","20.0"
"44","BPTT checkpoint","Baseball","Bottle","0","0.0"
"44","BPTT checkpoint","Baseball","Sponge Dice","0","0.0"
"44","BPTT checkpoint","Baseball","Tape","5","25.0"
"44","BPTT checkpoint","Baseball","Plush Toy","0","0.0"
"44","BPTT checkpoint","Baseball","Optical Mouse","0","0.0"
"44","BPTT checkpoint","Baseball","Smartphone","0","0.0"
"44","BPTT checkpoint","Baseball","Rubik's Cube","0","0.0"
"44","BPTT checkpoint","Baseball","Stuffed Ball","11","55.00000000000001"
"44","BPTT checkpoint","Baseball","3D-Printed Part","0","0.0"
"44","BPTT checkpoint","Bottle","Baseball","0","0.0"
"44","BPTT checkpoint","Bottle","Bottle","20","100.0"
"44","BPTT checkpoint","Bottle","Sponge Dice","0","0.0"
"44","BPTT checkpoint","Bottle","Tape","0","0.0"
"44","BPTT checkpoint","Bottle","Plush Toy","0","0.0"
"44","BPTT checkpoint","Bottle","Optical Mouse","0","0.0"
"44","BPTT checkpoint","Bottle","Smartphone","0","0.0"
"44","BPTT checkpoint","Bottle","Rubik's Cube","0","0.0"
"44","BPTT checkpoint","Bottle","Stuffed Ball","0","0.0"
"44","BPTT checkpoint","Bottle","3D-Printed Part","0","0.0"
"44","BPTT checkpoint","Sponge Dice","Baseball","0","0.0"
"44","BPTT checkpoint","Sponge Dice","Bottle","0","0.0"
"44","BPTT checkpoint","Sponge Dice","Sponge Dice","19","95.0"
"44","BPTT checkpoint","Sponge Dice","Tape","0","0.0"
"44","BPTT checkpoint","Sponge Dice","Plush Toy","0","0.0"
"44","BPTT checkpoint","Sponge Dice","Optical Mouse","0","0.0"
"44","BPTT checkpoint","Sponge Dice","Smartphone","0","0.0"
"44","BPTT checkpoint","Sponge Dice","Rubik's Cube","0","0.0"
"44","BPTT checkpoint","Sponge Dice","Stuffed Ball","0","0.0"
"44","BPTT checkpoint","Sponge Dice","3D-Printed Part","1","5.0"
"44","BPTT checkpoint","Tape","Baseball","4","20.0"
"44","BPTT checkpoint","Tape","Bottle","0","0.0"
"44","BPTT checkpoint","Tape","Sponge Dice","0","0.0"
"44","BPTT checkpoint","Tape","Tape","15","75.0"
"44","BPTT checkpoint","Tape","Plush Toy","0","0.0"
"44","BPTT checkpoint","Tape","Optical Mouse","0","0.0"
"44","BPTT checkpoint","Tape","Smartphone","0","0.0"
"44","BPTT checkpoint","Tape","Rubik's Cube","0","0.0"
"44","BPTT checkpoint","Tape","Stuffed Ball","1","5.0"
"44","BPTT checkpoint","Tape","3D-Printed Part","0","0.0"
"44","BPTT checkpoint","Plush Toy","Baseball","0","0.0"
"44","BPTT checkpoint","Plush Toy","Bottle","0","0.0"
"44","BPTT checkpoint","Plush Toy","Sponge Dice","0","0.0"
"44","BPTT checkpoint","Plush Toy","Tape","0","0.0"
"44","BPTT checkpoint","Plush Toy","Plush Toy","16","80.0"
"44","BPTT checkpoint","Plush Toy","Optical Mouse","4","20.0"
"44","BPTT checkpoint","Plush Toy","Smartphone","0","0.0"
"44","BPTT checkpoint","Plush Toy","Rubik's Cube","0","0.0"
"44","BPTT checkpoint","Plush Toy","Stuffed Ball","0","0.0"
"44","BPTT checkpoint","Plush Toy","3D-Printed Part","0","0.0"
"44","BPTT checkpoint","Optical Mouse","Baseball","0","0.0"
"44","BPTT checkpoint","Optical Mouse","Bottle","0","0.0"
"44","BPTT checkpoint","Optical Mouse","Sponge Dice","0","0.0"
"44","BPTT checkpoint","Optical Mouse","Tape","0","0.0"
"44","BPTT checkpoint","Optical Mouse","Plush Toy","2","10.0"
"44","BPTT checkpoint","Optical Mouse","Optical Mouse","18","90.0"
"44","BPTT checkpoint","Optical Mouse","Smartphone","0","0.0"
"44","BPTT checkpoint","Optical Mouse","Rubik's Cube","0","0.0"
"44","BPTT checkpoint","Optical Mouse","Stuffed Ball","0","0.0"
"44","BPTT checkpoint","Optical Mouse","3D-Printed Part","0","0.0"
"44","BPTT checkpoint","Smartphone","Baseball","0","0.0"
"44","BPTT checkpoint","Smartphone","Bottle","0","0.0"
"44","BPTT checkpoint","Smartphone","Sponge Dice","0","0.0"
"44","BPTT checkpoint","Smartphone","Tape","0","0.0"
"44","BPTT checkpoint","Smartphone","Plush Toy","0","0.0"
"44","BPTT checkpoint","Smartphone","Optical Mouse","0","0.0"
"44","BPTT checkpoint","Smartphone","Smartphone","20","100.0"
"44","BPTT checkpoint","Smartphone","Rubik's Cube","0","0.0"
"44","BPTT checkpoint","Smartphone","Stuffed Ball","0","0.0"
"44","BPTT checkpoint","Smartphone","3D-Printed Part","0","0.0"
"44","BPTT checkpoint","Rubik's Cube","Baseball","0","0.0"
"44","BPTT checkpoint","Rubik's Cube","Bottle","0","0.0"
"44","BPTT checkpoint","Rubik's Cube","Sponge Dice","0","0.0"
"44","BPTT checkpoint","Rubik's Cube","Tape","0","0.0"
"44","BPTT checkpoint","Rubik's Cube","Plush Toy","0","0.0"
"44","BPTT checkpoint","Rubik's Cube","Optical Mouse","0","0.0"
"44","BPTT checkpoint","Rubik's Cube","Smartphone","1","5.0"
"44","BPTT checkpoint","Rubik's Cube","Rubik's Cube","19","95.0"
"44","BPTT checkpoint","Rubik's Cube","Stuffed Ball","0","0.0"
"44","BPTT checkpoint","Rubik's Cube","3D-Printed Part","0","0.0"
"44","BPTT checkpoint","Stuffed Ball","Baseball","6","30.0"
"44","BPTT checkpoint","Stuffed Ball","Bottle","0","0.0"
"44","BPTT checkpoint","Stuffed Ball","Sponge Dice","0","0.0"
"44","BPTT checkpoint","Stuffed Ball","Tape","0","0.0"
"44","BPTT checkpoint","Stuffed Ball","Plush Toy","0","0.0"
"44","BPTT checkpoint","Stuffed Ball","Optical Mouse","0","0.0"
"44","BPTT checkpoint","Stuffed Ball","Smartphone","0","0.0"
"44","BPTT checkpoint","Stuffed Ball","Rubik's Cube","0","0.0"
"44","BPTT checkpoint","Stuffed Ball","Stuffed Ball","14","70.0"
"44","BPTT checkpoint","Stuffed Ball","3D-Printed Part","0","0.0"
"44","BPTT checkpoint","3D-Printed Part","Baseball","0","0.0"
"44","BPTT checkpoint","3D-Printed Part","Bottle","0","0.0"
"44","BPTT checkpoint","3D-Printed Part","Sponge Dice","0","0.0"
"44","BPTT checkpoint","3D-Printed Part","Tape","0","0.0"
"44","BPTT checkpoint","3D-Printed Part","Plush Toy","0","0.0"
"44","BPTT checkpoint","3D-Printed Part","Optical Mouse","0","0.0"
"44","BPTT checkpoint","3D-Printed Part","Smartphone","0","0.0"
"44","BPTT checkpoint","3D-Printed Part","Rubik's Cube","0","0.0"
"44","BPTT checkpoint","3D-Printed Part","Stuffed Ball","0","0.0"
"44","BPTT checkpoint","3D-Printed Part","3D-Printed Part","20","100.0"
"45","BPTT checkpoint","Baseball","Baseball","15","75.0"
"45","BPTT checkpoint","Baseball","Bottle","0","0.0"
"45","BPTT checkpoint","Baseball","Sponge Dice","0","0.0"
"45","BPTT checkpoint","Baseball","Tape","4","20.0"
"45","BPTT checkpoint","Baseball","Plush Toy","0","0.0"
"45","BPTT checkpoint","Baseball","Optical Mouse","0","0.0"
"45","BPTT checkpoint","Baseball","Smartphone","0","0.0"
"45","BPTT checkpoint","Baseball","Rubik's Cube","0","0.0"
"45","BPTT checkpoint","Baseball","Stuffed Ball","1","5.0"
"45","BPTT checkpoint","Baseball","3D-Printed Part","0","0.0"
"45","BPTT checkpoint","Bottle","Baseball","0","0.0"
"45","BPTT checkpoint","Bottle","Bottle","20","100.0"
"45","BPTT checkpoint","Bottle","Sponge Dice","0","0.0"
"45","BPTT checkpoint","Bottle","Tape","0","0.0"
"45","BPTT checkpoint","Bottle","Plush Toy","0","0.0"
"45","BPTT checkpoint","Bottle","Optical Mouse","0","0.0"
"45","BPTT checkpoint","Bottle","Smartphone","0","0.0"
"45","BPTT checkpoint","Bottle","Rubik's Cube","0","0.0"
"45","BPTT checkpoint","Bottle","Stuffed Ball","0","0.0"
"45","BPTT checkpoint","Bottle","3D-Printed Part","0","0.0"
"45","BPTT checkpoint","Sponge Dice","Baseball","0","0.0"
"45","BPTT checkpoint","Sponge Dice","Bottle","1","5.0"
"45","BPTT checkpoint","Sponge Dice","Sponge Dice","18","90.0"
"45","BPTT checkpoint","Sponge Dice","Tape","0","0.0"
"45","BPTT checkpoint","Sponge Dice","Plush Toy","0","0.0"
"45","BPTT checkpoint","Sponge Dice","Optical Mouse","0","0.0"
"45","BPTT checkpoint","Sponge Dice","Smartphone","0","0.0"
"45","BPTT checkpoint","Sponge Dice","Rubik's Cube","0","0.0"
"45","BPTT checkpoint","Sponge Dice","Stuffed Ball","0","0.0"
"45","BPTT checkpoint","Sponge Dice","3D-Printed Part","1","5.0"
"45","BPTT checkpoint","Tape","Baseball","3","15.0"
"45","BPTT checkpoint","Tape","Bottle","0","0.0"
"45","BPTT checkpoint","Tape","Sponge Dice","0","0.0"
"45","BPTT checkpoint","Tape","Tape","15","75.0"
"45","BPTT checkpoint","Tape","Plush Toy","0","0.0"
"45","BPTT checkpoint","Tape","Optical Mouse","0","0.0"
"45","BPTT checkpoint","Tape","Smartphone","0","0.0"
"45","BPTT checkpoint","Tape","Rubik's Cube","0","0.0"
"45","BPTT checkpoint","Tape","Stuffed Ball","2","10.0"
"45","BPTT checkpoint","Tape","3D-Printed Part","0","0.0"
"45","BPTT checkpoint","Plush Toy","Baseball","0","0.0"
"45","BPTT checkpoint","Plush Toy","Bottle","0","0.0"
"45","BPTT checkpoint","Plush Toy","Sponge Dice","0","0.0"
"45","BPTT checkpoint","Plush Toy","Tape","0","0.0"
"45","BPTT checkpoint","Plush Toy","Plush Toy","15","75.0"
"45","BPTT checkpoint","Plush Toy","Optical Mouse","5","25.0"
"45","BPTT checkpoint","Plush Toy","Smartphone","0","0.0"
"45","BPTT checkpoint","Plush Toy","Rubik's Cube","0","0.0"
"45","BPTT checkpoint","Plush Toy","Stuffed Ball","0","0.0"
"45","BPTT checkpoint","Plush Toy","3D-Printed Part","0","0.0"
"45","BPTT checkpoint","Optical Mouse","Baseball","0","0.0"
"45","BPTT checkpoint","Optical Mouse","Bottle","0","0.0"
"45","BPTT checkpoint","Optical Mouse","Sponge Dice","0","0.0"
"45","BPTT checkpoint","Optical Mouse","Tape","0","0.0"
"45","BPTT checkpoint","Optical Mouse","Plush Toy","2","10.0"
"45","BPTT checkpoint","Optical Mouse","Optical Mouse","18","90.0"
"45","BPTT checkpoint","Optical Mouse","Smartphone","0","0.0"
"45","BPTT checkpoint","Optical Mouse","Rubik's Cube","0","0.0"
"45","BPTT checkpoint","Optical Mouse","Stuffed Ball","0","0.0"
"45","BPTT checkpoint","Optical Mouse","3D-Printed Part","0","0.0"
"45","BPTT checkpoint","Smartphone","Baseball","0","0.0"
"45","BPTT checkpoint","Smartphone","Bottle","0","0.0"
"45","BPTT checkpoint","Smartphone","Sponge Dice","0","0.0"
"45","BPTT checkpoint","Smartphone","Tape","0","0.0"
"45","BPTT checkpoint","Smartphone","Plush Toy","0","0.0"
"45","BPTT checkpoint","Smartphone","Optical Mouse","0","0.0"
"45","BPTT checkpoint","Smartphone","Smartphone","20","100.0"
"45","BPTT checkpoint","Smartphone","Rubik's Cube","0","0.0"
"45","BPTT checkpoint","Smartphone","Stuffed Ball","0","0.0"
"45","BPTT checkpoint","Smartphone","3D-Printed Part","0","0.0"
"45","BPTT checkpoint","Rubik's Cube","Baseball","0","0.0"
"45","BPTT checkpoint","Rubik's Cube","Bottle","0","0.0"
"45","BPTT checkpoint","Rubik's Cube","Sponge Dice","0","0.0"
"45","BPTT checkpoint","Rubik's Cube","Tape","0","0.0"
"45","BPTT checkpoint","Rubik's Cube","Plush Toy","1","5.0"
"45","BPTT checkpoint","Rubik's Cube","Optical Mouse","0","0.0"
"45","BPTT checkpoint","Rubik's Cube","Smartphone","0","0.0"
"45","BPTT checkpoint","Rubik's Cube","Rubik's Cube","19","95.0"
"45","BPTT checkpoint","Rubik's Cube","Stuffed Ball","0","0.0"
"45","BPTT checkpoint","Rubik's Cube","3D-Printed Part","0","0.0"
"45","BPTT checkpoint","Stuffed Ball","Baseball","4","20.0"
"45","BPTT checkpoint","Stuffed Ball","Bottle","0","0.0"
"45","BPTT checkpoint","Stuffed Ball","Sponge Dice","0","0.0"
"45","BPTT checkpoint","Stuffed Ball","Tape","0","0.0"
"45","BPTT checkpoint","Stuffed Ball","Plush Toy","0","0.0"
"45","BPTT checkpoint","Stuffed Ball","Optical Mouse","0","0.0"
"45","BPTT checkpoint","Stuffed Ball","Smartphone","0","0.0"
"45","BPTT checkpoint","Stuffed Ball","Rubik's Cube","0","0.0"
"45","BPTT checkpoint","Stuffed Ball","Stuffed Ball","16","80.0"
"45","BPTT checkpoint","Stuffed Ball","3D-Printed Part","0","0.0"
"45","BPTT checkpoint","3D-Printed Part","Baseball","0","0.0"
"45","BPTT checkpoint","3D-Printed Part","Bottle","0","0.0"
"45","BPTT checkpoint","3D-Printed Part","Sponge Dice","0","0.0"
"45","BPTT checkpoint","3D-Printed Part","Tape","0","0.0"
"45","BPTT checkpoint","3D-Printed Part","Plush Toy","0","0.0"
"45","BPTT checkpoint","3D-Printed Part","Optical Mouse","0","0.0"
"45","BPTT checkpoint","3D-Printed Part","Smartphone","0","0.0"
"45","BPTT checkpoint","3D-Printed Part","Rubik's Cube","0","0.0"
"45","BPTT checkpoint","3D-Printed Part","Stuffed Ball","0","0.0"
"45","BPTT checkpoint","3D-Printed Part","3D-Printed Part","20","100.0"
"46","BPTT checkpoint","Baseball","Baseball","14","70.0"
"46","BPTT checkpoint","Baseball","Bottle","0","0.0"
"46","BPTT checkpoint","Baseball","Sponge Dice","0","0.0"
"46","BPTT checkpoint","Baseball","Tape","4","20.0"
"46","BPTT checkpoint","Baseball","Plush Toy","0","0.0"
"46","BPTT checkpoint","Baseball","Optical Mouse","0","0.0"
"46","BPTT checkpoint","Baseball","Smartphone","0","0.0"
"46","BPTT checkpoint","Baseball","Rubik's Cube","0","0.0"
"46","BPTT checkpoint","Baseball","Stuffed Ball","2","10.0"
"46","BPTT checkpoint","Baseball","3D-Printed Part","0","0.0"
"46","BPTT checkpoint","Bottle","Baseball","0","0.0"
"46","BPTT checkpoint","Bottle","Bottle","19","95.0"
"46","BPTT checkpoint","Bottle","Sponge Dice","0","0.0"
"46","BPTT checkpoint","Bottle","Tape","0","0.0"
"46","BPTT checkpoint","Bottle","Plush Toy","0","0.0"
"46","BPTT checkpoint","Bottle","Optical Mouse","0","0.0"
"46","BPTT checkpoint","Bottle","Smartphone","1","5.0"
"46","BPTT checkpoint","Bottle","Rubik's Cube","0","0.0"
"46","BPTT checkpoint","Bottle","Stuffed Ball","0","0.0"
"46","BPTT checkpoint","Bottle","3D-Printed Part","0","0.0"
"46","BPTT checkpoint","Sponge Dice","Baseball","0","0.0"
"46","BPTT checkpoint","Sponge Dice","Bottle","1","5.0"
"46","BPTT checkpoint","Sponge Dice","Sponge Dice","17","85.0"
"46","BPTT checkpoint","Sponge Dice","Tape","0","0.0"
"46","BPTT checkpoint","Sponge Dice","Plush Toy","0","0.0"
"46","BPTT checkpoint","Sponge Dice","Optical Mouse","0","0.0"
"46","BPTT checkpoint","Sponge Dice","Smartphone","0","0.0"
"46","BPTT checkpoint","Sponge Dice","Rubik's Cube","1","5.0"
"46","BPTT checkpoint","Sponge Dice","Stuffed Ball","0","0.0"
"46","BPTT checkpoint","Sponge Dice","3D-Printed Part","1","5.0"
"46","BPTT checkpoint","Tape","Baseball","4","20.0"
"46","BPTT checkpoint","Tape","Bottle","0","0.0"
"46","BPTT checkpoint","Tape","Sponge Dice","0","0.0"
"46","BPTT checkpoint","Tape","Tape","13","65.0"
"46","BPTT checkpoint","Tape","Plush Toy","0","0.0"
"46","BPTT checkpoint","Tape","Optical Mouse","0","0.0"
"46","BPTT checkpoint","Tape","Smartphone","0","0.0"
"46","BPTT checkpoint","Tape","Rubik's Cube","0","0.0"
"46","BPTT checkpoint","Tape","Stuffed Ball","3","15.0"
"46","BPTT checkpoint","Tape","3D-Printed Part","0","0.0"
"46","BPTT checkpoint","Plush Toy","Baseball","0","0.0"
"46","BPTT checkpoint","Plush Toy","Bottle","0","0.0"
"46","BPTT checkpoint","Plush Toy","Sponge Dice","0","0.0"
"46","BPTT checkpoint","Plush Toy","Tape","0","0.0"
"46","BPTT checkpoint","Plush Toy","Plush Toy","16","80.0"
"46","BPTT checkpoint","Plush Toy","Optical Mouse","4","20.0"
"46","BPTT checkpoint","Plush Toy","Smartphone","0","0.0"
"46","BPTT checkpoint","Plush Toy","Rubik's Cube","0","0.0"
"46","BPTT checkpoint","Plush Toy","Stuffed Ball","0","0.0"
"46","BPTT checkpoint","Plush Toy","3D-Printed Part","0","0.0"
"46","BPTT checkpoint","Optical Mouse","Baseball","0","0.0"
"46","BPTT checkpoint","Optical Mouse","Bottle","0","0.0"
"46","BPTT checkpoint","Optical Mouse","Sponge Dice","0","0.0"
"46","BPTT checkpoint","Optical Mouse","Tape","0","0.0"
"46","BPTT checkpoint","Optical Mouse","Plush Toy","3","15.0"
"46","BPTT checkpoint","Optical Mouse","Optical Mouse","17","85.0"
"46","BPTT checkpoint","Optical Mouse","Smartphone","0","0.0"
"46","BPTT checkpoint","Optical Mouse","Rubik's Cube","0","0.0"
"46","BPTT checkpoint","Optical Mouse","Stuffed Ball","0","0.0"
"46","BPTT checkpoint","Optical Mouse","3D-Printed Part","0","0.0"
"46","BPTT checkpoint","Smartphone","Baseball","0","0.0"
"46","BPTT checkpoint","Smartphone","Bottle","0","0.0"
"46","BPTT checkpoint","Smartphone","Sponge Dice","0","0.0"
"46","BPTT checkpoint","Smartphone","Tape","0","0.0"
"46","BPTT checkpoint","Smartphone","Plush Toy","0","0.0"
"46","BPTT checkpoint","Smartphone","Optical Mouse","0","0.0"
"46","BPTT checkpoint","Smartphone","Smartphone","20","100.0"
"46","BPTT checkpoint","Smartphone","Rubik's Cube","0","0.0"
"46","BPTT checkpoint","Smartphone","Stuffed Ball","0","0.0"
"46","BPTT checkpoint","Smartphone","3D-Printed Part","0","0.0"
"46","BPTT checkpoint","Rubik's Cube","Baseball","0","0.0"
"46","BPTT checkpoint","Rubik's Cube","Bottle","0","0.0"
"46","BPTT checkpoint","Rubik's Cube","Sponge Dice","1","5.0"
"46","BPTT checkpoint","Rubik's Cube","Tape","0","0.0"
"46","BPTT checkpoint","Rubik's Cube","Plush Toy","1","5.0"
"46","BPTT checkpoint","Rubik's Cube","Optical Mouse","0","0.0"
"46","BPTT checkpoint","Rubik's Cube","Smartphone","0","0.0"
"46","BPTT checkpoint","Rubik's Cube","Rubik's Cube","18","90.0"
"46","BPTT checkpoint","Rubik's Cube","Stuffed Ball","0","0.0"
"46","BPTT checkpoint","Rubik's Cube","3D-Printed Part","0","0.0"
"46","BPTT checkpoint","Stuffed Ball","Baseball","4","20.0"
"46","BPTT checkpoint","Stuffed Ball","Bottle","0","0.0"
"46","BPTT checkpoint","Stuffed Ball","Sponge Dice","0","0.0"
"46","BPTT checkpoint","Stuffed Ball","Tape","0","0.0"
"46","BPTT checkpoint","Stuffed Ball","Plush Toy","0","0.0"
"46","BPTT checkpoint","Stuffed Ball","Optical Mouse","0","0.0"
"46","BPTT checkpoint","Stuffed Ball","Smartphone","0","0.0"
"46","BPTT checkpoint","Stuffed Ball","Rubik's Cube","0","0.0"
"46","BPTT checkpoint","Stuffed Ball","Stuffed Ball","16","80.0"
"46","BPTT checkpoint","Stuffed Ball","3D-Printed Part","0","0.0"
"46","BPTT checkpoint","3D-Printed Part","Baseball","0","0.0"
"46","BPTT checkpoint","3D-Printed Part","Bottle","0","0.0"
"46","BPTT checkpoint","3D-Printed Part","Sponge Dice","0","0.0"
"46","BPTT checkpoint","3D-Printed Part","Tape","0","0.0"
"46","BPTT checkpoint","3D-Printed Part","Plush Toy","0","0.0"
"46","BPTT checkpoint","3D-Printed Part","Optical Mouse","0","0.0"
"46","BPTT checkpoint","3D-Printed Part","Smartphone","0","0.0"
"46","BPTT checkpoint","3D-Printed Part","Rubik's Cube","0","0.0"
"46","BPTT checkpoint","3D-Printed Part","Stuffed Ball","0","0.0"
"46","BPTT checkpoint","3D-Printed Part","3D-Printed Part","20","100.0"
"47","BPTT checkpoint","Baseball","Baseball","15","75.0"
"47","BPTT checkpoint","Baseball","Bottle","0","0.0"
"47","BPTT checkpoint","Baseball","Sponge Dice","0","0.0"
"47","BPTT checkpoint","Baseball","Tape","4","20.0"
"47","BPTT checkpoint","Baseball","Plush Toy","0","0.0"
"47","BPTT checkpoint","Baseball","Optical Mouse","0","0.0"
"47","BPTT checkpoint","Baseball","Smartphone","0","0.0"
"47","BPTT checkpoint","Baseball","Rubik's Cube","0","0.0"
"47","BPTT checkpoint","Baseball","Stuffed Ball","1","5.0"
"47","BPTT checkpoint","Baseball","3D-Printed Part","0","0.0"
"47","BPTT checkpoint","Bottle","Baseball","0","0.0"
"47","BPTT checkpoint","Bottle","Bottle","20","100.0"
"47","BPTT checkpoint","Bottle","Sponge Dice","0","0.0"
"47","BPTT checkpoint","Bottle","Tape","0","0.0"
"47","BPTT checkpoint","Bottle","Plush Toy","0","0.0"
"47","BPTT checkpoint","Bottle","Optical Mouse","0","0.0"
"47","BPTT checkpoint","Bottle","Smartphone","0","0.0"
"47","BPTT checkpoint","Bottle","Rubik's Cube","0","0.0"
"47","BPTT checkpoint","Bottle","Stuffed Ball","0","0.0"
"47","BPTT checkpoint","Bottle","3D-Printed Part","0","0.0"
"47","BPTT checkpoint","Sponge Dice","Baseball","0","0.0"
"47","BPTT checkpoint","Sponge Dice","Bottle","0","0.0"
"47","BPTT checkpoint","Sponge Dice","Sponge Dice","17","85.0"
"47","BPTT checkpoint","Sponge Dice","Tape","0","0.0"
"47","BPTT checkpoint","Sponge Dice","Plush Toy","0","0.0"
"47","BPTT checkpoint","Sponge Dice","Optical Mouse","0","0.0"
"47","BPTT checkpoint","Sponge Dice","Smartphone","0","0.0"
"47","BPTT checkpoint","Sponge Dice","Rubik's Cube","2","10.0"
"47","BPTT checkpoint","Sponge Dice","Stuffed Ball","0","0.0"
"47","BPTT checkpoint","Sponge Dice","3D-Printed Part","1","5.0"
"47","BPTT checkpoint","Tape","Baseball","1","5.0"
"47","BPTT checkpoint","Tape","Bottle","0","0.0"
"47","BPTT checkpoint","Tape","Sponge Dice","0","0.0"
"47","BPTT checkpoint","Tape","Tape","16","80.0"
"47","BPTT checkpoint","Tape","Plush Toy","0","0.0"
"47","BPTT checkpoint","Tape","Optical Mouse","0","0.0"
"47","BPTT checkpoint","Tape","Smartphone","0","0.0"
"47","BPTT checkpoint","Tape","Rubik's Cube","0","0.0"
"47","BPTT checkpoint","Tape","Stuffed Ball","3","15.0"
"47","BPTT checkpoint","Tape","3D-Printed Part","0","0.0"
"47","BPTT checkpoint","Plush Toy","Baseball","0","0.0"
"47","BPTT checkpoint","Plush Toy","Bottle","0","0.0"
"47","BPTT checkpoint","Plush Toy","Sponge Dice","0","0.0"
"47","BPTT checkpoint","Plush Toy","Tape","0","0.0"
"47","BPTT checkpoint","Plush Toy","Plush Toy","16","80.0"
"47","BPTT checkpoint","Plush Toy","Optical Mouse","4","20.0"
"47","BPTT checkpoint","Plush Toy","Smartphone","0","0.0"
"47","BPTT checkpoint","Plush Toy","Rubik's Cube","0","0.0"
"47","BPTT checkpoint","Plush Toy","Stuffed Ball","0","0.0"
"47","BPTT checkpoint","Plush Toy","3D-Printed Part","0","0.0"
"47","BPTT checkpoint","Optical Mouse","Baseball","0","0.0"
"47","BPTT checkpoint","Optical Mouse","Bottle","0","0.0"
"47","BPTT checkpoint","Optical Mouse","Sponge Dice","0","0.0"
"47","BPTT checkpoint","Optical Mouse","Tape","0","0.0"
"47","BPTT checkpoint","Optical Mouse","Plush Toy","2","10.0"
"47","BPTT checkpoint","Optical Mouse","Optical Mouse","18","90.0"
"47","BPTT checkpoint","Optical Mouse","Smartphone","0","0.0"
"47","BPTT checkpoint","Optical Mouse","Rubik's Cube","0","0.0"
"47","BPTT checkpoint","Optical Mouse","Stuffed Ball","0","0.0"
"47","BPTT checkpoint","Optical Mouse","3D-Printed Part","0","0.0"
"47","BPTT checkpoint","Smartphone","Baseball","0","0.0"
"47","BPTT checkpoint","Smartphone","Bottle","0","0.0"
"47","BPTT checkpoint","Smartphone","Sponge Dice","0","0.0"
"47","BPTT checkpoint","Smartphone","Tape","0","0.0"
"47","BPTT checkpoint","Smartphone","Plush Toy","0","0.0"
"47","BPTT checkpoint","Smartphone","Optical Mouse","0","0.0"
"47","BPTT checkpoint","Smartphone","Smartphone","20","100.0"
"47","BPTT checkpoint","Smartphone","Rubik's Cube","0","0.0"
"47","BPTT checkpoint","Smartphone","Stuffed Ball","0","0.0"
"47","BPTT checkpoint","Smartphone","3D-Printed Part","0","0.0"
"47","BPTT checkpoint","Rubik's Cube","Baseball","0","0.0"
"47","BPTT checkpoint","Rubik's Cube","Bottle","0","0.0"
"47","BPTT checkpoint","Rubik's Cube","Sponge Dice","0","0.0"
"47","BPTT checkpoint","Rubik's Cube","Tape","0","0.0"
"47","BPTT checkpoint","Rubik's Cube","Plush Toy","0","0.0"
"47","BPTT checkpoint","Rubik's Cube","Optical Mouse","0","0.0"
"47","BPTT checkpoint","Rubik's Cube","Smartphone","1","5.0"
"47","BPTT checkpoint","Rubik's Cube","Rubik's Cube","19","95.0"
"47","BPTT checkpoint","Rubik's Cube","Stuffed Ball","0","0.0"
"47","BPTT checkpoint","Rubik's Cube","3D-Printed Part","0","0.0"
"47","BPTT checkpoint","Stuffed Ball","Baseball","2","10.0"
"47","BPTT checkpoint","Stuffed Ball","Bottle","0","0.0"
"47","BPTT checkpoint","Stuffed Ball","Sponge Dice","0","0.0"
"47","BPTT checkpoint","Stuffed Ball","Tape","0","0.0"
"47","BPTT checkpoint","Stuffed Ball","Plush Toy","0","0.0"
"47","BPTT checkpoint","Stuffed Ball","Optical Mouse","0","0.0"
"47","BPTT checkpoint","Stuffed Ball","Smartphone","0","0.0"
"47","BPTT checkpoint","Stuffed Ball","Rubik's Cube","0","0.0"
"47","BPTT checkpoint","Stuffed Ball","Stuffed Ball","18","90.0"
"47","BPTT checkpoint","Stuffed Ball","3D-Printed Part","0","0.0"
"47","BPTT checkpoint","3D-Printed Part","Baseball","0","0.0"
"47","BPTT checkpoint","3D-Printed Part","Bottle","0","0.0"
"47","BPTT checkpoint","3D-Printed Part","Sponge Dice","0","0.0"
"47","BPTT checkpoint","3D-Printed Part","Tape","0","0.0"
"47","BPTT checkpoint","3D-Printed Part","Plush Toy","0","0.0"
"47","BPTT checkpoint","3D-Printed Part","Optical Mouse","0","0.0"
"47","BPTT checkpoint","3D-Printed Part","Smartphone","0","0.0"
"47","BPTT checkpoint","3D-Printed Part","Rubik's Cube","0","0.0"
"47","BPTT checkpoint","3D-Printed Part","Stuffed Ball","0","0.0"
"47","BPTT checkpoint","3D-Printed Part","3D-Printed Part","20","100.0"
"48","BPTT checkpoint","Baseball","Baseball","16","80.0"
"48","BPTT checkpoint","Baseball","Bottle","0","0.0"
"48","BPTT checkpoint","Baseball","Sponge Dice","0","0.0"
"48","BPTT checkpoint","Baseball","Tape","3","15.0"
"48","BPTT checkpoint","Baseball","Plush Toy","0","0.0"
"48","BPTT checkpoint","Baseball","Optical Mouse","0","0.0"
"48","BPTT checkpoint","Baseball","Smartphone","0","0.0"
"48","BPTT checkpoint","Baseball","Rubik's Cube","0","0.0"
"48","BPTT checkpoint","Baseball","Stuffed Ball","1","5.0"
"48","BPTT checkpoint","Baseball","3D-Printed Part","0","0.0"
"48","BPTT checkpoint","Bottle","Baseball","0","0.0"
"48","BPTT checkpoint","Bottle","Bottle","20","100.0"
"48","BPTT checkpoint","Bottle","Sponge Dice","0","0.0"
"48","BPTT checkpoint","Bottle","Tape","0","0.0"
"48","BPTT checkpoint","Bottle","Plush Toy","0","0.0"
"48","BPTT checkpoint","Bottle","Optical Mouse","0","0.0"
"48","BPTT checkpoint","Bottle","Smartphone","0","0.0"
"48","BPTT checkpoint","Bottle","Rubik's Cube","0","0.0"
"48","BPTT checkpoint","Bottle","Stuffed Ball","0","0.0"
"48","BPTT checkpoint","Bottle","3D-Printed Part","0","0.0"
"48","BPTT checkpoint","Sponge Dice","Baseball","0","0.0"
"48","BPTT checkpoint","Sponge Dice","Bottle","0","0.0"
"48","BPTT checkpoint","Sponge Dice","Sponge Dice","17","85.0"
"48","BPTT checkpoint","Sponge Dice","Tape","0","0.0"
"48","BPTT checkpoint","Sponge Dice","Plush Toy","0","0.0"
"48","BPTT checkpoint","Sponge Dice","Optical Mouse","0","0.0"
"48","BPTT checkpoint","Sponge Dice","Smartphone","0","0.0"
"48","BPTT checkpoint","Sponge Dice","Rubik's Cube","2","10.0"
"48","BPTT checkpoint","Sponge Dice","Stuffed Ball","0","0.0"
"48","BPTT checkpoint","Sponge Dice","3D-Printed Part","1","5.0"
"48","BPTT checkpoint","Tape","Baseball","1","5.0"
"48","BPTT checkpoint","Tape","Bottle","0","0.0"
"48","BPTT checkpoint","Tape","Sponge Dice","0","0.0"
"48","BPTT checkpoint","Tape","Tape","14","70.0"
"48","BPTT checkpoint","Tape","Plush Toy","0","0.0"
"48","BPTT checkpoint","Tape","Optical Mouse","0","0.0"
"48","BPTT checkpoint","Tape","Smartphone","0","0.0"
"48","BPTT checkpoint","Tape","Rubik's Cube","0","0.0"
"48","BPTT checkpoint","Tape","Stuffed Ball","5","25.0"
"48","BPTT checkpoint","Tape","3D-Printed Part","0","0.0"
"48","BPTT checkpoint","Plush Toy","Baseball","0","0.0"
"48","BPTT checkpoint","Plush Toy","Bottle","0","0.0"
"48","BPTT checkpoint","Plush Toy","Sponge Dice","0","0.0"
"48","BPTT checkpoint","Plush Toy","Tape","0","0.0"
"48","BPTT checkpoint","Plush Toy","Plush Toy","20","100.0"
"48","BPTT checkpoint","Plush Toy","Optical Mouse","0","0.0"
"48","BPTT checkpoint","Plush Toy","Smartphone","0","0.0"
"48","BPTT checkpoint","Plush Toy","Rubik's Cube","0","0.0"
"48","BPTT checkpoint","Plush Toy","Stuffed Ball","0","0.0"
"48","BPTT checkpoint","Plush Toy","3D-Printed Part","0","0.0"
"48","BPTT checkpoint","Optical Mouse","Baseball","0","0.0"
"48","BPTT checkpoint","Optical Mouse","Bottle","0","0.0"
"48","BPTT checkpoint","Optical Mouse","Sponge Dice","0","0.0"
"48","BPTT checkpoint","Optical Mouse","Tape","0","0.0"
"48","BPTT checkpoint","Optical Mouse","Plush Toy","1","5.0"
"48","BPTT checkpoint","Optical Mouse","Optical Mouse","19","95.0"
"48","BPTT checkpoint","Optical Mouse","Smartphone","0","0.0"
"48","BPTT checkpoint","Optical Mouse","Rubik's Cube","0","0.0"
"48","BPTT checkpoint","Optical Mouse","Stuffed Ball","0","0.0"
"48","BPTT checkpoint","Optical Mouse","3D-Printed Part","0","0.0"
"48","BPTT checkpoint","Smartphone","Baseball","0","0.0"
"48","BPTT checkpoint","Smartphone","Bottle","0","0.0"
"48","BPTT checkpoint","Smartphone","Sponge Dice","0","0.0"
"48","BPTT checkpoint","Smartphone","Tape","0","0.0"
"48","BPTT checkpoint","Smartphone","Plush Toy","0","0.0"
"48","BPTT checkpoint","Smartphone","Optical Mouse","0","0.0"
"48","BPTT checkpoint","Smartphone","Smartphone","20","100.0"
"48","BPTT checkpoint","Smartphone","Rubik's Cube","0","0.0"
"48","BPTT checkpoint","Smartphone","Stuffed Ball","0","0.0"
"48","BPTT checkpoint","Smartphone","3D-Printed Part","0","0.0"
"48","BPTT checkpoint","Rubik's Cube","Baseball","0","0.0"
"48","BPTT checkpoint","Rubik's Cube","Bottle","0","0.0"
"48","BPTT checkpoint","Rubik's Cube","Sponge Dice","0","0.0"
"48","BPTT checkpoint","Rubik's Cube","Tape","0","0.0"
"48","BPTT checkpoint","Rubik's Cube","Plush Toy","0","0.0"
"48","BPTT checkpoint","Rubik's Cube","Optical Mouse","0","0.0"
"48","BPTT checkpoint","Rubik's Cube","Smartphone","1","5.0"
"48","BPTT checkpoint","Rubik's Cube","Rubik's Cube","19","95.0"
"48","BPTT checkpoint","Rubik's Cube","Stuffed Ball","0","0.0"
"48","BPTT checkpoint","Rubik's Cube","3D-Printed Part","0","0.0"
"48","BPTT checkpoint","Stuffed Ball","Baseball","3","15.0"
"48","BPTT checkpoint","Stuffed Ball","Bottle","0","0.0"
"48","BPTT checkpoint","Stuffed Ball","Sponge Dice","0","0.0"
"48","BPTT checkpoint","Stuffed Ball","Tape","0","0.0"
"48","BPTT checkpoint","Stuffed Ball","Plush Toy","0","0.0"
"48","BPTT checkpoint","Stuffed Ball","Optical Mouse","0","0.0"
"48","BPTT checkpoint","Stuffed Ball","Smartphone","0","0.0"
"48","BPTT checkpoint","Stuffed Ball","Rubik's Cube","0","0.0"
"48","BPTT checkpoint","Stuffed Ball","Stuffed Ball","17","85.0"
"48","BPTT checkpoint","Stuffed Ball","3D-Printed Part","0","0.0"
"48","BPTT checkpoint","3D-Printed Part","Baseball","0","0.0"
"48","BPTT checkpoint","3D-Printed Part","Bottle","0","0.0"
"48","BPTT checkpoint","3D-Printed Part","Sponge Dice","0","0.0"
"48","BPTT checkpoint","3D-Printed Part","Tape","0","0.0"
"48","BPTT checkpoint","3D-Printed Part","Plush Toy","0","0.0"
"48","BPTT checkpoint","3D-Printed Part","Optical Mouse","0","0.0"
"48","BPTT checkpoint","3D-Printed Part","Smartphone","0","0.0"
"48","BPTT checkpoint","3D-Printed Part","Rubik's Cube","0","0.0"
"48","BPTT checkpoint","3D-Printed Part","Stuffed Ball","0","0.0"
"48","BPTT checkpoint","3D-Printed Part","3D-Printed Part","20","100.0"
"49","BPTT checkpoint","Baseball","Baseball","15","75.0"
"49","BPTT checkpoint","Baseball","Bottle","0","0.0"
"49","BPTT checkpoint","Baseball","Sponge Dice","0","0.0"
"49","BPTT checkpoint","Baseball","Tape","4","20.0"
"49","BPTT checkpoint","Baseball","Plush Toy","0","0.0"
"49","BPTT checkpoint","Baseball","Optical Mouse","0","0.0"
"49","BPTT checkpoint","Baseball","Smartphone","0","0.0"
"49","BPTT checkpoint","Baseball","Rubik's Cube","0","0.0"
"49","BPTT checkpoint","Baseball","Stuffed Ball","1","5.0"
"49","BPTT checkpoint","Baseball","3D-Printed Part","0","0.0"
"49","BPTT checkpoint","Bottle","Baseball","0","0.0"
"49","BPTT checkpoint","Bottle","Bottle","20","100.0"
"49","BPTT checkpoint","Bottle","Sponge Dice","0","0.0"
"49","BPTT checkpoint","Bottle","Tape","0","0.0"
"49","BPTT checkpoint","Bottle","Plush Toy","0","0.0"
"49","BPTT checkpoint","Bottle","Optical Mouse","0","0.0"
"49","BPTT checkpoint","Bottle","Smartphone","0","0.0"
"49","BPTT checkpoint","Bottle","Rubik's Cube","0","0.0"
"49","BPTT checkpoint","Bottle","Stuffed Ball","0","0.0"
"49","BPTT checkpoint","Bottle","3D-Printed Part","0","0.0"
"49","BPTT checkpoint","Sponge Dice","Baseball","0","0.0"
"49","BPTT checkpoint","Sponge Dice","Bottle","0","0.0"
"49","BPTT checkpoint","Sponge Dice","Sponge Dice","19","95.0"
"49","BPTT checkpoint","Sponge Dice","Tape","0","0.0"
"49","BPTT checkpoint","Sponge Dice","Plush Toy","0","0.0"
"49","BPTT checkpoint","Sponge Dice","Optical Mouse","0","0.0"
"49","BPTT checkpoint","Sponge Dice","Smartphone","0","0.0"
"49","BPTT checkpoint","Sponge Dice","Rubik's Cube","0","0.0"
"49","BPTT checkpoint","Sponge Dice","Stuffed Ball","0","0.0"
"49","BPTT checkpoint","Sponge Dice","3D-Printed Part","1","5.0"
"49","BPTT checkpoint","Tape","Baseball","4","20.0"
"49","BPTT checkpoint","Tape","Bottle","0","0.0"
"49","BPTT checkpoint","Tape","Sponge Dice","0","0.0"
"49","BPTT checkpoint","Tape","Tape","14","70.0"
"49","BPTT checkpoint","Tape","Plush Toy","0","0.0"
"49","BPTT checkpoint","Tape","Optical Mouse","0","0.0"
"49","BPTT checkpoint","Tape","Smartphone","0","0.0"
"49","BPTT checkpoint","Tape","Rubik's Cube","0","0.0"
"49","BPTT checkpoint","Tape","Stuffed Ball","2","10.0"
"49","BPTT checkpoint","Tape","3D-Printed Part","0","0.0"
"49","BPTT checkpoint","Plush Toy","Baseball","0","0.0"
"49","BPTT checkpoint","Plush Toy","Bottle","0","0.0"
"49","BPTT checkpoint","Plush Toy","Sponge Dice","0","0.0"
"49","BPTT checkpoint","Plush Toy","Tape","0","0.0"
"49","BPTT checkpoint","Plush Toy","Plush Toy","20","100.0"
"49","BPTT checkpoint","Plush Toy","Optical Mouse","0","0.0"
"49","BPTT checkpoint","Plush Toy","Smartphone","0","0.0"
"49","BPTT checkpoint","Plush Toy","Rubik's Cube","0","0.0"
"49","BPTT checkpoint","Plush Toy","Stuffed Ball","0","0.0"
"49","BPTT checkpoint","Plush Toy","3D-Printed Part","0","0.0"
"49","BPTT checkpoint","Optical Mouse","Baseball","0","0.0"
"49","BPTT checkpoint","Optical Mouse","Bottle","0","0.0"
"49","BPTT checkpoint","Optical Mouse","Sponge Dice","0","0.0"
"49","BPTT checkpoint","Optical Mouse","Tape","0","0.0"
"49","BPTT checkpoint","Optical Mouse","Plush Toy","2","10.0"
"49","BPTT checkpoint","Optical Mouse","Optical Mouse","18","90.0"
"49","BPTT checkpoint","Optical Mouse","Smartphone","0","0.0"
"49","BPTT checkpoint","Optical Mouse","Rubik's Cube","0","0.0"
"49","BPTT checkpoint","Optical Mouse","Stuffed Ball","0","0.0"
"49","BPTT checkpoint","Optical Mouse","3D-Printed Part","0","0.0"
"49","BPTT checkpoint","Smartphone","Baseball","0","0.0"
"49","BPTT checkpoint","Smartphone","Bottle","0","0.0"
"49","BPTT checkpoint","Smartphone","Sponge Dice","0","0.0"
"49","BPTT checkpoint","Smartphone","Tape","0","0.0"
"49","BPTT checkpoint","Smartphone","Plush Toy","0","0.0"
"49","BPTT checkpoint","Smartphone","Optical Mouse","0","0.0"
"49","BPTT checkpoint","Smartphone","Smartphone","20","100.0"
"49","BPTT checkpoint","Smartphone","Rubik's Cube","0","0.0"
"49","BPTT checkpoint","Smartphone","Stuffed Ball","0","0.0"
"49","BPTT checkpoint","Smartphone","3D-Printed Part","0","0.0"
"49","BPTT checkpoint","Rubik's Cube","Baseball","0","0.0"
"49","BPTT checkpoint","Rubik's Cube","Bottle","0","0.0"
"49","BPTT checkpoint","Rubik's Cube","Sponge Dice","1","5.0"
"49","BPTT checkpoint","Rubik's Cube","Tape","0","0.0"
"49","BPTT checkpoint","Rubik's Cube","Plush Toy","0","0.0"
"49","BPTT checkpoint","Rubik's Cube","Optical Mouse","0","0.0"
"49","BPTT checkpoint","Rubik's Cube","Smartphone","0","0.0"
"49","BPTT checkpoint","Rubik's Cube","Rubik's Cube","19","95.0"
"49","BPTT checkpoint","Rubik's Cube","Stuffed Ball","0","0.0"
"49","BPTT checkpoint","Rubik's Cube","3D-Printed Part","0","0.0"
"49","BPTT checkpoint","Stuffed Ball","Baseball","3","15.0"
"49","BPTT checkpoint","Stuffed Ball","Bottle","0","0.0"
"49","BPTT checkpoint","Stuffed Ball","Sponge Dice","0","0.0"
"49","BPTT checkpoint","Stuffed Ball","Tape","0","0.0"
"49","BPTT checkpoint","Stuffed Ball","Plush Toy","0","0.0"
"49","BPTT checkpoint","Stuffed Ball","Optical Mouse","0","0.0"
"49","BPTT checkpoint","Stuffed Ball","Smartphone","0","0.0"
"49","BPTT checkpoint","Stuffed Ball","Rubik's Cube","0","0.0"
"49","BPTT checkpoint","Stuffed Ball","Stuffed Ball","17","85.0"
"49","BPTT checkpoint","Stuffed Ball","3D-Printed Part","0","0.0"
"49","BPTT checkpoint","3D-Printed Part","Baseball","0","0.0"
"49","BPTT checkpoint","3D-Printed Part","Bottle","0","0.0"
"49","BPTT checkpoint","3D-Printed Part","Sponge Dice","0","0.0"
"49","BPTT checkpoint","3D-Printed Part","Tape","0","0.0"
"49","BPTT checkpoint","3D-Printed Part","Plush Toy","0","0.0"
"49","BPTT checkpoint","3D-Printed Part","Optical Mouse","0","0.0"
"49","BPTT checkpoint","3D-Printed Part","Smartphone","0","0.0"
"49","BPTT checkpoint","3D-Printed Part","Rubik's Cube","0","0.0"
"49","BPTT checkpoint","3D-Printed Part","Stuffed Ball","0","0.0"
"49","BPTT checkpoint","3D-Printed Part","3D-Printed Part","20","100.0"
"50","BPTT checkpoint","Baseball","Baseball","15","75.0"
"50","BPTT checkpoint","Baseball","Bottle","0","0.0"
"50","BPTT checkpoint","Baseball","Sponge Dice","0","0.0"
"50","BPTT checkpoint","Baseball","Tape","4","20.0"
"50","BPTT checkpoint","Baseball","Plush Toy","0","0.0"
"50","BPTT checkpoint","Baseball","Optical Mouse","0","0.0"
"50","BPTT checkpoint","Baseball","Smartphone","0","0.0"
"50","BPTT checkpoint","Baseball","Rubik's Cube","0","0.0"
"50","BPTT checkpoint","Baseball","Stuffed Ball","1","5.0"
"50","BPTT checkpoint","Baseball","3D-Printed Part","0","0.0"
"50","BPTT checkpoint","Bottle","Baseball","0","0.0"
"50","BPTT checkpoint","Bottle","Bottle","20","100.0"
"50","BPTT checkpoint","Bottle","Sponge Dice","0","0.0"
"50","BPTT checkpoint","Bottle","Tape","0","0.0"
"50","BPTT checkpoint","Bottle","Plush Toy","0","0.0"
"50","BPTT checkpoint","Bottle","Optical Mouse","0","0.0"
"50","BPTT checkpoint","Bottle","Smartphone","0","0.0"
"50","BPTT checkpoint","Bottle","Rubik's Cube","0","0.0"
"50","BPTT checkpoint","Bottle","Stuffed Ball","0","0.0"
"50","BPTT checkpoint","Bottle","3D-Printed Part","0","0.0"
"50","BPTT checkpoint","Sponge Dice","Baseball","0","0.0"
"50","BPTT checkpoint","Sponge Dice","Bottle","1","5.0"
"50","BPTT checkpoint","Sponge Dice","Sponge Dice","18","90.0"
"50","BPTT checkpoint","Sponge Dice","Tape","0","0.0"
"50","BPTT checkpoint","Sponge Dice","Plush Toy","0","0.0"
"50","BPTT checkpoint","Sponge Dice","Optical Mouse","0","0.0"
"50","BPTT checkpoint","Sponge Dice","Smartphone","0","0.0"
"50","BPTT checkpoint","Sponge Dice","Rubik's Cube","0","0.0"
"50","BPTT checkpoint","Sponge Dice","Stuffed Ball","0","0.0"
"50","BPTT checkpoint","Sponge Dice","3D-Printed Part","1","5.0"
"50","BPTT checkpoint","Tape","Baseball","3","15.0"
"50","BPTT checkpoint","Tape","Bottle","0","0.0"
"50","BPTT checkpoint","Tape","Sponge Dice","0","0.0"
"50","BPTT checkpoint","Tape","Tape","14","70.0"
"50","BPTT checkpoint","Tape","Plush Toy","0","0.0"
"50","BPTT checkpoint","Tape","Optical Mouse","0","0.0"
"50","BPTT checkpoint","Tape","Smartphone","0","0.0"
"50","BPTT checkpoint","Tape","Rubik's Cube","0","0.0"
"50","BPTT checkpoint","Tape","Stuffed Ball","3","15.0"
"50","BPTT checkpoint","Tape","3D-Printed Part","0","0.0"
"50","BPTT checkpoint","Plush Toy","Baseball","0","0.0"
"50","BPTT checkpoint","Plush Toy","Bottle","0","0.0"
"50","BPTT checkpoint","Plush Toy","Sponge Dice","0","0.0"
"50","BPTT checkpoint","Plush Toy","Tape","0","0.0"
"50","BPTT checkpoint","Plush Toy","Plush Toy","14","70.0"
"50","BPTT checkpoint","Plush Toy","Optical Mouse","6","30.0"
"50","BPTT checkpoint","Plush Toy","Smartphone","0","0.0"
"50","BPTT checkpoint","Plush Toy","Rubik's Cube","0","0.0"
"50","BPTT checkpoint","Plush Toy","Stuffed Ball","0","0.0"
"50","BPTT checkpoint","Plush Toy","3D-Printed Part","0","0.0"
"50","BPTT checkpoint","Optical Mouse","Baseball","0","0.0"
"50","BPTT checkpoint","Optical Mouse","Bottle","0","0.0"
"50","BPTT checkpoint","Optical Mouse","Sponge Dice","0","0.0"
"50","BPTT checkpoint","Optical Mouse","Tape","0","0.0"
"50","BPTT checkpoint","Optical Mouse","Plush Toy","2","10.0"
"50","BPTT checkpoint","Optical Mouse","Optical Mouse","18","90.0"
"50","BPTT checkpoint","Optical Mouse","Smartphone","0","0.0"
"50","BPTT checkpoint","Optical Mouse","Rubik's Cube","0","0.0"
"50","BPTT checkpoint","Optical Mouse","Stuffed Ball","0","0.0"
"50","BPTT checkpoint","Optical Mouse","3D-Printed Part","0","0.0"
"50","BPTT checkpoint","Smartphone","Baseball","0","0.0"
"50","BPTT checkpoint","Smartphone","Bottle","0","0.0"
"50","BPTT checkpoint","Smartphone","Sponge Dice","0","0.0"
"50","BPTT checkpoint","Smartphone","Tape","0","0.0"
"50","BPTT checkpoint","Smartphone","Plush Toy","0","0.0"
"50","BPTT checkpoint","Smartphone","Optical Mouse","0","0.0"
"50","BPTT checkpoint","Smartphone","Smartphone","20","100.0"
"50","BPTT checkpoint","Smartphone","Rubik's Cube","0","0.0"
"50","BPTT checkpoint","Smartphone","Stuffed Ball","0","0.0"
"50","BPTT checkpoint","Smartphone","3D-Printed Part","0","0.0"
"50","BPTT checkpoint","Rubik's Cube","Baseball","0","0.0"
"50","BPTT checkpoint","Rubik's Cube","Bottle","0","0.0"
"50","BPTT checkpoint","Rubik's Cube","Sponge Dice","0","0.0"
"50","BPTT checkpoint","Rubik's Cube","Tape","0","0.0"
"50","BPTT checkpoint","Rubik's Cube","Plush Toy","0","0.0"
"50","BPTT checkpoint","Rubik's Cube","Optical Mouse","0","0.0"
"50","BPTT checkpoint","Rubik's Cube","Smartphone","0","0.0"
"50","BPTT checkpoint","Rubik's Cube","Rubik's Cube","20","100.0"
"50","BPTT checkpoint","Rubik's Cube","Stuffed Ball","0","0.0"
"50","BPTT checkpoint","Rubik's Cube","3D-Printed Part","0","0.0"
"50","BPTT checkpoint","Stuffed Ball","Baseball","11","55.00000000000001"
"50","BPTT checkpoint","Stuffed Ball","Bottle","0","0.0"
"50","BPTT checkpoint","Stuffed Ball","Sponge Dice","0","0.0"
"50","BPTT checkpoint","Stuffed Ball","Tape","0","0.0"
"50","BPTT checkpoint","Stuffed Ball","Plush Toy","0","0.0"
"50","BPTT checkpoint","Stuffed Ball","Optical Mouse","0","0.0"
"50","BPTT checkpoint","Stuffed Ball","Smartphone","0","0.0"
"50","BPTT checkpoint","Stuffed Ball","Rubik's Cube","0","0.0"
"50","BPTT checkpoint","Stuffed Ball","Stuffed Ball","9","45.0"
"50","BPTT checkpoint","Stuffed Ball","3D-Printed Part","0","0.0"
"50","BPTT checkpoint","3D-Printed Part","Baseball","0","0.0"
"50","BPTT checkpoint","3D-Printed Part","Bottle","0","0.0"
"50","BPTT checkpoint","3D-Printed Part","Sponge Dice","0","0.0"
"50","BPTT checkpoint","3D-Printed Part","Tape","0","0.0"
"50","BPTT checkpoint","3D-Printed Part","Plush Toy","0","0.0"
"50","BPTT checkpoint","3D-Printed Part","Optical Mouse","0","0.0"
"50","BPTT checkpoint","3D-Printed Part","Smartphone","0","0.0"
"50","BPTT checkpoint","3D-Printed Part","Rubik's Cube","0","0.0"
"50","BPTT checkpoint","3D-Printed Part","Stuffed Ball","0","0.0"
"50","BPTT checkpoint","3D-Printed Part","3D-Printed Part","20","100.0"
