epoch,accuracy,loss,val_accuracy,val_loss
1,0.06467662006616592,2.3100037574768066,0.08500000089406967,2.283381700515747
2,0.145936980843544,2.277804136276245,0.14000000059604645,2.253814220428467
3,0.23217247426509857,2.2315139770507812,0.20999999344348907,2.1888320446014404
4,0.2951907217502594,2.146998405456543,0.2800000011920929,2.0686702728271484
5,0.32006633281707764,1.993003487586975,0.4350000023841858,1.8890286684036255
6,0.34825870394706726,1.8211623430252075,0.3799999952316284,1.7182722091674805
7,0.4344941973686218,1.6578662395477295,0.6200000047683716,1.5615696907043457
8,0.5024875402450562,1.5152809619903564,0.5649999976158142,1.4388729333877563
9,0.6301824450492859,1.395259976387024,0.6800000071525574,1.3053439855575562
10,0.6998341679573059,1.275213360786438,0.7099999785423279,1.1936161518096924
11,0.7164179086685181,1.170438528060913,0.7649999856948853,1.1012072563171387
12,0.7247098088264465,1.0831084251403809,0.7649999856948853,1.0233972072601318
13,0.7180762887001038,1.018024206161499,0.7599999904632568,0.9672303795814514
14,0.7446103096008301,0.9563182592391968,0.8050000071525574,0.9079327583312988
15,0.7595356702804565,0.909304678440094,0.800000011920929,0.8692505359649658
16,0.7860696315765381,0.8658422231674194,0.7799999713897705,0.8288914561271667
17,0.7728026509284973,0.8318055272102356,0.7850000262260437,0.7970366477966309
18,0.7711442708969116,0.796765148639679,0.8050000071525574,0.7707965970039368
19,0.7810945510864258,0.7731093764305115,0.800000011920929,0.7425112128257751
20,0.7960199117660522,0.7443456053733826,0.7850000262260437,0.7230897545814514
21,0.7810945510864258,0.7231593132019043,0.800000011920929,0.6995046734809875
22,0.7810945510864258,0.7009931206703186,0.8299999833106995,0.6802839636802673
23,0.7877280116081238,0.6855126619338989,0.8149999976158142,0.6657044887542725
24,0.7877280116081238,0.6657057404518127,0.800000011920929,0.6528622508049011
25,0.8059701323509216,0.6539859771728516,0.800000011920929,0.6404890418052673
26,0.7927031517028809,0.6384693384170532,0.800000011920929,0.6215006113052368
27,0.7893863916397095,0.6227009296417236,0.8100000023841858,0.6090591549873352
28,0.7927031517028809,0.6117095351219177,0.7950000166893005,0.6020755171775818
29,0.8043117523193359,0.601914644241333,0.8050000071525574,0.5926344394683838
30,0.8009950518608093,0.5891679525375366,0.8050000071525574,0.5851492881774902
31,0.7976782917976379,0.5772751569747925,0.824999988079071,0.5687379837036133
32,0.8308457732200623,0.5652920603752136,0.8299999833106995,0.5710351467132568
33,0.8043117523193359,0.5570231080055237,0.8450000286102295,0.5473136305809021
34,0.8192371726036072,0.5440770983695984,0.8299999833106995,0.5439825654029846
35,0.8175787925720215,0.5389319062232971,0.8450000286102295,0.5314025282859802
36,0.8275290131568909,0.5270874500274658,0.8600000143051147,0.5216137170791626
37,0.8275290131568909,0.5205671191215515,0.8650000095367432,0.5153743624687195
38,0.8507462739944458,0.5121538639068604,0.8450000286102295,0.5139111876487732
39,0.8524046540260315,0.49906376004219055,0.8700000047683716,0.49253562092781067
40,0.8590381145477295,0.49394455552101135,0.8650000095367432,0.48924967646598816
41,0.8557214140892029,0.4877755641937256,0.875,0.4770452380180359
42,0.8490878939628601,0.4813849925994873,0.8899999856948853,0.46951448917388916
43,0.8540630340576172,0.46799299120903015,0.8700000047683716,0.468179315328598
44,0.8739635348320007,0.46189752221107483,0.8799999952316284,0.45717862248420715
45,0.8772802948951721,0.45381292700767517,0.8949999809265137,0.4443451762199402
46,0.8822553753852844,0.4484345018863678,0.8999999761581421,0.43994835019111633
47,0.8756219148635864,0.4408721625804901,0.8949999809265137,0.42735207080841064
48,0.8822553753852844,0.43244725465774536,0.9049999713897705,0.4190124273300171
49,0.8988391160964966,0.42375096678733826,0.9049999713897705,0.4177604913711548
50,0.8839137554168701,0.42087113857269287,0.9200000166893005,0.4055323898792267
51,0.9054726362228394,0.4095795154571533,0.9200000166893005,0.3971331715583801
52,0.9004974961280823,0.40514397621154785,0.9150000214576721,0.39860209822654724
53,0.9054726362228394,0.39902910590171814,0.9200000166893005,0.3854794204235077
54,0.907131016254425,0.39476004242897034,0.9100000262260437,0.3810160756111145
55,0.9121061563491821,0.388834685087204,0.9200000166893005,0.37771594524383545
56,0.9137645363807678,0.3827832043170929,0.9049999713897705,0.3688229024410248
57,0.8971807360649109,0.3745318055152893,0.9150000214576721,0.3657422363758087
58,0.9137645363807678,0.3697623312473297,0.9200000166893005,0.3593446612358093
59,0.9121061563491821,0.3686789870262146,0.9200000166893005,0.3553192913532257
60,0.9154228568077087,0.3623296022415161,0.9200000166893005,0.3497233986854553
61,0.9187396168708801,0.3566424548625946,0.9200000166893005,0.34482041001319885
62,0.9170812368392944,0.35140377283096313,0.8999999761581421,0.36408111453056335
63,0.9203979969024658,0.3519187867641449,0.9100000262260437,0.3424634039402008
64,0.9270315170288086,0.3413543403148651,0.9200000166893005,0.337795615196228
65,0.93034827709198,0.34040331840515137,0.9049999713897705,0.3316197097301483
66,0.9104477763175964,0.3435037434101105,0.9100000262260437,0.33079925179481506
67,0.9121061563491821,0.330057293176651,0.9200000166893005,0.3168849050998688
68,0.9137645363807678,0.32801955938339233,0.9100000262260437,0.317286878824234
69,0.9220563769340515,0.3274388611316681,0.9200000166893005,0.31598272919654846
70,0.9320066571235657,0.3198073208332062,0.925000011920929,0.3087994456291199
71,0.9203979969024658,0.3205900192260742,0.8949999809265137,0.3322678804397583
72,0.9203979969024658,0.31724339723587036,0.9150000214576721,0.2998028099536896
73,0.93034827709198,0.31284594535827637,0.9150000214576721,0.2984973192214966
74,0.9270315170288086,0.3103807270526886,0.9100000262260437,0.2941288948059082
75,0.9253731369972229,0.3098544478416443,0.9150000214576721,0.2981526851654053
76,0.9170812368392944,0.30842941999435425,0.9100000262260437,0.3006565570831299
77,0.9253731369972229,0.30049678683280945,0.9049999713897705,0.2965088188648224
78,0.9187396168708801,0.30010321736335754,0.925000011920929,0.2874266505241394
79,0.9253731369972229,0.2991744577884674,0.8999999761581421,0.28615185618400574
80,0.9320066571235657,0.2975103557109833,0.8999999761581421,0.29229333996772766
81,0.9286898970603943,0.29019230604171753,0.9350000023841858,0.28148865699768066
82,0.9270315170288086,0.29083991050720215,0.9150000214576721,0.28208163380622864
83,0.9286898970603943,0.28810301423072815,0.9100000262260437,0.2831854522228241
84,0.9270315170288086,0.2889673113822937,0.8999999761581421,0.27809974551200867
85,0.9203979969024658,0.2883528172969818,0.9100000262260437,0.27423766255378723
86,0.9353233575820923,0.28441736102104187,0.9100000262260437,0.2692015767097473
87,0.93034827709198,0.28061094880104065,0.9150000214576721,0.2632799446582794
88,0.93034827709198,0.2793470621109009,0.9150000214576721,0.2647058367729187
89,0.9386401176452637,0.2764429748058319,0.9100000262260437,0.28146401047706604
90,0.9286898970603943,0.2746330499649048,0.925000011920929,0.2543430030345917
91,0.9336650371551514,0.2747018337249756,0.9200000166893005,0.25732487440109253
92,0.9402984976768494,0.2711635231971741,0.9100000262260437,0.2593112885951996
93,0.9336650371551514,0.2677733898162842,0.925000011920929,0.24989353120326996
94,0.9336650371551514,0.27043020725250244,0.9100000262260437,0.2661488652229309
95,0.9336650371551514,0.2699558138847351,0.9150000214576721,0.2589421272277832
96,0.9270315170288086,0.2679125666618347,0.9200000166893005,0.24171316623687744
97,0.9320066571235657,0.2631285786628723,0.9100000262260437,0.24101534485816956
98,0.9320066571235657,0.258847713470459,0.9200000166893005,0.23957867920398712
99,0.9320066571235657,0.26139092445373535,0.9100000262260437,0.2495937943458557
100,0.936981737613678,0.25803712010383606,0.925000011920929,0.2394893616437912
101,0.9336650371551514,0.2542772889137268,0.9150000214576721,0.2480255663394928
102,0.9320066571235657,0.25101545453071594,0.925000011920929,0.23284894227981567
103,0.9353233575820923,0.2539108991622925,0.9300000071525574,0.23435400426387787
104,0.9386401176452637,0.2488560676574707,0.9399999976158142,0.23407351970672607
105,0.936981737613678,0.25692638754844666,0.9150000214576721,0.237320676445961
106,0.9336650371551514,0.2519233524799347,0.925000011920929,0.229197159409523
107,0.9320066571235657,0.2492477148771286,0.925000011920929,0.2277546375989914
108,0.9253731369972229,0.24742750823497772,0.9150000214576721,0.22616241872310638
109,0.9336650371551514,0.24715685844421387,0.9300000071525574,0.22977286577224731
110,0.9386401176452637,0.2462412267923355,0.9100000262260437,0.24069446325302124
111,0.936981737613678,0.24609676003456116,0.9200000166893005,0.22411611676216125
112,0.9320066571235657,0.24489058554172516,0.9300000071525574,0.22709247469902039
113,0.93034827709198,0.2433967888355255,0.925000011920929,0.22258880734443665
114,0.9353233575820923,0.24621617794036865,0.9350000023841858,0.22371292114257812
115,0.9402984976768494,0.23682858049869537,0.9150000214576721,0.24233752489089966
116,0.9320066571235657,0.2407069206237793,0.9399999976158142,0.2177007645368576
117,0.9320066571235657,0.23919513821601868,0.9300000071525574,0.22365541756153107
118,0.93034827709198,0.2362876683473587,0.9300000071525574,0.22017812728881836
119,0.9419568777084351,0.23485241830348969,0.925000011920929,0.21474584937095642
120,0.9469320178031921,0.23552966117858887,0.9300000071525574,0.22863788902759552
121,0.9469320178031921,0.2334146648645401,0.9350000023841858,0.22111736238002777
122,0.9386401176452637,0.23397128283977509,0.9350000023841858,0.21552246809005737
123,0.9419568777084351,0.23259513080120087,0.925000011920929,0.2189003825187683
124,0.9386401176452637,0.23360317945480347,0.9350000023841858,0.21231596171855927
125,0.9469320178031921,0.22989127039909363,0.9399999976158142,0.2109207659959793
126,0.9353233575820923,0.23160159587860107,0.925000011920929,0.21436600387096405
127,0.936981737613678,0.22738324105739594,0.9300000071525574,0.23991774022579193
128,0.9353233575820923,0.23023352026939392,0.925000011920929,0.21338245272636414
129,0.9402984976768494,0.23458915948867798,0.9300000071525574,0.20377510786056519
130,0.9386401176452637,0.224069744348526,0.9300000071525574,0.2033599466085434
131,0.9436152577400208,0.22508877515792847,0.9300000071525574,0.20307691395282745
132,0.9402984976768494,0.22522827982902527,0.9300000071525574,0.21369436383247375
133,0.9402984976768494,0.22907185554504395,0.9300000071525574,0.20506292581558228
134,0.9452736377716064,0.22279393672943115,0.9300000071525574,0.2042486071586609
135,0.9452736377716064,0.22185876965522766,0.9300000071525574,0.21505889296531677
136,0.9353233575820923,0.22519619762897491,0.9350000023841858,0.19690416753292084
137,0.9386401176452637,0.2241455614566803,0.9200000166893005,0.21737365424633026
138,0.9419568777084351,0.22093230485916138,0.9350000023841858,0.20325341820716858
139,0.9353233575820923,0.22236067056655884,0.9200000166893005,0.2211269736289978
140,0.9402984976768494,0.22355687618255615,0.925000011920929,0.20105990767478943
141,0.9386401176452637,0.21981634199619293,0.925000011920929,0.20830745995044708
142,0.9386401176452637,0.21822185814380646,0.925000011920929,0.19551438093185425
143,0.9419568777084351,0.219001904129982,0.9350000023841858,0.19262820482254028
144,0.9436152577400208,0.21856515109539032,0.925000011920929,0.2080906331539154
145,0.9402984976768494,0.21885941922664642,0.9399999976158142,0.19169671833515167
146,0.9353233575820923,0.2176775336265564,0.9300000071525574,0.20164917409420013
147,0.9336650371551514,0.21586035192012787,0.9300000071525574,0.20458151400089264
148,0.9419568777084351,0.21441610157489777,0.9399999976158142,0.19343449175357819
149,0.9419568777084351,0.21348857879638672,0.9399999976158142,0.1928122490644455
150,0.9336650371551514,0.2145606428384781,0.9300000071525574,0.19605717062950134
151,0.9469320178031921,0.20952530205249786,0.925000011920929,0.21448594331741333
152,0.9419568777084351,0.21640834212303162,0.9300000071525574,0.1945071816444397
153,0.9419568777084351,0.21266184747219086,0.9399999976158142,0.20610420405864716
154,0.9452736377716064,0.2094927877187729,0.9350000023841858,0.19067518413066864
155,0.9386401176452637,0.21165291965007782,0.9350000023841858,0.18884915113449097
156,0.9402984976768494,0.20670880377292633,0.9350000023841858,0.18595312535762787
157,0.9402984976768494,0.2103606015443802,0.9200000166893005,0.21385307610034943
158,0.9436152577400208,0.21233975887298584,0.9350000023841858,0.19081170856952667
159,0.9402984976768494,0.2104467898607254,0.9399999976158142,0.19367295503616333
160,0.9386401176452637,0.21514497697353363,0.9300000071525574,0.19719581305980682
161,0.9452736377716064,0.2063322812318802,0.9350000023841858,0.18543869256973267
162,0.9419568777084351,0.2072702795267105,0.9300000071525574,0.19247427582740784
163,0.9419568777084351,0.20803403854370117,0.925000011920929,0.20145976543426514
164,0.9419568777084351,0.20739701390266418,0.9350000023841858,0.19118356704711914
165,0.9485903978347778,0.20181794464588165,0.9350000023841858,0.18097668886184692
166,0.9452736377716064,0.2041766494512558,0.9200000166893005,0.20769743621349335
167,0.9320066571235657,0.2137381136417389,0.925000011920929,0.19934386014938354
168,0.9452736377716064,0.2076297253370285,0.9350000023841858,0.18920010328292847
169,0.936981737613678,0.2070448398590088,0.925000011920929,0.18764305114746094
170,0.9419568777084351,0.2016218900680542,0.9399999976158142,0.17841242253780365
171,0.9436152577400208,0.20287050306797028,0.9399999976158142,0.17923524975776672
172,0.9452736377716064,0.20402805507183075,0.9449999928474426,0.19192667305469513
173,0.9386401176452637,0.19996735453605652,0.9150000214576721,0.19823987782001495
174,0.9436152577400208,0.20044802129268646,0.9399999976158142,0.19523580372333527
175,0.9452736377716064,0.20277181267738342,0.9399999976158142,0.17990665137767792
176,0.9452736377716064,0.19622980058193207,0.925000011920929,0.1903960257768631
177,0.9436152577400208,0.19837725162506104,0.9300000071525574,0.19762831926345825
178,0.936981737613678,0.19628511369228363,0.9300000071525574,0.2043049931526184
179,0.9419568777084351,0.19813209772109985,0.9350000023841858,0.17795412242412567
180,0.9502487778663635,0.20032939314842224,0.9399999976158142,0.18107441067695618
181,0.9436152577400208,0.1985655426979065,0.9300000071525574,0.1831435263156891
182,0.9469320178031921,0.19572293758392334,0.9399999976158142,0.18296505510807037
183,0.9402984976768494,0.19800890982151031,0.9350000023841858,0.1817293018102646
184,0.9402984976768494,0.19519951939582825,0.9300000071525574,0.1733136922121048
185,0.9469320178031921,0.1973758488893509,0.9399999976158142,0.17625398933887482
186,0.9402984976768494,0.1945541352033615,0.925000011920929,0.1881970763206482
187,0.9402984976768494,0.196330726146698,0.9350000023841858,0.19063283503055573
188,0.936981737613678,0.19626116752624512,0.9399999976158142,0.18122242391109467
189,0.9485903978347778,0.19213393330574036,0.9350000023841858,0.20001424849033356
190,0.9452736377716064,0.19286811351776123,0.9350000023841858,0.18309928476810455
191,0.9469320178031921,0.1946398913860321,0.9399999976158142,0.18061482906341553
192,0.9469320178031921,0.19383741915225983,0.9300000071525574,0.2206263542175293
193,0.9419568777084351,0.19564606249332428,0.9350000023841858,0.17332835495471954
194,0.9452736377716064,0.18967263400554657,0.9300000071525574,0.1816483438014984
195,0.9485903978347778,0.1901731640100479,0.9300000071525574,0.18681055307388306
196,0.9485903978347778,0.1921204924583435,0.9399999976158142,0.16960786283016205
197,0.9485903978347778,0.1896742433309555,0.9350000023841858,0.1791282445192337
198,0.9320066571235657,0.19605863094329834,0.9399999976158142,0.17576049268245697
199,0.9436152577400208,0.19448436796665192,0.9399999976158142,0.1799546480178833
200,0.9419568777084351,0.18997012078762054,0.925000011920929,0.19339515268802643
201,0.9419568777084351,0.1926451474428177,0.9399999976158142,0.17258669435977936
202,0.9502487778663635,0.1890297830104828,0.9350000023841858,0.19113260507583618
203,0.9386401176452637,0.1921820044517517,0.9300000071525574,0.2109619677066803
204,0.9419568777084351,0.1955578625202179,0.9300000071525574,0.17683422565460205
205,0.9386401176452637,0.1923658400774002,0.9399999976158142,0.1740620732307434
206,0.9452736377716064,0.1873892843723297,0.9399999976158142,0.18360382318496704
207,0.9485903978347778,0.1913655400276184,0.9350000023841858,0.17720311880111694
208,0.9452736377716064,0.18794268369674683,0.9300000071525574,0.1738860309123993
209,0.9436152577400208,0.1889449805021286,0.9300000071525574,0.19147588312625885
210,0.9419568777084351,0.18754002451896667,0.9399999976158142,0.1748405396938324
211,0.9436152577400208,0.19186310470104218,0.9399999976158142,0.1755550056695938
212,0.9469320178031921,0.18493351340293884,0.9350000023841858,0.16827666759490967
213,0.9402984976768494,0.18361006677150726,0.9399999976158142,0.17846129834651947
214,0.9452736377716064,0.1867426186800003,0.9449999928474426,0.18335185945034027
215,0.9386401176452637,0.18714949488639832,0.9300000071525574,0.19867631793022156
216,0.9469320178031921,0.18224181234836578,0.9350000023841858,0.17184586822986603
217,0.9436152577400208,0.18412499129772186,0.9399999976158142,0.16716128587722778
218,0.9419568777084351,0.18637031316757202,0.925000011920929,0.1801268607378006
219,0.9436152577400208,0.18058890104293823,0.9449999928474426,0.16253601014614105
220,0.9469320178031921,0.18788863718509674,0.9399999976158142,0.16446533799171448
221,0.9485903978347778,0.18309776484966278,0.9399999976158142,0.16089071333408356
222,0.9485903978347778,0.18540896475315094,0.9350000023841858,0.16135935485363007
223,0.9452736377716064,0.17953914403915405,0.9399999976158142,0.18400102853775024
224,0.936981737613678,0.1859949231147766,0.9399999976158142,0.16919578611850739
225,0.9469320178031921,0.17761747539043427,0.9300000071525574,0.19334371387958527
226,0.9452736377716064,0.18263140320777893,0.9399999976158142,0.17011122405529022
227,0.9452736377716064,0.18301258981227875,0.9399999976158142,0.16192899644374847
228,0.9502487778663635,0.17858511209487915,0.9300000071525574,0.17687375843524933
229,0.9485903978347778,0.1765034794807434,0.9300000071525574,0.1847160905599594
230,0.9452736377716064,0.18106964230537415,0.9399999976158142,0.16398225724697113
231,0.9353233575820923,0.18142922222614288,0.9350000023841858,0.1748334914445877
232,0.9485903978347778,0.18155290186405182,0.9399999976158142,0.17752918601036072
233,0.9436152577400208,0.18111750483512878,0.9350000023841858,0.17679889500141144
234,0.9485903978347778,0.17884953320026398,0.9399999976158142,0.16500240564346313
235,0.9452736377716064,0.17771194875240326,0.9350000023841858,0.15869559347629547
236,0.9452736377716064,0.17695294320583344,0.9350000023841858,0.17721065878868103
237,0.9452736377716064,0.18103307485580444,0.9399999976158142,0.15813834965229034
238,0.9519071578979492,0.17485593259334564,0.9300000071525574,0.1706097573041916
239,0.9535654783248901,0.1747068464756012,0.925000011920929,0.18270206451416016
240,0.9485903978347778,0.17656256258487701,0.9300000071525574,0.1740443855524063
241,0.9485903978347778,0.1772526055574417,0.9350000023841858,0.1607467085123062
242,0.9502487778663635,0.17670026421546936,0.9300000071525574,0.20148329436779022
243,0.9519071578979492,0.17933538556098938,0.9449999928474426,0.16458430886268616
244,0.9452736377716064,0.17716914415359497,0.9350000023841858,0.1867431104183197
245,0.9419568777084351,0.1811840534210205,0.9350000023841858,0.15748661756515503
246,0.9419568777084351,0.17755968868732452,0.9399999976158142,0.16650572419166565
247,0.9502487778663635,0.1742003858089447,0.9449999928474426,0.15943454205989838
248,0.9485903978347778,0.176527202129364,0.9300000071525574,0.1840931922197342
249,0.9469320178031921,0.1735123097896576,0.9350000023841858,0.16056954860687256
250,0.9485903978347778,0.17445716261863708,0.9350000023841858,0.16858161985874176
251,0.9419568777084351,0.17743267118930817,0.9399999976158142,0.15976522862911224
252,0.9535654783248901,0.1712053120136261,0.9350000023841858,0.20157937705516815
253,0.9502487778663635,0.17608633637428284,0.9399999976158142,0.162464901804924
254,0.9552238583564758,0.17301690578460693,0.9300000071525574,0.17812614142894745
255,0.9502487778663635,0.16859377920627594,0.9300000071525574,0.18859495222568512
256,0.9419568777084351,0.17452771961688995,0.9350000023841858,0.1631278395652771
257,0.9519071578979492,0.17199492454528809,0.9449999928474426,0.1561870276927948
258,0.9452736377716064,0.17096708714962006,0.9350000023841858,0.16798630356788635
259,0.9485903978347778,0.17046406865119934,0.9449999928474426,0.17768192291259766
260,0.9452736377716064,0.17301717400550842,0.9449999928474426,0.16802309453487396
261,0.9436152577400208,0.17374958097934723,0.9399999976158142,0.16394397616386414
262,0.9502487778663635,0.17097342014312744,0.9300000071525574,0.16940909624099731
263,0.9485903978347778,0.1700173020362854,0.9449999928474426,0.1559348702430725
264,0.9519071578979492,0.16894719004631042,0.9350000023841858,0.15981873869895935
265,0.9436152577400208,0.17131073772907257,0.9399999976158142,0.1947198063135147
266,0.9502487778663635,0.17614006996154785,0.9350000023841858,0.19632644951343536
267,0.9469320178031921,0.17398373782634735,0.9350000023841858,0.15949435532093048
268,0.9469320178031921,0.16749538481235504,0.9449999928474426,0.15907222032546997
269,0.9436152577400208,0.16768474876880646,0.9399999976158142,0.16791702806949615
270,0.9469320178031921,0.16740000247955322,0.9350000023841858,0.15848387777805328
271,0.9502487778663635,0.16443151235580444,0.9300000071525574,0.17848588526248932
272,0.9535654783248901,0.17159883677959442,0.9399999976158142,0.15718300640583038
273,0.9552238583564758,0.169779971241951,0.9399999976158142,0.15959496796131134
274,0.9502487778663635,0.16690704226493835,0.9449999928474426,0.15530773997306824
275,0.9469320178031921,0.16845931112766266,0.949999988079071,0.16239288449287415
276,0.9519071578979492,0.1659267395734787,0.949999988079071,0.1679646372795105
277,0.9452736377716064,0.16556282341480255,0.9399999976158142,0.16090182960033417
278,0.9535654783248901,0.16520404815673828,0.9399999976158142,0.16225582361221313
279,0.9519071578979492,0.16633853316307068,0.9399999976158142,0.1545172929763794
280,0.9552238583564758,0.16668429970741272,0.925000011920929,0.16844205558300018
281,0.9502487778663635,0.16418439149856567,0.9449999928474426,0.15573334693908691
282,0.9485903978347778,0.16701120138168335,0.9350000023841858,0.17106056213378906
283,0.9485903978347778,0.16788820922374725,0.9399999976158142,0.1604691445827484
284,0.9519071578979492,0.1633143424987793,0.9350000023841858,0.1591130942106247
285,0.9519071578979492,0.159810408949852,0.9449999928474426,0.15315495431423187
286,0.9502487778663635,0.16220919787883759,0.9449999928474426,0.16688676178455353
287,0.9485903978347778,0.16253723204135895,0.925000011920929,0.17476476728916168
288,0.9485903978347778,0.16377949714660645,0.9449999928474426,0.16268260776996613
289,0.9502487778663635,0.16035211086273193,0.9399999976158142,0.15648552775382996
290,0.9502487778663635,0.17096571624279022,0.9399999976158142,0.1559302806854248
291,0.9502487778663635,0.16311754286289215,0.9449999928474426,0.1598588228225708
292,0.9519071578979492,0.15947262942790985,0.9399999976158142,0.1522604525089264
293,0.9535654783248901,0.15919917821884155,0.9399999976158142,0.17033272981643677
294,0.9535654783248901,0.16272228956222534,0.9449999928474426,0.15387143194675446
295,0.9485903978347778,0.1651020646095276,0.9350000023841858,0.16330325603485107
296,0.9519071578979492,0.16274483501911163,0.9449999928474426,0.15964266657829285
297,0.9469320178031921,0.1612374186515808,0.9549999833106995,0.1567845642566681
298,0.9502487778663635,0.16599981486797333,0.9300000071525574,0.1585237681865692
299,0.9502487778663635,0.15692482888698578,0.9350000023841858,0.1749209761619568
300,0.9452736377716064,0.16110526025295258,0.949999988079071,0.15361909568309784
301,0.9502487778663635,0.16190850734710693,0.9449999928474426,0.16050690412521362
302,0.9535654783248901,0.1579325646162033,0.9350000023841858,0.19285772740840912
303,0.9485903978347778,0.1619233936071396,0.9399999976158142,0.15540088713169098
304,0.9452736377716064,0.16000328958034515,0.9449999928474426,0.1553294062614441
305,0.9452736377716064,0.1604679375886917,0.9350000023841858,0.1663007140159607
306,0.9502487778663635,0.15763363242149353,0.9449999928474426,0.15564362704753876
307,0.9535654783248901,0.16169042885303497,0.9399999976158142,0.1527947336435318
308,0.9502487778663635,0.1558605134487152,0.925000011920929,0.1684197634458542
309,0.9452736377716064,0.15652409195899963,0.9300000071525574,0.16899244487285614
310,0.9535654783248901,0.15492260456085205,0.9350000023841858,0.1638001948595047
311,0.9519071578979492,0.1548728048801422,0.9449999928474426,0.158979132771492
312,0.9502487778663635,0.15616974234580994,0.9399999976158142,0.16162124276161194
313,0.9502487778663635,0.1547284722328186,0.9350000023841858,0.16401241719722748
314,0.9452736377716064,0.16111445426940918,0.9399999976158142,0.1522730588912964
315,0.9485903978347778,0.15480279922485352,0.9399999976158142,0.1618994176387787
316,0.9535654783248901,0.1527509093284607,0.9449999928474426,0.15211087465286255
317,0.9469320178031921,0.15318265557289124,0.9399999976158142,0.1525449901819229
318,0.9469320178031921,0.15329387784004211,0.9549999833106995,0.15675754845142365
319,0.9502487778663635,0.15590158104896545,0.949999988079071,0.15600237250328064
320,0.9535654783248901,0.1490643173456192,0.949999988079071,0.15588679909706116
321,0.9436152577400208,0.15691699087619781,0.949999988079071,0.1479889303445816
322,0.9502487778663635,0.15140798687934875,0.9449999928474426,0.14833861589431763
323,0.9436152577400208,0.15356145799160004,0.949999988079071,0.15606968104839325
324,0.9502487778663635,0.15390625596046448,0.9399999976158142,0.14936009049415588
325,0.9519071578979492,0.15048739314079285,0.9399999976158142,0.20704883337020874
326,0.9519071578979492,0.15410256385803223,0.949999988079071,0.16493292152881622
327,0.9535654783248901,0.15278100967407227,0.949999988079071,0.16020986437797546
328,0.9485903978347778,0.15114283561706543,0.9449999928474426,0.15039540827274323
329,0.9485903978347778,0.15400134027004242,0.9350000023841858,0.15833315253257751
330,0.9552238583564758,0.1544754058122635,0.9399999976158142,0.1638510823249817
331,0.9535654783248901,0.15509317815303802,0.9350000023841858,0.17315933108329773
332,0.9436152577400208,0.15787069499492645,0.9549999833106995,0.1591862440109253
333,0.9485903978347778,0.1513855755329132,0.9350000023841858,0.19497551023960114
334,0.9485903978347778,0.1526094228029251,0.9399999976158142,0.15348117053508759
335,0.9452736377716064,0.1546812206506729,0.9399999976158142,0.14965586364269257
336,0.9502487778663635,0.15050800144672394,0.9300000071525574,0.18960782885551453
337,0.9502487778663635,0.15064191818237305,0.9399999976158142,0.1561530977487564
338,0.9568822383880615,0.14478500187397003,0.9399999976158142,0.14760416746139526
339,0.9519071578979492,0.15280437469482422,0.949999988079071,0.15482884645462036
340,0.9535654783248901,0.14806106686592102,0.9549999833106995,0.15851713716983795
341,0.9452736377716064,0.15224966406822205,0.9350000023841858,0.1628149449825287
342,0.9535654783248901,0.14533402025699615,0.949999988079071,0.15467651188373566
343,0.9485903978347778,0.15141195058822632,0.949999988079071,0.14869099855422974
344,0.9502487778663635,0.14827696979045868,0.9449999928474426,0.1576736569404602
345,0.9502487778663635,0.1510421186685562,0.949999988079071,0.15222303569316864
346,0.9552238583564758,0.15080323815345764,0.9449999928474426,0.15880544483661652
347,0.9485903978347778,0.1472729742527008,0.9300000071525574,0.18237146735191345
348,0.9485903978347778,0.14666743576526642,0.9399999976158142,0.15903687477111816
349,0.9469320178031921,0.14930789172649384,0.9399999976158142,0.14522942900657654
350,0.9485903978347778,0.1471063494682312,0.949999988079071,0.15119266510009766
351,0.9585406184196472,0.1464083194732666,0.949999988079071,0.15229809284210205
352,0.9519071578979492,0.1490432173013687,0.949999988079071,0.14992503821849823
353,0.9535654783248901,0.14673347771167755,0.9449999928474426,0.14914068579673767
354,0.9568822383880615,0.1470874845981598,0.9449999928474426,0.14881573617458344
355,0.9552238583564758,0.14684811234474182,0.9449999928474426,0.1564875841140747
356,0.9469320178031921,0.1492748260498047,0.9549999833106995,0.14769232273101807
357,0.9436152577400208,0.14774206280708313,0.949999988079071,0.1516680270433426
358,0.9585406184196472,0.14271850883960724,0.9449999928474426,0.14808684587478638
359,0.9519071578979492,0.14954182505607605,0.9449999928474426,0.1502118706703186
360,0.9519071578979492,0.14566545188426971,0.9399999976158142,0.15236815810203552
361,0.9502487778663635,0.14695554971694946,0.9449999928474426,0.159648135304451
362,0.9552238583564758,0.1468244194984436,0.9449999928474426,0.15920047461986542
363,0.9535654783248901,0.14617136120796204,0.9449999928474426,0.1489972621202469
364,0.9519071578979492,0.14191895723342896,0.949999988079071,0.15872499346733093
365,0.9535654783248901,0.14364145696163177,0.9449999928474426,0.14927010238170624
366,0.9568822383880615,0.1449050009250641,0.9549999833106995,0.15353508293628693
367,0.9519071578979492,0.14529989659786224,0.9449999928474426,0.15743860602378845
368,0.9519071578979492,0.14840081334114075,0.949999988079071,0.15327182412147522
369,0.9469320178031921,0.14713189005851746,0.9399999976158142,0.14699438214302063
370,0.9502487778663635,0.14497698843479156,0.949999988079071,0.1480957567691803
371,0.9502487778663635,0.141102597117424,0.9300000071525574,0.1897340565919876
372,0.9519071578979492,0.14228421449661255,0.9449999928474426,0.14939551055431366
373,0.9552238583564758,0.1390577107667923,0.9399999976158142,0.15029224753379822
374,0.9568822383880615,0.14249394834041595,0.9549999833106995,0.15057596564292908
375,0.9552238583564758,0.14350734651088715,0.9399999976158142,0.14749398827552795
376,0.9502487778663635,0.14304794371128082,0.9449999928474426,0.1458250731229782
377,0.9469320178031921,0.1480758637189865,0.9350000023841858,0.18326376378536224
378,0.9502487778663635,0.14843754470348358,0.9350000023841858,0.17923898994922638
379,0.9552238583564758,0.14548563957214355,0.9449999928474426,0.15674643218517303
380,0.9535654783248901,0.13988381624221802,0.9399999976158142,0.15469634532928467
381,0.9535654783248901,0.13995830714702606,0.9449999928474426,0.14726287126541138
382,0.9552238583564758,0.1395331770181656,0.9449999928474426,0.14636878669261932
383,0.9585406184196472,0.14011183381080627,0.9449999928474426,0.14691327512264252
384,0.9519071578979492,0.1429913491010666,0.9449999928474426,0.1501370072364807
385,0.9519071578979492,0.1492038369178772,0.9350000023841858,0.16105782985687256
386,0.9585406184196472,0.14108753204345703,0.9399999976158142,0.15309013426303864
387,0.9552238583564758,0.14218102395534515,0.9449999928474426,0.14333611726760864
388,0.9568822383880615,0.1420467346906662,0.949999988079071,0.15255802869796753
389,0.9552238583564758,0.13830415904521942,0.9350000023841858,0.15977564454078674
390,0.9519071578979492,0.1424933522939682,0.9350000023841858,0.16492897272109985
391,0.9519071578979492,0.14409801363945007,0.9549999833106995,0.15558789670467377
392,0.9552238583564758,0.13975293934345245,0.9449999928474426,0.1526115983724594
393,0.9502487778663635,0.1456802487373352,0.949999988079071,0.14887213706970215
394,0.9568822383880615,0.14136338233947754,0.9300000071525574,0.16624237596988678
395,0.9552238583564758,0.13397839665412903,0.9449999928474426,0.14712072908878326
396,0.9552238583564758,0.14348934590816498,0.9449999928474426,0.15603592991828918
397,0.9535654783248901,0.1359597146511078,0.949999988079071,0.15577024221420288
398,0.9485903978347778,0.1446104645729065,0.9449999928474426,0.14581458270549774
399,0.9535654783248901,0.14000505208969116,0.949999988079071,0.1505424529314041
400,0.9519071578979492,0.14005418121814728,0.9449999928474426,0.1449395716190338
401,0.9568822383880615,0.13741903007030487,0.9449999928474426,0.15428239107131958
402,0.9519071578979492,0.14236494898796082,0.9350000023841858,0.15312471985816956
403,0.9485903978347778,0.1391376405954361,0.9449999928474426,0.14822547137737274
404,0.9519071578979492,0.13996022939682007,0.949999988079071,0.14340469241142273
405,0.9552238583564758,0.1431921273469925,0.9449999928474426,0.1504697948694229
406,0.9502487778663635,0.13813604414463043,0.9449999928474426,0.15329532325267792
407,0.9452736377716064,0.1489817500114441,0.9449999928474426,0.15436358749866486
408,0.9568822383880615,0.1351393461227417,0.949999988079071,0.14395102858543396
409,0.9568822383880615,0.13998673856258392,0.9549999833106995,0.14598718285560608
410,0.9568822383880615,0.13831524550914764,0.9449999928474426,0.146087184548378
411,0.9552238583564758,0.13513007760047913,0.9399999976158142,0.1516731232404709
412,0.9552238583564758,0.13506022095680237,0.9549999833106995,0.15747834742069244
413,0.9502487778663635,0.1403876096010208,0.949999988079071,0.15236106514930725
414,0.9552238583564758,0.13646867871284485,0.9399999976158142,0.1730632781982422
415,0.9519071578979492,0.14319820702075958,0.9549999833106995,0.14886295795440674
416,0.9552238583564758,0.13857734203338623,0.949999988079071,0.14464840292930603
417,0.9568822383880615,0.13631571829319,0.9350000023841858,0.16789694130420685
418,0.9519071578979492,0.13702622056007385,0.949999988079071,0.14661067724227905
419,0.9535654783248901,0.14449883997440338,0.949999988079071,0.14299918711185455
420,0.9519071578979492,0.13475559651851654,0.9449999928474426,0.15106076002120972
421,0.9535654783248901,0.13942278921604156,0.9449999928474426,0.14422324299812317
422,0.9618573784828186,0.13387911021709442,0.9549999833106995,0.15147972106933594
423,0.9552238583564758,0.142713263630867,0.9449999928474426,0.15306858718395233
424,0.9502487778663635,0.1392737329006195,0.9449999928474426,0.15407635271549225
425,0.9519071578979492,0.14041388034820557,0.9549999833106995,0.14628922939300537
426,0.9502487778663635,0.1382405012845993,0.9449999928474426,0.1500716656446457
427,0.9568822383880615,0.1338253617286682,0.9449999928474426,0.14242927730083466
428,0.9535654783248901,0.13770698010921478,0.9350000023841858,0.15521438419818878
429,0.9519071578979492,0.14220666885375977,0.9350000023841858,0.1704118549823761
430,0.9502487778663635,0.13687917590141296,0.949999988079071,0.15548565983772278
431,0.9535654783248901,0.13712403178215027,0.9449999928474426,0.14814059436321259
432,0.9568822383880615,0.136520117521286,0.949999988079071,0.15256211161613464
433,0.9552238583564758,0.13772623240947723,0.9399999976158142,0.14731183648109436
434,0.9502487778663635,0.1425492912530899,0.9449999928474426,0.1681821197271347
435,0.9519071578979492,0.13832499086856842,0.949999988079071,0.14333395659923553
436,0.9568822383880615,0.13847261667251587,0.949999988079071,0.14043459296226501
437,0.9552238583564758,0.1364494264125824,0.949999988079071,0.14353100955486298
438,0.9568822383880615,0.13473258912563324,0.949999988079071,0.14195461571216583
439,0.9601989984512329,0.1335323303937912,0.949999988079071,0.14832884073257446
440,0.9519071578979492,0.13704408705234528,0.949999988079071,0.13951049745082855
441,0.9568822383880615,0.13319359719753265,0.949999988079071,0.1408972144126892
442,0.9601989984512329,0.131317138671875,0.9399999976158142,0.14653238654136658
443,0.9552238583564758,0.1345573216676712,0.9449999928474426,0.14292632043361664
444,0.9535654783248901,0.13431604206562042,0.9449999928474426,0.143962100148201
445,0.9601989984512329,0.13255737721920013,0.949999988079071,0.14720815420150757
446,0.9635157585144043,0.13101787865161896,0.9549999833106995,0.13935405015945435
447,0.9535654783248901,0.13665953278541565,0.9449999928474426,0.14315371215343475
448,0.9552238583564758,0.13206344842910767,0.9449999928474426,0.1456983983516693
449,0.9535654783248901,0.13539749383926392,0.9449999928474426,0.14477694034576416
450,0.9535654783248901,0.13329216837882996,0.9449999928474426,0.1431228369474411
451,0.9585406184196472,0.13447433710098267,0.9449999928474426,0.14834469556808472
452,0.9535654783248901,0.139011949300766,0.949999988079071,0.14464111626148224
453,0.9552238583564758,0.1355719119310379,0.9350000023841858,0.15891657769680023
454,0.9535654783248901,0.1358555257320404,0.9549999833106995,0.14825764298439026
455,0.9585406184196472,0.13154993951320648,0.9449999928474426,0.14431019127368927
456,0.9552238583564758,0.13485881686210632,0.949999988079071,0.14554812014102936
457,0.9485903978347778,0.131734699010849,0.9449999928474426,0.14881953597068787
458,0.9552238583564758,0.13519522547721863,0.9399999976158142,0.15316855907440186
459,0.9585406184196472,0.13254831731319427,0.9399999976158142,0.15479815006256104
460,0.9485903978347778,0.13624133169651031,0.949999988079071,0.13980482518672943
461,0.9535654783248901,0.13559001684188843,0.9549999833106995,0.14309167861938477
462,0.9552238583564758,0.13652704656124115,0.9599999785423279,0.14973308145999908
463,0.9519071578979492,0.1354292780160904,0.949999988079071,0.14691446721553802
464,0.9519071578979492,0.13255944848060608,0.9449999928474426,0.14834946393966675
465,0.9568822383880615,0.1330241560935974,0.9449999928474426,0.14065831899642944
466,0.9502487778663635,0.13356348872184753,0.949999988079071,0.1437373012304306
467,0.9535654783248901,0.13561654090881348,0.949999988079071,0.15137721598148346
468,0.9519071578979492,0.1304756999015808,0.949999988079071,0.15347221493721008
469,0.9552238583564758,0.13385839760303497,0.9549999833106995,0.14429029822349548
470,0.9585406184196472,0.12823951244354248,0.9449999928474426,0.1557845026254654
471,0.9585406184196472,0.13178883492946625,0.9549999833106995,0.13961456716060638
472,0.9585406184196472,0.13122490048408508,0.9449999928474426,0.153438001871109
473,0.9568822383880615,0.12816615402698517,0.9449999928474426,0.14433462917804718
474,0.9568822383880615,0.13422457873821259,0.9399999976158142,0.14914283156394958
475,0.9519071578979492,0.13350805640220642,0.9399999976158142,0.1609157919883728
476,0.9601989984512329,0.1313869059085846,0.949999988079071,0.15747204422950745
477,0.9552238583564758,0.13190001249313354,0.9549999833106995,0.1482921987771988
478,0.9585406184196472,0.12882572412490845,0.9399999976158142,0.17988508939743042
479,0.9552238583564758,0.13390816748142242,0.9549999833106995,0.15602490305900574
480,0.9568822383880615,0.1347600668668747,0.9449999928474426,0.1521969586610794
481,0.9552238583564758,0.13090091943740845,0.9399999976158142,0.1452285349369049
482,0.9535654783248901,0.13370144367218018,0.9449999928474426,0.15209214389324188
483,0.9552238583564758,0.13142868876457214,0.949999988079071,0.14935053884983063
484,0.9568822383880615,0.13213439285755157,0.9549999833106995,0.14725396037101746
485,0.9635157585144043,0.12910889089107513,0.949999988079071,0.15143239498138428
486,0.9519071578979492,0.13344016671180725,0.949999988079071,0.1358436495065689
487,0.9601989984512329,0.13248464465141296,0.9350000023841858,0.15525294840335846
488,0.9618573784828186,0.1302666813135147,0.9549999833106995,0.1436316817998886
489,0.9519071578979492,0.1326492428779602,0.9549999833106995,0.1451946645975113
490,0.9552238583564758,0.12882591784000397,0.9399999976158142,0.1522081345319748
491,0.9535654783248901,0.130796879529953,0.9449999928474426,0.14709900319576263
492,0.9552238583564758,0.12931643426418304,0.9449999928474426,0.15940316021442413
493,0.9552238583564758,0.12841448187828064,0.949999988079071,0.15352751314640045
494,0.9585406184196472,0.1307842880487442,0.9449999928474426,0.149807408452034
495,0.9502487778663635,0.13727165758609772,0.949999988079071,0.13905908167362213
496,0.9535654783248901,0.1293344348669052,0.9449999928474426,0.1413177102804184
497,0.9585406184196472,0.13019566237926483,0.949999988079071,0.15253163874149323
498,0.9519071578979492,0.13354094326496124,0.949999988079071,0.1444409042596817
499,0.9568822383880615,0.12981225550174713,0.949999988079071,0.13890676200389862
500,0.9535654783248901,0.1329411119222641,0.949999988079071,0.1355902999639511
501,0.9552238583564758,0.13152091205120087,0.949999988079071,0.1492319256067276
502,0.9552238583564758,0.13097314536571503,0.9350000023841858,0.15160435438156128
503,0.9601989984512329,0.12785959243774414,0.9549999833106995,0.13456448912620544
504,0.9552238583564758,0.13075657188892365,0.949999988079071,0.1405046582221985
505,0.9585406184196472,0.12937253713607788,0.9549999833106995,0.15168818831443787
506,0.9535654783248901,0.12703534960746765,0.9399999976158142,0.2009417563676834
507,0.9601989984512329,0.12803111970424652,0.949999988079071,0.13870400190353394
508,0.9552238583564758,0.12915757298469543,0.9599999785423279,0.15229803323745728
509,0.9568822383880615,0.12888547778129578,0.949999988079071,0.14587841928005219
510,0.9535654783248901,0.12939515709877014,0.949999988079071,0.1452503800392151
511,0.9618573784828186,0.1285472810268402,0.949999988079071,0.1559838205575943
512,0.9568822383880615,0.1333409994840622,0.9449999928474426,0.16001906991004944
513,0.9519071578979492,0.13355454802513123,0.949999988079071,0.1490989625453949
514,0.9568822383880615,0.1325014978647232,0.9549999833106995,0.14124125242233276
515,0.9585406184196472,0.12363332509994507,0.949999988079071,0.152109295129776
516,0.9585406184196472,0.12820249795913696,0.949999988079071,0.1381341964006424
517,0.9568822383880615,0.13020673394203186,0.9549999833106995,0.13576805591583252
518,0.9601989984512329,0.1275627613067627,0.949999988079071,0.14319510757923126
519,0.9585406184196472,0.12680622935295105,0.9449999928474426,0.14777778089046478
520,0.9502487778663635,0.1281755268573761,0.949999988079071,0.13964781165122986
521,0.9601989984512329,0.1290469616651535,0.949999988079071,0.14142858982086182
522,0.9568822383880615,0.1265808641910553,0.949999988079071,0.13669289648532867
523,0.9601989984512329,0.12445173412561417,0.9399999976158142,0.16044199466705322
524,0.9519071578979492,0.13035954535007477,0.949999988079071,0.16656453907489777
525,0.9601989984512329,0.12863430380821228,0.949999988079071,0.1462624967098236
526,0.9585406184196472,0.12574227154254913,0.9549999833106995,0.13878963887691498
527,0.9568822383880615,0.1252257525920868,0.949999988079071,0.1515401005744934
528,0.9552238583564758,0.13305333256721497,0.9449999928474426,0.16001443564891815
529,0.9552238583564758,0.13551154732704163,0.9549999833106995,0.14561747014522552
530,0.9552238583564758,0.127515971660614,0.9449999928474426,0.15183863043785095
531,0.9601989984512329,0.12502887845039368,0.9449999928474426,0.14677751064300537
532,0.9552238583564758,0.12680627405643463,0.9599999785423279,0.13771642744541168
533,0.9552238583564758,0.12842413783073425,0.9449999928474426,0.15077894926071167
534,0.9535654783248901,0.13028430938720703,0.9599999785423279,0.1416279673576355
535,0.9568822383880615,0.12698477506637573,0.9549999833106995,0.13460811972618103
536,0.9568822383880615,0.13251008093357086,0.949999988079071,0.14960336685180664
537,0.9535654783248901,0.12858857214450836,0.949999988079071,0.14401477575302124
538,0.9618573784828186,0.12642119824886322,0.9449999928474426,0.14732061326503754
539,0.9601989984512329,0.12970292568206787,0.949999988079071,0.14481490850448608
540,0.9618573784828186,0.12392374873161316,0.9449999928474426,0.14949315786361694
541,0.9552238583564758,0.12749707698822021,0.9549999833106995,0.14216186106204987
542,0.9552238583564758,0.12455296516418457,0.9599999785423279,0.13636130094528198
543,0.9585406184196472,0.13072484731674194,0.949999988079071,0.14098584651947021
544,0.9601989984512329,0.12581771612167358,0.9399999976158142,0.15385812520980835
545,0.9535654783248901,0.12677708268165588,0.9449999928474426,0.15217213332653046
546,0.96517413854599,0.12743490934371948,0.9549999833106995,0.1452227234840393
547,0.9618573784828186,0.12299168854951859,0.9449999928474426,0.1443764716386795
548,0.9618573784828186,0.12636153399944305,0.949999988079071,0.13482698798179626
549,0.9568822383880615,0.12281011044979095,0.9549999833106995,0.13957911729812622
550,0.9552238583564758,0.12622573971748352,0.949999988079071,0.14374591410160065
551,0.9618573784828186,0.12630783021450043,0.9449999928474426,0.14211924374103546
552,0.9601989984512329,0.12560613453388214,0.9399999976158142,0.15806101262569427
553,0.9585406184196472,0.12118414789438248,0.9549999833106995,0.13364534080028534
554,0.9601989984512329,0.12421772629022598,0.9549999833106995,0.1393001526594162
555,0.9519071578979492,0.1278427690267563,0.9399999976158142,0.15493527054786682
556,0.9618573784828186,0.12568049132823944,0.9449999928474426,0.1623661071062088
557,0.9502487778663635,0.1314525008201599,0.949999988079071,0.14229127764701843
558,0.9535654783248901,0.1295686513185501,0.9549999833106995,0.14112453162670135
559,0.9635157585144043,0.1274232119321823,0.949999988079071,0.1427409052848816
560,0.9568822383880615,0.122374527156353,0.949999988079071,0.14538925886154175
561,0.9568822383880615,0.12443327158689499,0.949999988079071,0.14007528126239777
562,0.9618573784828186,0.12461673468351364,0.9549999833106995,0.14517708122730255
563,0.9535654783248901,0.12845496833324432,0.9549999833106995,0.13547228276729584
564,0.9502487778663635,0.13004808127880096,0.9599999785423279,0.1335286647081375
565,0.9601989984512329,0.12529857456684113,0.9449999928474426,0.14737623929977417
566,0.9568822383880615,0.1275544911623001,0.9449999928474426,0.14236578345298767
567,0.9601989984512329,0.12298581749200821,0.9350000023841858,0.15789902210235596
568,0.9485903978347778,0.1297181397676468,0.9399999976158142,0.18116503953933716
569,0.9585406184196472,0.1260579377412796,0.949999988079071,0.15567739307880402
570,0.9585406184196472,0.12092684954404831,0.9449999928474426,0.14961975812911987
571,0.9618573784828186,0.12170276045799255,0.949999988079071,0.1387386918067932
572,0.9585406184196472,0.12654073536396027,0.9549999833106995,0.1337178498506546
573,0.9585406184196472,0.12401892989873886,0.9700000286102295,0.1386864334344864
574,0.9535654783248901,0.1274183839559555,0.9549999833106995,0.1385767012834549
575,0.9568822383880615,0.12872196733951569,0.9549999833106995,0.14208664000034332
576,0.9519071578979492,0.13051533699035645,0.949999988079071,0.14544229209423065
577,0.9585406184196472,0.1290266513824463,0.949999988079071,0.14282777905464172
578,0.9618573784828186,0.12125931680202484,0.949999988079071,0.13901084661483765
579,0.9601989984512329,0.12599338591098785,0.9399999976158142,0.1640293002128601
580,0.9552238583564758,0.12848752737045288,0.9549999833106995,0.13844965398311615
581,0.9552238583564758,0.12602978944778442,0.9449999928474426,0.14105144143104553
582,0.9502487778663635,0.12389709055423737,0.9549999833106995,0.14242392778396606
583,0.9585406184196472,0.12380720674991608,0.9399999976158142,0.16908204555511475
584,0.9601989984512329,0.12157860398292542,0.9399999976158142,0.1595449149608612
585,0.9585406184196472,0.12824638187885284,0.949999988079071,0.14213749766349792
586,0.9585406184196472,0.12233436852693558,0.9549999833106995,0.1374160349369049
587,0.9601989984512329,0.1232585608959198,0.949999988079071,0.13544848561286926
588,0.9585406184196472,0.1333683431148529,0.9449999928474426,0.14295919239521027
589,0.9585406184196472,0.12719956040382385,0.949999988079071,0.1436811238527298
590,0.9585406184196472,0.12301954627037048,0.9399999976158142,0.16181816160678864
591,0.9585406184196472,0.12775132060050964,0.949999988079071,0.1362960934638977
592,0.9601989984512329,0.12282942980527878,0.9449999928474426,0.14351141452789307
593,0.9601989984512329,0.12174692749977112,0.9449999928474426,0.17509959638118744
594,0.9635157585144043,0.1259201020002365,0.9449999928474426,0.14510121941566467
595,0.9585406184196472,0.1240999847650528,0.9549999833106995,0.14130784571170807
596,0.9635157585144043,0.12375593930482864,0.9599999785423279,0.13280326128005981
597,0.9601989984512329,0.11920595169067383,0.949999988079071,0.14445824921131134
598,0.9568822383880615,0.12555772066116333,0.9549999833106995,0.13940586149692535
599,0.9585406184196472,0.12268666177988052,0.9599999785423279,0.13845393061637878
600,0.9552238583564758,0.12450883537530899,0.949999988079071,0.14567871391773224
601,0.9601989984512329,0.125301331281662,0.9599999785423279,0.13205519318580627
602,0.9601989984512329,0.1233651340007782,0.9449999928474426,0.13911208510398865
603,0.9635157585144043,0.12181156873703003,0.949999988079071,0.13772764801979065
604,0.9568822383880615,0.12065742164850235,0.9599999785423279,0.1362789124250412
605,0.9618573784828186,0.12168366461992264,0.949999988079071,0.13935309648513794
606,0.9552238583564758,0.12148888409137726,0.9449999928474426,0.15041691064834595
607,0.9568822383880615,0.12539735436439514,0.9449999928474426,0.1435081660747528
608,0.9535654783248901,0.1241830438375473,0.9549999833106995,0.13903093338012695
609,0.9568822383880615,0.12541671097278595,0.949999988079071,0.15087977051734924
610,0.9601989984512329,0.12707535922527313,0.9549999833106995,0.1373773068189621
611,0.9552238583564758,0.12766973674297333,0.9549999833106995,0.13787180185317993
612,0.9519071578979492,0.1278381049633026,0.9549999833106995,0.14309728145599365
613,0.9585406184196472,0.12725383043289185,0.9549999833106995,0.13346238434314728
614,0.9585406184196472,0.12070313096046448,0.949999988079071,0.15274935960769653
615,0.9635157585144043,0.12199720740318298,0.9449999928474426,0.14098674058914185
616,0.9601989984512329,0.1243344321846962,0.9399999976158142,0.15964771807193756
617,0.9552238583564758,0.12337017059326172,0.949999988079071,0.14057156443595886
618,0.9585406184196472,0.12070769816637039,0.949999988079071,0.13318198919296265
619,0.9585406184196472,0.12357538193464279,0.949999988079071,0.1370411366224289
620,0.9601989984512329,0.12246599048376083,0.9549999833106995,0.1449548602104187
621,0.9585406184196472,0.12030717730522156,0.9399999976158142,0.14990068972110748
622,0.9601989984512329,0.12101100385189056,0.9399999976158142,0.15604202449321747
623,0.9618573784828186,0.1222667545080185,0.949999988079071,0.14525848627090454
624,0.9552238583564758,0.11940310150384903,0.9449999928474426,0.1566338986158371
625,0.9601989984512329,0.1260814070701599,0.949999988079071,0.14161540567874908
626,0.9635157585144043,0.12540683150291443,0.9449999928474426,0.14609263837337494
627,0.9585406184196472,0.12357237935066223,0.9399999976158142,0.1554894745349884
628,0.9568822383880615,0.12282299995422363,0.9549999833106995,0.1360752135515213
629,0.9585406184196472,0.12400069832801819,0.9599999785423279,0.14318780601024628
630,0.9668325185775757,0.12292734533548355,0.9449999928474426,0.15655913949012756
631,0.96517413854599,0.11733800917863846,0.9599999785423279,0.13342255353927612
632,0.9635157585144043,0.1219586431980133,0.9549999833106995,0.14120203256607056
633,0.9635157585144043,0.12207427620887756,0.949999988079071,0.15479403734207153
634,0.9585406184196472,0.11951199918985367,0.9350000023841858,0.1947876214981079
635,0.9568822383880615,0.12382186949253082,0.9549999833106995,0.14674696326255798
636,0.9635157585144043,0.11763623356819153,0.9399999976158142,0.15631601214408875
637,0.9618573784828186,0.12476042658090591,0.9399999976158142,0.14311939477920532
638,0.9502487778663635,0.12655244767665863,0.9549999833106995,0.13667401671409607
639,0.9535654783248901,0.12077123671770096,0.9649999737739563,0.14454440772533417
640,0.9568822383880615,0.12115266174077988,0.949999988079071,0.15593938529491425
641,0.9601989984512329,0.11686934530735016,0.9599999785423279,0.13632617890834808
642,0.9585406184196472,0.11913509666919708,0.9399999976158142,0.1564987599849701
643,0.9601989984512329,0.11697382479906082,0.9350000023841858,0.16413554549217224
644,0.9568822383880615,0.12676696479320526,0.9549999833106995,0.14959803223609924
645,0.9601989984512329,0.12076401710510254,0.9549999833106995,0.15197479724884033
646,0.9601989984512329,0.11729088425636292,0.9599999785423279,0.13411837816238403
647,0.9535654783248901,0.12386244535446167,0.949999988079071,0.16046613454818726
648,0.9568822383880615,0.12358938157558441,0.9399999976158142,0.16302721202373505
649,0.9585406184196472,0.12568782269954681,0.9599999785423279,0.13246488571166992
650,0.9585406184196472,0.1203257218003273,0.949999988079071,0.13387691974639893
651,0.9618573784828186,0.12125672399997711,0.9549999833106995,0.140559583902359
652,0.96517413854599,0.11857204139232635,0.9399999976158142,0.16896164417266846
653,0.9635157585144043,0.11739373207092285,0.9449999928474426,0.14446449279785156
654,0.9618573784828186,0.12350619584321976,0.9549999833106995,0.13922974467277527
655,0.9535654783248901,0.12689697742462158,0.9599999785423279,0.144753098487854
656,0.9618573784828186,0.11754704266786575,0.9449999928474426,0.16208428144454956
657,0.9618573784828186,0.12048615515232086,0.9599999785423279,0.14455294609069824
658,0.9552238583564758,0.12239034473896027,0.9549999833106995,0.1388814002275467
659,0.9635157585144043,0.12060612440109253,0.9549999833106995,0.14761511981487274
660,0.9618573784828186,0.11819494515657425,0.949999988079071,0.14260579645633698
661,0.9635157585144043,0.11406386643648148,0.9350000023841858,0.17292651534080505
662,0.9585406184196472,0.12409817427396774,0.9599999785423279,0.13574910163879395
663,0.9618573784828186,0.11750506609678268,0.9549999833106995,0.15057848393917084
664,0.96517413854599,0.1197337657213211,0.9399999976158142,0.15134073793888092
665,0.96517413854599,0.1198599636554718,0.9599999785423279,0.136684849858284
666,0.9601989984512329,0.12289316207170486,0.9649999737739563,0.14077529311180115
667,0.9635157585144043,0.11933360993862152,0.9399999976158142,0.15873801708221436
668,0.9601989984512329,0.11955449730157852,0.9449999928474426,0.14568495750427246
669,0.9635157585144043,0.11585699021816254,0.9700000286102295,0.14068177342414856
670,0.9601989984512329,0.12202321738004684,0.9599999785423279,0.13506141304969788
671,0.9585406184196472,0.12021666020154953,0.9549999833106995,0.1383206695318222
672,0.9552238583564758,0.11780578643083572,0.9599999785423279,0.14072027802467346
673,0.9618573784828186,0.11474543809890747,0.949999988079071,0.14520826935768127
674,0.9618573784828186,0.12165847420692444,0.949999988079071,0.14682312309741974
675,0.9552238583564758,0.12070680409669876,0.9599999785423279,0.1295582801103592
676,0.96517413854599,0.12155582755804062,0.9449999928474426,0.1409590095281601
677,0.96517413854599,0.11395751684904099,0.949999988079071,0.14596058428287506
678,0.9618573784828186,0.12269599735736847,0.9549999833106995,0.13705170154571533
679,0.96517413854599,0.11659812927246094,0.9599999785423279,0.14001013338565826
680,0.9618573784828186,0.12030869722366333,0.9549999833106995,0.14782705903053284
681,0.9601989984512329,0.11618172377347946,0.949999988079071,0.1449582874774933
682,0.9552238583564758,0.12140996009111404,0.949999988079071,0.13599306344985962
683,0.9568822383880615,0.1245303675532341,0.949999988079071,0.13816715776920319
684,0.9601989984512329,0.12535996735095978,0.9599999785423279,0.14339345693588257
685,0.9668325185775757,0.11384491622447968,0.9449999928474426,0.16430220007896423
686,0.9635157585144043,0.11611012369394302,0.9549999833106995,0.13432420790195465
687,0.9618573784828186,0.11830117553472519,0.9350000023841858,0.15871372818946838
688,0.9585406184196472,0.11712026596069336,0.9449999928474426,0.14583058655261993
689,0.9684908986091614,0.1148601770401001,0.949999988079071,0.1633884757757187
690,0.9618573784828186,0.120416060090065,0.949999988079071,0.16240288317203522
691,0.9485903978347778,0.12629561126232147,0.9449999928474426,0.1496076136827469
692,0.9585406184196472,0.12383288890123367,0.9449999928474426,0.16135291755199432
693,0.9618573784828186,0.1202150285243988,0.9599999785423279,0.13885235786437988
694,0.9585406184196472,0.1189199686050415,0.9549999833106995,0.12875425815582275
695,0.9601989984512329,0.11721973866224289,0.9549999833106995,0.1383570432662964
696,0.9568822383880615,0.11578280478715897,0.9599999785423279,0.12854968011379242
697,0.9568822383880615,0.11948154121637344,0.9549999833106995,0.1532311886548996
698,0.9618573784828186,0.11979173123836517,0.9599999785423279,0.1388036012649536
699,0.9618573784828186,0.12003432959318161,0.9599999785423279,0.13515695929527283
700,0.9618573784828186,0.11750520020723343,0.9449999928474426,0.15290048718452454
701,0.9585406184196472,0.11754047870635986,0.9599999785423279,0.13715392351150513
702,0.9618573784828186,0.11742839217185974,0.9399999976158142,0.1531895101070404
703,0.9618573784828186,0.11681132018566132,0.9549999833106995,0.1467169225215912
704,0.9635157585144043,0.12103135138750076,0.9599999785423279,0.13590115308761597
705,0.9635157585144043,0.11561834067106247,0.9549999833106995,0.14107756316661835
706,0.9668325185775757,0.1142561063170433,0.949999988079071,0.14711809158325195
707,0.9568822383880615,0.12035614252090454,0.9599999785423279,0.14893919229507446
708,0.9568822383880615,0.11741148680448532,0.9599999785423279,0.13132616877555847
709,0.96517413854599,0.11595935374498367,0.9449999928474426,0.14327894151210785
710,0.9552238583564758,0.11930915713310242,0.9599999785423279,0.13010434806346893
711,0.9618573784828186,0.11782286316156387,0.9549999833106995,0.14258165657520294
712,0.9568822383880615,0.1199740543961525,0.9599999785423279,0.13734179735183716
713,0.96517413854599,0.1160714328289032,0.9549999833106995,0.13966499269008636
714,0.9601989984512329,0.11525461822748184,0.9549999833106995,0.13630276918411255
715,0.9601989984512329,0.11432687938213348,0.9599999785423279,0.14453326165676117
716,0.9601989984512329,0.11658982932567596,0.9549999833106995,0.13381028175354004
717,0.9701492786407471,0.11287275701761246,0.9449999928474426,0.15071195363998413
718,0.9618573784828186,0.11455738544464111,0.9549999833106995,0.15149171650409698
719,0.9552238583564758,0.11805304884910583,0.949999988079071,0.14619386196136475
720,0.9568822383880615,0.12094985693693161,0.949999988079071,0.14763346314430237
721,0.9585406184196472,0.11598046123981476,0.9599999785423279,0.13825219869613647
722,0.9684908986091614,0.11419633775949478,0.9599999785423279,0.1286003738641739
723,0.9635157585144043,0.11699312180280685,0.949999988079071,0.1743646264076233
724,0.9618573784828186,0.11685394495725632,0.9449999928474426,0.1588408201932907
725,0.96517413854599,0.1161196157336235,0.9549999833106995,0.13385838270187378
726,0.9552238583564758,0.11657468229532242,0.9449999928474426,0.1528785675764084
727,0.9585406184196472,0.11794860661029816,0.9449999928474426,0.1620042622089386
728,0.9585406184196472,0.11669787764549255,0.9449999928474426,0.13946865499019623
729,0.9585406184196472,0.11767232418060303,0.9350000023841858,0.15437056124210358
730,0.9552238583564758,0.12015022337436676,0.9549999833106995,0.13396215438842773
731,0.9618573784828186,0.11866908520460129,0.9549999833106995,0.13293366134166718
732,0.9585406184196472,0.11804679036140442,0.9449999928474426,0.13864348828792572
733,0.9568822383880615,0.11540090292692184,0.9649999737739563,0.13410167396068573
734,0.9618573784828186,0.1147022545337677,0.949999988079071,0.13804109394550323
735,0.9585406184196472,0.11686956882476807,0.9599999785423279,0.14722324907779694
736,0.9601989984512329,0.11101283878087997,0.925000011920929,0.1966913938522339
737,0.9601989984512329,0.1268349140882492,0.9599999785423279,0.13834884762763977
738,0.96517413854599,0.11381588876247406,0.949999988079071,0.13875025510787964
739,0.9618573784828186,0.11212924867868423,0.9649999737739563,0.1333073377609253
740,0.9601989984512329,0.11322025209665298,0.9549999833106995,0.13748086988925934
741,0.96517413854599,0.11474460363388062,0.9399999976158142,0.17257124185562134
742,0.9618573784828186,0.11474232375621796,0.9399999976158142,0.14913620054721832
743,0.9601989984512329,0.12258617579936981,0.949999988079071,0.13671736419200897
744,0.9585406184196472,0.11614667624235153,0.9549999833106995,0.13222143054008484
745,0.9668325185775757,0.11353980004787445,0.9350000023841858,0.16338670253753662
746,0.9635157585144043,0.11595743149518967,0.9449999928474426,0.14543507993221283
747,0.9668325185775757,0.11647160351276398,0.9549999833106995,0.1362844705581665
748,0.9635157585144043,0.11253244429826736,0.9449999928474426,0.13882726430892944
749,0.9585406184196472,0.11295869946479797,0.9549999833106995,0.14518696069717407
750,0.9601989984512329,0.11244627833366394,0.949999988079071,0.13539406657218933
751,0.96517413854599,0.11445897072553635,0.9549999833106995,0.13470575213432312
752,0.9601989984512329,0.11308926343917847,0.9700000286102295,0.13541248440742493
753,0.9668325185775757,0.11765982955694199,0.949999988079071,0.13875795900821686
754,0.9568822383880615,0.11462841182947159,0.949999988079071,0.13701032102108002
755,0.9684908986091614,0.11160735040903091,0.9449999928474426,0.18982498347759247
756,0.9585406184196472,0.11896483600139618,0.949999988079071,0.1418849229812622
757,0.9618573784828186,0.11512104421854019,0.949999988079071,0.13426852226257324
758,0.9519071578979492,0.11962555348873138,0.9549999833106995,0.1482604444026947
759,0.9618573784828186,0.11519302427768707,0.9599999785423279,0.15206831693649292
760,0.9635157585144043,0.11482041329145432,0.9399999976158142,0.15453967452049255
761,0.9601989984512329,0.11815913766622543,0.949999988079071,0.15134407579898834
762,0.9601989984512329,0.11451597511768341,0.9599999785423279,0.1376791149377823
763,0.9601989984512329,0.11940645426511765,0.9599999785423279,0.14873076975345612
764,0.9635157585144043,0.1125735491514206,0.949999988079071,0.14079619944095612
765,0.9618573784828186,0.11426520347595215,0.9350000023841858,0.15298490226268768
766,0.9552238583564758,0.11776816844940186,0.9549999833106995,0.13516013324260712
767,0.9552238583564758,0.11614052951335907,0.9399999976158142,0.1478145718574524
768,0.96517413854599,0.11581683903932571,0.9599999785423279,0.13110268115997314
769,0.9585406184196472,0.1160820946097374,0.9549999833106995,0.1443272829055786
770,0.96517413854599,0.1137135699391365,0.949999988079071,0.14242318272590637
771,0.96517413854599,0.11733417958021164,0.9599999785423279,0.142068013548851
772,0.9535654783248901,0.11682252585887909,0.9549999833106995,0.13535195589065552
773,0.9701492786407471,0.11496467888355255,0.9649999737739563,0.14026661217212677
774,0.9601989984512329,0.1170518696308136,0.9599999785423279,0.13200603425502777
775,0.9668325185775757,0.11547715216875076,0.9399999976158142,0.14739851653575897
776,0.9601989984512329,0.11220943927764893,0.9549999833106995,0.13375844061374664
777,0.9635157585144043,0.1129603311419487,0.9549999833106995,0.14157900214195251
778,0.9585406184196472,0.11452478170394897,0.9599999785423279,0.1351763755083084
779,0.96517413854599,0.11335355788469315,0.9449999928474426,0.1459168791770935
780,0.9618573784828186,0.11385403573513031,0.949999988079071,0.14702105522155762
781,0.9684908986091614,0.11052894592285156,0.949999988079071,0.14785519242286682
782,0.9635157585144043,0.1106463223695755,0.9399999976158142,0.16710402071475983
783,0.96517413854599,0.11271868646144867,0.949999988079071,0.1457810252904892
784,0.9568822383880615,0.11683841049671173,0.949999988079071,0.151996910572052
785,0.96517413854599,0.11339978128671646,0.9449999928474426,0.15789489448070526
786,0.9618573784828186,0.11146541684865952,0.9399999976158142,0.151204451918602
787,0.9601989984512329,0.11354842036962509,0.9449999928474426,0.138575941324234
788,0.96517413854599,0.11568978428840637,0.9549999833106995,0.14980995655059814
789,0.9635157585144043,0.1117577850818634,0.9549999833106995,0.13573765754699707
790,0.9668325185775757,0.1099841520190239,0.9549999833106995,0.14142467081546783
791,0.9535654783248901,0.11858661472797394,0.9549999833106995,0.1365838199853897
792,0.9635157585144043,0.1106221079826355,0.9549999833106995,0.13741876184940338
793,0.9618573784828186,0.11186166107654572,0.9599999785423279,0.1392194628715515
794,0.9601989984512329,0.11415555328130722,0.9549999833106995,0.13510245084762573
795,0.9635157585144043,0.11212284862995148,0.9549999833106995,0.13506434857845306
796,0.9601989984512329,0.11117484420537949,0.9599999785423279,0.13324712216854095
797,0.9618573784828186,0.11300088465213776,0.9549999833106995,0.14213980734348297
798,0.9618573784828186,0.11454612016677856,0.949999988079071,0.14074105024337769
799,0.9618573784828186,0.11241403222084045,0.9599999785423279,0.14206314086914062
800,0.9601989984512329,0.11324172466993332,0.9599999785423279,0.13696706295013428
801,0.9618573784828186,0.11881233006715775,0.9449999928474426,0.17120328545570374
802,0.9668325185775757,0.11020317673683167,0.9599999785423279,0.13741399347782135
803,0.9601989984512329,0.11623772233724594,0.9549999833106995,0.1415109634399414
804,0.9635157585144043,0.11254654079675674,0.9449999928474426,0.14433304965496063
805,0.9601989984512329,0.11929523944854736,0.9599999785423279,0.13470104336738586
806,0.9618573784828186,0.11425890028476715,0.9549999833106995,0.16237162053585052
807,0.9635157585144043,0.11115908622741699,0.9399999976158142,0.14839200675487518
808,0.96517413854599,0.11512395739555359,0.9549999833106995,0.1353602558374405
809,0.96517413854599,0.11091967672109604,0.9399999976158142,0.15370798110961914
810,0.9601989984512329,0.11843183636665344,0.9350000023841858,0.15212981402873993
811,0.96517413854599,0.11865274608135223,0.949999988079071,0.14441250264644623
812,0.9668325185775757,0.11256049573421478,0.9449999928474426,0.14957194030284882
813,0.9701492786407471,0.10861407220363617,0.9599999785423279,0.13631413877010345
814,0.9684908986091614,0.10871830582618713,0.9649999737739563,0.1471775323152542
815,0.9635157585144043,0.1152464970946312,0.9599999785423279,0.12564575672149658
816,0.9618573784828186,0.11838416010141373,0.9449999928474426,0.14372552931308746
817,0.9635157585144043,0.11462755501270294,0.9649999737739563,0.1343860775232315
818,0.9635157585144043,0.10941523313522339,0.9449999928474426,0.136149600148201
819,0.9601989984512329,0.11361799389123917,0.9649999737739563,0.13212181627750397
820,0.96517413854599,0.10930867493152618,0.9449999928474426,0.1561911553144455
821,0.9635157585144043,0.10880731046199799,0.9599999785423279,0.14834712445735931
822,0.96517413854599,0.11041735857725143,0.9350000023841858,0.17352153360843658
823,0.9668325185775757,0.11821544170379639,0.9700000286102295,0.1331140100955963
824,0.9618573784828186,0.11462182551622391,0.9449999928474426,0.14457722008228302
825,0.9701492786407471,0.1106647327542305,0.9449999928474426,0.14857926964759827
826,0.9618573784828186,0.11110513657331467,0.9549999833106995,0.14083625376224518
827,0.9668325185775757,0.10980188846588135,0.9449999928474426,0.1540255844593048
828,0.9668325185775757,0.11152297258377075,0.9399999976158142,0.1894872486591339
829,0.9635157585144043,0.11580467969179153,0.949999988079071,0.14543989300727844
830,0.9635157585144043,0.11838798224925995,0.9599999785423279,0.14147599041461945
831,0.9668325185775757,0.1113792136311531,0.949999988079071,0.14701396226882935
832,0.96517413854599,0.10964931547641754,0.9549999833106995,0.1417417675256729
833,0.9635157585144043,0.11003141850233078,0.9599999785423279,0.1327642947435379
834,0.96517413854599,0.11230835318565369,0.9449999928474426,0.14329707622528076
835,0.9618573784828186,0.10920320451259613,0.949999988079071,0.14607974886894226
836,0.9635157585144043,0.1137925460934639,0.9649999737739563,0.12995004653930664
837,0.9668325185775757,0.11105962842702866,0.9700000286102295,0.13940218091011047
838,0.9618573784828186,0.10951479524374008,0.9599999785423279,0.1350780874490738
839,0.9668325185775757,0.11009486019611359,0.949999988079071,0.15121591091156006
840,0.9601989984512329,0.11281948536634445,0.9549999833106995,0.1382809579372406
841,0.96517413854599,0.11211210489273071,0.9449999928474426,0.1530819833278656
842,0.96517413854599,0.10989584773778915,0.9399999976158142,0.15606506168842316
843,0.9618573784828186,0.11601754277944565,0.9449999928474426,0.1732175201177597
844,0.9618573784828186,0.11578459292650223,0.949999988079071,0.15411436557769775
845,0.96517413854599,0.1154409795999527,0.9599999785423279,0.1366308629512787
846,0.9618573784828186,0.11572425067424774,0.9399999976158142,0.16158312559127808
847,0.9585406184196472,0.11553832143545151,0.9649999737739563,0.13670691847801208
848,0.96517413854599,0.11305932700634003,0.949999988079071,0.13987676799297333
849,0.9701492786407471,0.1082393079996109,0.949999988079071,0.14244486391544342
850,0.96517413854599,0.11008259654045105,0.9549999833106995,0.1343928426504135
851,0.9684908986091614,0.105667844414711,0.925000011920929,0.16921430826187134
852,0.9535654783248901,0.10863835364580154,0.949999988079071,0.13780973851680756
853,0.96517413854599,0.10638263076543808,0.9350000023841858,0.16406269371509552
854,0.9601989984512329,0.11678580194711685,0.9449999928474426,0.15992818772792816
855,0.9568822383880615,0.11555278301239014,0.9399999976158142,0.17050321400165558
856,0.9618573784828186,0.11940809339284897,0.9599999785423279,0.13675636053085327
857,0.96517413854599,0.11058515310287476,0.9649999737739563,0.14029401540756226
858,0.96517413854599,0.11394837498664856,0.9449999928474426,0.14107289910316467
859,0.9635157585144043,0.11327704787254333,0.9599999785423279,0.14226755499839783
860,0.9701492786407471,0.11271529644727707,0.9449999928474426,0.14785099029541016
861,0.9601989984512329,0.10936621576547623,0.9549999833106995,0.15219594538211823
862,0.9618573784828186,0.11579662561416626,0.9449999928474426,0.1436946541070938
863,0.9585406184196472,0.11371531337499619,0.9599999785423279,0.13982000946998596
864,0.9635157585144043,0.10818100720643997,0.9449999928474426,0.1492229402065277
865,0.96517413854599,0.10826795548200607,0.9599999785423279,0.14156220853328705
866,0.9701492786407471,0.11039130389690399,0.9449999928474426,0.15053267776966095
867,0.96517413854599,0.10895483940839767,0.9549999833106995,0.14053770899772644
868,0.9618573784828186,0.10782244801521301,0.949999988079071,0.14383584260940552
869,0.9635157585144043,0.11097703129053116,0.9399999976158142,0.15374046564102173
870,0.96517413854599,0.10974088311195374,0.949999988079071,0.14377433061599731
871,0.96517413854599,0.10707782953977585,0.9449999928474426,0.14972275495529175
872,0.9601989984512329,0.11020159721374512,0.9399999976158142,0.1721383035182953
873,0.9601989984512329,0.11452924460172653,0.9549999833106995,0.1427452117204666
874,0.9585406184196472,0.11321280151605606,0.9649999737739563,0.13444852828979492
875,0.9684908986091614,0.11105279624462128,0.949999988079071,0.14112630486488342
876,0.9668325185775757,0.10735143721103668,0.9549999833106995,0.1342391073703766
877,0.9635157585144043,0.11010970175266266,0.949999988079071,0.1378786414861679
878,0.9635157585144043,0.10853243619203568,0.949999988079071,0.13656678795814514
879,0.9668325185775757,0.10708743333816528,0.9449999928474426,0.13378548622131348
880,0.9585406184196472,0.11474020779132843,0.9549999833106995,0.15214954316616058
881,0.9668325185775757,0.10720571875572205,0.9399999976158142,0.1391567587852478
882,0.96517413854599,0.11109521985054016,0.9549999833106995,0.13651005923748016
883,0.9684908986091614,0.10647644102573395,0.9350000023841858,0.15336017310619354
884,0.9618573784828186,0.1078934445977211,0.9300000071525574,0.1752202808856964
885,0.9601989984512329,0.11407412588596344,0.9599999785423279,0.13683582842350006
886,0.96517413854599,0.11039824038743973,0.9599999785423279,0.13727045059204102
887,0.9601989984512329,0.10848401486873627,0.949999988079071,0.14699704945087433
888,0.9552238583564758,0.11125855147838593,0.9549999833106995,0.14905868470668793
889,0.9635157585144043,0.11222351342439651,0.9449999928474426,0.15420860052108765
890,0.9618573784828186,0.10923678427934647,0.9599999785423279,0.14044685661792755
891,0.9635157585144043,0.10691965371370316,0.9399999976158142,0.14992797374725342
892,0.9601989984512329,0.11179424077272415,0.9549999833106995,0.1342751383781433
893,0.96517413854599,0.11063507944345474,0.9399999976158142,0.15844929218292236
894,0.96517413854599,0.11033079773187637,0.949999988079071,0.15205806493759155
895,0.9635157585144043,0.1080179512500763,0.9449999928474426,0.15057086944580078
896,0.9601989984512329,0.10795360803604126,0.9599999785423279,0.12821295857429504
897,0.96517413854599,0.10597453266382217,0.9449999928474426,0.16445831954479218
898,0.9635157585144043,0.11330734938383102,0.9399999976158142,0.15824466943740845
899,0.96517413854599,0.10897241532802582,0.949999988079071,0.14559432864189148
900,0.9635157585144043,0.10409028828144073,0.9350000023841858,0.16752773523330688
901,0.9635157585144043,0.10710198432207108,0.9599999785423279,0.14401014149188995
902,0.9635157585144043,0.11275627464056015,0.9599999785423279,0.14075326919555664
903,0.9618573784828186,0.11315611749887466,0.9549999833106995,0.13412603735923767
904,0.9635157585144043,0.10864946246147156,0.9449999928474426,0.17336449027061462
905,0.9668325185775757,0.10786035656929016,0.9399999976158142,0.15048640966415405
906,0.9568822383880615,0.10900688171386719,0.9599999785423279,0.14582735300064087
907,0.9601989984512329,0.11050255596637726,0.9449999928474426,0.13031713664531708
908,0.96517413854599,0.10713960975408554,0.9549999833106995,0.14186428487300873
909,0.9618573784828186,0.10690932720899582,0.9300000071525574,0.15961433947086334
910,0.96517413854599,0.11049750447273254,0.9599999785423279,0.12689173221588135
911,0.9684908986091614,0.10729818791151047,0.949999988079071,0.14161893725395203
912,0.9585406184196472,0.1141989529132843,0.9449999928474426,0.1400444656610489
913,0.9684908986091614,0.1084599420428276,0.9549999833106995,0.14387425780296326
914,0.9668325185775757,0.10610592365264893,0.9549999833106995,0.1438654512166977
915,0.9668325185775757,0.10834144055843353,0.9449999928474426,0.16117329895496368
916,0.9568822383880615,0.11357243359088898,0.9449999928474426,0.19476372003555298
917,0.9668325185775757,0.11173087358474731,0.9549999833106995,0.14645187556743622
918,0.9618573784828186,0.10971210896968842,0.9649999737739563,0.14030180871486664
919,0.9585406184196472,0.11031683534383774,0.9549999833106995,0.1314045488834381
920,0.9701492786407471,0.10555697977542877,0.925000011920929,0.1835593581199646
921,0.9684908986091614,0.10915644466876984,0.9350000023841858,0.16479526460170746
922,0.9635157585144043,0.10730364173650742,0.9350000023841858,0.15770849585533142
923,0.9668325185775757,0.10783228278160095,0.9350000023841858,0.16118474304676056
924,0.9684908986091614,0.10734322667121887,0.949999988079071,0.14889757335186005
925,0.96517413854599,0.10610559582710266,0.949999988079071,0.16003382205963135
926,0.9635157585144043,0.11196044087409973,0.9350000023841858,0.15938062965869904
927,0.96517413854599,0.11202765256166458,0.9449999928474426,0.1484948694705963
928,0.9668325185775757,0.10591690987348557,0.949999988079071,0.15238356590270996
929,0.9635157585144043,0.1049300953745842,0.9549999833106995,0.14573980867862701
930,0.9601989984512329,0.11475901305675507,0.949999988079071,0.15603114664554596
931,0.96517413854599,0.10848485678434372,0.9449999928474426,0.14784233272075653
932,0.9601989984512329,0.10857713967561722,0.949999988079071,0.14018097519874573
933,0.9684908986091614,0.1061895564198494,0.9449999928474426,0.15727238357067108
934,0.9635157585144043,0.10660598427057266,0.949999988079071,0.13197492063045502
935,0.9618573784828186,0.11247501522302628,0.9649999737739563,0.1382160633802414
936,0.9635157585144043,0.1073826253414154,0.949999988079071,0.14668531715869904
937,0.96517413854599,0.10601591318845749,0.9599999785423279,0.13766394555568695
938,0.9635157585144043,0.1112571433186531,0.9399999976158142,0.15429607033729553
939,0.971807599067688,0.10677050799131393,0.9399999976158142,0.16166183352470398
940,0.9635157585144043,0.11109741777181625,0.9549999833106995,0.13556651771068573
941,0.96517413854599,0.10658126324415207,0.9350000023841858,0.1503937989473343
942,0.9635157585144043,0.10746274143457413,0.949999988079071,0.14362768828868866
943,0.9618573784828186,0.10644453018903732,0.9399999976158142,0.16525831818580627
944,0.9618573784828186,0.10858196020126343,0.9549999833106995,0.1357477903366089
945,0.9618573784828186,0.11649144440889359,0.949999988079071,0.1569354087114334
946,0.9601989984512329,0.10912866145372391,0.9449999928474426,0.16560515761375427
947,0.9684908986091614,0.11150366067886353,0.949999988079071,0.15602725744247437
948,0.9618573784828186,0.10580237209796906,0.9399999976158142,0.15729503333568573
949,0.96517413854599,0.10588478296995163,0.9449999928474426,0.15146972239017487
950,0.9701492786407471,0.11155574023723602,0.9549999833106995,0.13034135103225708
951,0.9618573784828186,0.10491375625133514,0.9399999976158142,0.15081796050071716
952,0.9668325185775757,0.10889390856027603,0.949999988079071,0.14378143846988678
953,0.9701492786407471,0.10581254959106445,0.9399999976158142,0.15798453986644745
954,0.96517413854599,0.10739175975322723,0.9599999785423279,0.1401790827512741
955,0.9535654783248901,0.11269429326057434,0.949999988079071,0.14733414351940155
956,0.9568822383880615,0.10706724226474762,0.9599999785423279,0.1436334252357483
957,0.9635157585144043,0.1128007024526596,0.9549999833106995,0.14323031902313232
958,0.9601989984512329,0.10931014269590378,0.9599999785423279,0.14406904578208923
959,0.9684908986091614,0.10450128465890884,0.9399999976158142,0.16732071340084076
960,0.9684908986091614,0.10547519475221634,0.9399999976158142,0.15618856251239777
961,0.9684908986091614,0.10622821003198624,0.9549999833106995,0.14346079528331757
962,0.96517413854599,0.10452394932508469,0.9399999976158142,0.168113112449646
963,0.96517413854599,0.10836189985275269,0.9449999928474426,0.15450960397720337
964,0.9618573784828186,0.10432042181491852,0.949999988079071,0.15151704847812653
965,0.9684908986091614,0.10651261359453201,0.9350000023841858,0.16882601380348206
966,0.9568822383880615,0.11796686053276062,0.9549999833106995,0.1591787487268448
967,0.96517413854599,0.10734956711530685,0.9350000023841858,0.16088302433490753
968,0.9635157585144043,0.10491389036178589,0.9399999976158142,0.14466436207294464
969,0.9684908986091614,0.11079312115907669,0.9399999976158142,0.16068580746650696
970,0.9618573784828186,0.10548663139343262,0.9350000023841858,0.1650380641222
971,0.9668325185775757,0.1044764295220375,0.9350000023841858,0.17152829468250275
972,0.9701492786407471,0.10428860783576965,0.9449999928474426,0.16428008675575256
973,0.9618573784828186,0.10818200558423996,0.9449999928474426,0.15473884344100952
974,0.9684908986091614,0.10605710744857788,0.9549999833106995,0.1375209391117096
975,0.96517413854599,0.10607756674289703,0.9449999928474426,0.1459522396326065
976,0.971807599067688,0.1051255613565445,0.9449999928474426,0.1498221904039383
977,0.9635157585144043,0.10592694580554962,0.949999988079071,0.1498396396636963
978,0.9618573784828186,0.10641062259674072,0.9599999785423279,0.14361797273159027
979,0.9635157585144043,0.10605552047491074,0.9399999976158142,0.20727308094501495
980,0.96517413854599,0.11357616633176804,0.9549999833106995,0.14028878509998322
981,0.9701492786407471,0.10573073476552963,0.949999988079071,0.14366640150547028
982,0.9734659790992737,0.10722829401493073,0.949999988079071,0.15182363986968994
983,0.9618573784828186,0.10589534789323807,0.949999988079071,0.15386463701725006
984,0.9635157585144043,0.10739844292402267,0.9449999928474426,0.1523565948009491
985,0.9668325185775757,0.10615663230419159,0.9449999928474426,0.14523914456367493
986,0.96517413854599,0.10710209608078003,0.949999988079071,0.14764948189258575
987,0.96517413854599,0.10529273003339767,0.9599999785423279,0.1350916028022766
988,0.9668325185775757,0.10600124299526215,0.949999988079071,0.1540258675813675
989,0.9635157585144043,0.10141609609127045,0.9449999928474426,0.1445087343454361
990,0.96517413854599,0.10594823211431503,0.9399999976158142,0.14238300919532776
991,0.9684908986091614,0.10794703662395477,0.9350000023841858,0.16822633147239685
992,0.9635157585144043,0.10528486222028732,0.9549999833106995,0.14002232253551483
993,0.9635157585144043,0.10437756031751633,0.9549999833106995,0.14040350914001465
994,0.9684908986091614,0.10542804002761841,0.9599999785423279,0.14384552836418152
995,0.9668325185775757,0.1062563881278038,0.949999988079071,0.13883496820926666
996,0.9668325185775757,0.10952236503362656,0.9300000071525574,0.17474991083145142
997,0.9635157585144043,0.10773105919361115,0.9449999928474426,0.14946132898330688
998,0.9684908986091614,0.10855414718389511,0.9350000023841858,0.15434113144874573
999,0.9635157585144043,0.10670334845781326,0.9449999928474426,0.14499403536319733
1000,0.9668325185775757,0.10956712812185287,0.949999988079071,0.152915358543396
1001,0.9568822383880615,0.10814882814884186,0.9549999833106995,0.1370812952518463
1002,0.9684908986091614,0.10535461455583572,0.9549999833106995,0.13535712659358978
1003,0.9668325185775757,0.10775204002857208,0.9549999833106995,0.13850745558738708
1004,0.9601989984512329,0.10733143240213394,0.9449999928474426,0.15618500113487244
1005,0.9701492786407471,0.10638759285211563,0.9599999785423279,0.13954347372055054
1006,0.9668325185775757,0.10960531234741211,0.9399999976158142,0.1713014543056488
1007,0.9635157585144043,0.1059386357665062,0.949999988079071,0.13833437860012054
1008,0.9684908986091614,0.1088271364569664,0.9449999928474426,0.1444711983203888
1009,0.9601989984512329,0.10523103177547455,0.9350000023841858,0.18479755520820618
1010,0.9568822383880615,0.10417085140943527,0.9549999833106995,0.1360342651605606
1011,0.96517413854599,0.10596182942390442,0.9449999928474426,0.1587197482585907
1012,0.96517413854599,0.10619809478521347,0.9549999833106995,0.1333639770746231
1013,0.9701492786407471,0.10223022103309631,0.9549999833106995,0.13558286428451538
1014,0.9668325185775757,0.10297399759292603,0.949999988079071,0.15661820769309998
1015,0.9618573784828186,0.10276182740926743,0.9549999833106995,0.13986295461654663
1016,0.9635157585144043,0.10678698867559433,0.9449999928474426,0.1696784347295761
1017,0.971807599067688,0.10796662420034409,0.9599999785423279,0.1331014633178711
1018,0.9701492786407471,0.10375425219535828,0.9399999976158142,0.14781388640403748
1019,0.96517413854599,0.10928406566381454,0.949999988079071,0.14468663930892944
1020,0.96517413854599,0.10386168211698532,0.949999988079071,0.14322616159915924
1021,0.9618573784828186,0.1077895388007164,0.9549999833106995,0.12802916765213013
1022,0.9568822383880615,0.11493547260761261,0.9449999928474426,0.16200833022594452
1023,0.9734659790992737,0.10597499459981918,0.9350000023841858,0.1521400660276413
1024,0.9668325185775757,0.10378725826740265,0.9449999928474426,0.14249350130558014
1025,0.9684908986091614,0.10509011894464493,0.9549999833106995,0.14414812624454498
1026,0.971807599067688,0.1035265401005745,0.9449999928474426,0.15634071826934814
1027,0.96517413854599,0.10471990704536438,0.949999988079071,0.15484914183616638
1028,0.96517413854599,0.10638301074504852,0.949999988079071,0.16728509962558746
1029,0.9668325185775757,0.10761511325836182,0.9449999928474426,0.15012127161026
1030,0.9635157585144043,0.10467833280563354,0.949999988079071,0.14859752357006073
1031,0.9684908986091614,0.10613759607076645,0.949999988079071,0.14597110450267792
1032,0.96517413854599,0.10419242829084396,0.9599999785423279,0.13718092441558838
1033,0.9684908986091614,0.10414835065603256,0.949999988079071,0.13473175466060638
1034,0.9701492786407471,0.10552132874727249,0.9549999833106995,0.14531774818897247
1035,0.9618573784828186,0.10712306201457977,0.9449999928474426,0.148237407207489
1036,0.971807599067688,0.1026296317577362,0.9399999976158142,0.18416526913642883
1037,0.9568822383880615,0.1102578341960907,0.9399999976158142,0.15118305385112762
1038,0.9585406184196472,0.11117041110992432,0.949999988079071,0.14689061045646667
1039,0.9635157585144043,0.10242730379104614,0.9449999928474426,0.15608125925064087
1040,0.9668325185775757,0.10452688485383987,0.9599999785423279,0.13907171785831451
1041,0.9684908986091614,0.1059444472193718,0.9549999833106995,0.14697760343551636
1042,0.9684908986091614,0.10425174236297607,0.9449999928474426,0.1403784602880478
1043,0.96517413854599,0.10351190716028214,0.9449999928474426,0.13957856595516205
1044,0.9618573784828186,0.10624810308218002,0.949999988079071,0.14766529202461243
1045,0.971807599067688,0.09976416081190109,0.9449999928474426,0.1375722438097
1046,0.9618573784828186,0.11362206935882568,0.9300000071525574,0.17433255910873413
1047,0.9684908986091614,0.10522066801786423,0.9449999928474426,0.1512201875448227
1048,0.971807599067688,0.10525745153427124,0.9399999976158142,0.15954825282096863
1049,0.96517413854599,0.1092098131775856,0.9399999976158142,0.17439588904380798
1050,0.9668325185775757,0.10642778873443604,0.9549999833106995,0.1423773616552353
1051,0.9635157585144043,0.10793786495923996,0.9399999976158142,0.16091062128543854
1052,0.9635157585144043,0.1034102588891983,0.9449999928474426,0.17224837839603424
1053,0.9668325185775757,0.10526233911514282,0.925000011920929,0.20423537492752075
1054,0.971807599067688,0.10580570995807648,0.9449999928474426,0.1389036774635315
1055,0.9601989984512329,0.1055646538734436,0.9599999785423279,0.13445903360843658
1056,0.96517413854599,0.10548435151576996,0.9399999976158142,0.16683894395828247
1057,0.96517413854599,0.1027975082397461,0.9599999785423279,0.1362604796886444
1058,0.9668325185775757,0.10492431372404099,0.9549999833106995,0.13233700394630432
1059,0.9635157585144043,0.10948853939771652,0.9549999833106995,0.12711690366268158
1060,0.9635157585144043,0.1073218360543251,0.9449999928474426,0.13651905953884125
1061,0.9668325185775757,0.10511460155248642,0.949999988079071,0.14495711028575897
1062,0.9734659790992737,0.10074207186698914,0.9399999976158142,0.15236230194568634
1063,0.96517413854599,0.10616836696863174,0.949999988079071,0.13350631296634674
1064,0.9684908986091614,0.10391519218683243,0.9399999976158142,0.1872195303440094
1065,0.9552238583564758,0.11051373183727264,0.9449999928474426,0.1505100429058075
1066,0.9668325185775757,0.10900695621967316,0.9449999928474426,0.14651845395565033
1067,0.9618573784828186,0.10671807080507278,0.949999988079071,0.13325482606887817
1068,0.971807599067688,0.11088844388723373,0.949999988079071,0.1475435495376587
1069,0.971807599067688,0.1031041368842125,0.9449999928474426,0.15216879546642303
1070,0.96517413854599,0.10244116932153702,0.9449999928474426,0.13852573931217194
1071,0.9635157585144043,0.11367359012365341,0.949999988079071,0.14708265662193298
1072,0.9668325185775757,0.09921479225158691,0.949999988079071,0.154544398188591
1073,0.96517413854599,0.10290133953094482,0.9449999928474426,0.15123189985752106
1074,0.971807599067688,0.10454939305782318,0.9449999928474426,0.1537066400051117
1075,0.9618573784828186,0.11001572012901306,0.949999988079071,0.13919484615325928
1076,0.9701492786407471,0.10586325079202652,0.9399999976158142,0.15624874830245972
1077,0.9635157585144043,0.10742270946502686,0.949999988079071,0.13940806686878204
1078,0.9618573784828186,0.10744834691286087,0.949999988079071,0.1321338713169098
1079,0.971807599067688,0.10391150414943695,0.9350000023841858,0.1527027189731598
1080,0.9635157585144043,0.10353251546621323,0.9399999976158142,0.15526315569877625
1081,0.9684908986091614,0.10582400113344193,0.9399999976158142,0.15962761640548706
1082,0.9635157585144043,0.11302860826253891,0.9449999928474426,0.1451282501220703
1083,0.9635157585144043,0.10534153878688812,0.9549999833106995,0.1382519006729126
1084,0.9684908986091614,0.09925293177366257,0.9399999976158142,0.14492389559745789
1085,0.9684908986091614,0.10125906020402908,0.949999988079071,0.1326935589313507
1086,0.9601989984512329,0.1044972836971283,0.9449999928474426,0.15164682269096375
1087,0.9601989984512329,0.10546731948852539,0.9549999833106995,0.14160525798797607
1088,0.9635157585144043,0.1045960783958435,0.949999988079071,0.13189823925495148
1089,0.9618573784828186,0.10259106010198593,0.949999988079071,0.13648882508277893
1090,0.9668325185775757,0.10262779146432877,0.9649999737739563,0.14435996115207672
1091,0.9668325185775757,0.10451775789260864,0.949999988079071,0.14613039791584015
1092,0.9684908986091614,0.1018596962094307,0.949999988079071,0.13020597398281097
1093,0.9635157585144043,0.10432084649801254,0.949999988079071,0.14902794361114502
1094,0.9635157585144043,0.10782911628484726,0.9549999833106995,0.1506459265947342
1095,0.9684908986091614,0.10400796681642532,0.949999988079071,0.1415732502937317
1096,0.96517413854599,0.10485859960317612,0.9549999833106995,0.13620491325855255
1097,0.96517413854599,0.10298307240009308,0.949999988079071,0.14213742315769196
1098,0.9618573784828186,0.10336260497570038,0.9549999833106995,0.1323712319135666
1099,0.9701492786407471,0.10019709914922714,0.9399999976158142,0.16322508454322815
1100,0.96517413854599,0.10169687122106552,0.9350000023841858,0.17624813318252563
1101,0.9635157585144043,0.11607547104358673,0.9399999976158142,0.15219515562057495
1102,0.9618573784828186,0.10092074424028397,0.949999988079071,0.14674140512943268
1103,0.9668325185775757,0.1012125089764595,0.9449999928474426,0.14331524074077606
1104,0.9684908986091614,0.10708176344633102,0.9399999976158142,0.16412296891212463
1105,0.9684908986091614,0.1028452068567276,0.9449999928474426,0.1422533541917801
1106,0.9734659790992737,0.10330533236265182,0.949999988079071,0.1439126580953598
1107,0.9668325185775757,0.1035284698009491,0.9449999928474426,0.16029731929302216
1108,0.9635157585144043,0.10327339172363281,0.949999988079071,0.15511895716190338
1109,0.9668325185775757,0.10158329457044601,0.9449999928474426,0.15435075759887695
1110,0.9668325185775757,0.1001434475183487,0.9449999928474426,0.15130987763404846
1111,0.9684908986091614,0.10269393771886826,0.9399999976158142,0.14809565246105194
1112,0.9684908986091614,0.10096858441829681,0.9449999928474426,0.17542299628257751
1113,0.96517413854599,0.10340403020381927,0.949999988079071,0.1355455368757248
1114,0.96517413854599,0.10456659644842148,0.9549999833106995,0.14548149704933167
1115,0.9635157585144043,0.10373830050230026,0.9449999928474426,0.15556655824184418
1116,0.96517413854599,0.10198328644037247,0.9350000023841858,0.16815157234668732
1117,0.9684908986091614,0.10630934685468674,0.9399999976158142,0.157342791557312
1118,0.971807599067688,0.09793446213006973,0.9300000071525574,0.1828058809041977
1119,0.9635157585144043,0.1034216433763504,0.9549999833106995,0.13687008619308472
1120,0.971807599067688,0.10120916366577148,0.9449999928474426,0.14624233543872833
1121,0.96517413854599,0.10647470504045486,0.949999988079071,0.13252590596675873
1122,0.9601989984512329,0.10578881204128265,0.949999988079071,0.1804252415895462
1123,0.9618573784828186,0.11307705193758011,0.9599999785423279,0.15686282515525818
1124,0.9684908986091614,0.0986446961760521,0.9449999928474426,0.1807827204465866
1125,0.9585406184196472,0.10643291473388672,0.9449999928474426,0.17164629697799683
1126,0.9635157585144043,0.11136007308959961,0.9449999928474426,0.15245215594768524
1127,0.9684908986091614,0.10279256850481033,0.949999988079071,0.13910768926143646
1128,0.9684908986091614,0.10164486616849899,0.9449999928474426,0.1541740745306015
1129,0.9684908986091614,0.10253117978572845,0.949999988079071,0.15682865679264069
1130,0.9701492786407471,0.09905291348695755,0.9399999976158142,0.14278075098991394
1131,0.9684908986091614,0.10337019711732864,0.949999988079071,0.14782437682151794
1132,0.9701492786407471,0.10394158214330673,0.9449999928474426,0.13456808030605316
1133,0.9668325185775757,0.10328428447246552,0.9350000023841858,0.1771026849746704
1134,0.96517413854599,0.10185368359088898,0.9549999833106995,0.1394929438829422
1135,0.9701492786407471,0.09952300041913986,0.9350000023841858,0.1711735874414444
1136,0.96517413854599,0.10436619818210602,0.9449999928474426,0.13883370161056519
1137,0.9635157585144043,0.10291250795125961,0.9549999833106995,0.14253781735897064
1138,0.96517413854599,0.09904243052005768,0.9449999928474426,0.16516870260238647
1139,0.9552238583564758,0.10697315633296967,0.949999988079071,0.16097550094127655
1140,0.9635157585144043,0.09935058653354645,0.949999988079071,0.14025099575519562
1141,0.9668325185775757,0.0994499996304512,0.9399999976158142,0.17410559952259064
1142,0.96517413854599,0.10302285850048065,0.9399999976158142,0.14234599471092224
1143,0.9635157585144043,0.10608527809381485,0.949999988079071,0.13640666007995605
1144,0.9684908986091614,0.1025761291384697,0.949999988079071,0.14564400911331177
1145,0.9668325185775757,0.10521288961172104,0.9599999785423279,0.13847583532333374
1146,0.9618573784828186,0.10160597413778305,0.9449999928474426,0.15750549733638763
1147,0.9701492786407471,0.10084392130374908,0.9350000023841858,0.151401087641716
1148,0.9668325185775757,0.10307596623897552,0.9449999928474426,0.1485319584608078
1149,0.9684908986091614,0.10139123350381851,0.9599999785423279,0.14560559391975403
1150,0.9684908986091614,0.10271119326353073,0.9549999833106995,0.15574228763580322
1151,0.96517413854599,0.1007855087518692,0.949999988079071,0.14122381806373596
1152,0.96517413854599,0.10190961509943008,0.9549999833106995,0.14130212366580963
1153,0.9684908986091614,0.09927384555339813,0.949999988079071,0.14916574954986572
1154,0.9684908986091614,0.10274321585893631,0.9399999976158142,0.14342322945594788
1155,0.9635157585144043,0.09810169786214828,0.949999988079071,0.15971703827381134
1156,0.9668325185775757,0.09987686574459076,0.9599999785423279,0.14927218854427338
1157,0.9684908986091614,0.09892003238201141,0.9449999928474426,0.18469850718975067
1158,0.9668325185775757,0.10104048997163773,0.949999988079071,0.14667004346847534
1159,0.9568822383880615,0.10602358728647232,0.9449999928474426,0.14249353110790253
1160,0.9668325185775757,0.10209962725639343,0.949999988079071,0.16397075355052948
1161,0.9668325185775757,0.10543473064899445,0.9449999928474426,0.15509487688541412
1162,0.96517413854599,0.09997713565826416,0.949999988079071,0.14732927083969116
1163,0.9635157585144043,0.10442008823156357,0.949999988079071,0.14052143692970276
1164,0.9668325185775757,0.10461175441741943,0.9449999928474426,0.15547575056552887
1165,0.9684908986091614,0.09981924295425415,0.949999988079071,0.14643609523773193
1166,0.9684908986091614,0.1035100668668747,0.9549999833106995,0.14758333563804626
1167,0.971807599067688,0.10214406996965408,0.9449999928474426,0.1504681259393692
1168,0.9668325185775757,0.10611358284950256,0.9300000071525574,0.17587347328662872
1169,0.971807599067688,0.09971601516008377,0.949999988079071,0.13712553679943085
1170,0.971807599067688,0.10215114802122116,0.9300000071525574,0.1764695793390274
1171,0.9618573784828186,0.10464277863502502,0.9599999785423279,0.13068075478076935
1172,0.96517413854599,0.1018495187163353,0.9399999976158142,0.14828546345233917
1173,0.9668325185775757,0.0995328426361084,0.9549999833106995,0.13894367218017578
1174,0.9684908986091614,0.10407161712646484,0.9399999976158142,0.16562862694263458
1175,0.9734659790992737,0.10070895403623581,0.9549999833106995,0.1423889398574829
1176,0.9684908986091614,0.096016064286232,0.9449999928474426,0.13885954022407532
1177,0.9684908986091614,0.10282818973064423,0.9449999928474426,0.14048434793949127
1178,0.9635157585144043,0.09974323958158493,0.9399999976158142,0.15889480710029602
1179,0.9635157585144043,0.10194077342748642,0.9399999976158142,0.1628051996231079
1180,0.96517413854599,0.10531887412071228,0.949999988079071,0.15388812124729156
1181,0.9668325185775757,0.09875867515802383,0.9350000023841858,0.15683676302433014
1182,0.9668325185775757,0.10325545817613602,0.949999988079071,0.13694986701011658
1183,0.9618573784828186,0.10668253153562546,0.949999988079071,0.14430122077465057
1184,0.96517413854599,0.10027436912059784,0.9449999928474426,0.1527371108531952
1185,0.9618573784828186,0.10596728324890137,0.9549999833106995,0.16216440498828888
1186,0.971807599067688,0.10089442133903503,0.9549999833106995,0.14550244808197021
1187,0.9684908986091614,0.10388310253620148,0.9449999928474426,0.14821285009384155
1188,0.9684908986091614,0.0995800718665123,0.9599999785423279,0.1532442569732666
1189,0.9618573784828186,0.10203875601291656,0.949999988079071,0.1337791532278061
1190,0.971807599067688,0.09934613853693008,0.9449999928474426,0.14115852117538452
1191,0.9668325185775757,0.09924574196338654,0.9399999976158142,0.15415054559707642
1192,0.9668325185775757,0.10075264424085617,0.9399999976158142,0.17002364993095398
1193,0.971807599067688,0.09705305099487305,0.9350000023841858,0.15941792726516724
1194,0.9684908986091614,0.099051333963871,0.9449999928474426,0.16210781037807465
1195,0.9635157585144043,0.10931157320737839,0.949999988079071,0.15633469820022583
1196,0.9668325185775757,0.10306251049041748,0.9449999928474426,0.14954587817192078
1197,0.9635157585144043,0.10015204548835754,0.9449999928474426,0.1572873592376709
1198,0.9684908986091614,0.10073444247245789,0.9399999976158142,0.1528179943561554
1199,0.9734659790992737,0.0993724912405014,0.9449999928474426,0.15454646944999695
1200,0.971807599067688,0.09679991006851196,0.9399999976158142,0.1593252271413803
1201,0.9668325185775757,0.10529854148626328,0.9449999928474426,0.13402612507343292
1202,0.9684908986091614,0.10453848540782928,0.9399999976158142,0.1464044600725174
1203,0.9684908986091614,0.09783166646957397,0.9449999928474426,0.157457634806633
1204,0.9668325185775757,0.10022836923599243,0.949999988079071,0.15154284238815308
1205,0.9635157585144043,0.10357321798801422,0.9350000023841858,0.14830762147903442
1206,0.96517413854599,0.1005374863743782,0.949999988079071,0.13399729132652283
1207,0.9684908986091614,0.10103040933609009,0.949999988079071,0.1434582769870758
1208,0.96517413854599,0.09788500517606735,0.9549999833106995,0.1328708529472351
1209,0.9601989984512329,0.1045401394367218,0.9399999976158142,0.1797427237033844
1210,0.9601989984512329,0.10587331652641296,0.9449999928474426,0.1435481607913971
1211,0.9668325185775757,0.10273826867341995,0.9449999928474426,0.15556217730045319
1212,0.9684908986091614,0.09803664684295654,0.9449999928474426,0.1468433141708374
1213,0.9684908986091614,0.1008630245923996,0.9399999976158142,0.1564098447561264
1214,0.9684908986091614,0.10051241517066956,0.9399999976158142,0.1603821963071823
1215,0.9635157585144043,0.10046077519655228,0.9449999928474426,0.1623860001564026
1216,0.9668325185775757,0.10123693197965622,0.949999988079071,0.1451740562915802
1217,0.9668325185775757,0.10205856710672379,0.949999988079071,0.14231833815574646
1218,0.96517413854599,0.09833469986915588,0.9350000023841858,0.1677287220954895
1219,0.9684908986091614,0.09864982962608337,0.9449999928474426,0.15426364541053772
1220,0.9668325185775757,0.09978929907083511,0.9399999976158142,0.14725691080093384
1221,0.9601989984512329,0.10749480128288269,0.949999988079071,0.1339004635810852
1222,0.9635157585144043,0.1074678897857666,0.9449999928474426,0.1831163465976715
1223,0.9635157585144043,0.10118722170591354,0.949999988079071,0.14046330749988556
1224,0.971807599067688,0.09736084192991257,0.949999988079071,0.1621391922235489
1225,0.9734659790992737,0.09792787581682205,0.9350000023841858,0.19124086201190948
1226,0.9668325185775757,0.09950044751167297,0.9449999928474426,0.15569756925106049
1227,0.9684908986091614,0.10339466482400894,0.9399999976158142,0.14450722932815552
1228,0.9734659790992737,0.0975700169801712,0.9399999976158142,0.16830193996429443
1229,0.96517413854599,0.09731734544038773,0.949999988079071,0.1552589386701584
1230,0.9684908986091614,0.0998726561665535,0.9549999833106995,0.15264612436294556
1231,0.9701492786407471,0.10149175673723221,0.9350000023841858,0.16965827345848083
1232,0.9684908986091614,0.09959927946329117,0.9350000023841858,0.1604650467634201
1233,0.9684908986091614,0.09921446442604065,0.9449999928474426,0.1596265435218811
1234,0.9701492786407471,0.09610909968614578,0.949999988079071,0.13690507411956787
1235,0.9618573784828186,0.10278545320034027,0.9449999928474426,0.13518783450126648
1236,0.9684908986091614,0.0993383452296257,0.9399999976158142,0.15201914310455322
1237,0.9668325185775757,0.10087737441062927,0.9449999928474426,0.14723342657089233
1238,0.9618573784828186,0.10242568701505661,0.9449999928474426,0.1685342937707901
1239,0.9635157585144043,0.10134248435497284,0.949999988079071,0.13022372126579285
1240,0.9585406184196472,0.1098715290427208,0.9399999976158142,0.14714093506336212
1241,0.9635157585144043,0.09915858507156372,0.9549999833106995,0.1485583484172821
1242,0.971807599067688,0.09564521163702011,0.9350000023841858,0.15351587533950806
1243,0.9701492786407471,0.10148198157548904,0.9350000023841858,0.1511051058769226
1244,0.9618573784828186,0.10131693631410599,0.9549999833106995,0.15107449889183044
1245,0.96517413854599,0.09993498772382736,0.9399999976158142,0.1457512229681015
1246,0.9701492786407471,0.0988432914018631,0.9350000023841858,0.154117614030838
1247,0.9684908986091614,0.09856970608234406,0.949999988079071,0.1395510584115982
1248,0.96517413854599,0.09997058659791946,0.949999988079071,0.16817094385623932
1249,0.9701492786407471,0.09922098368406296,0.9449999928474426,0.140080988407135
1250,0.9684908986091614,0.09699507057666779,0.9350000023841858,0.1526380479335785
1251,0.96517413854599,0.09874560683965683,0.9399999976158142,0.13548587262630463
1252,0.9668325185775757,0.10204284638166428,0.9599999785423279,0.13995757699012756
1253,0.9701492786407471,0.09949696809053421,0.949999988079071,0.15323029458522797
1254,0.9684908986091614,0.0988418385386467,0.9449999928474426,0.1458471566438675
1255,0.971807599067688,0.09948145598173141,0.9350000023841858,0.17845064401626587
1256,0.9684908986091614,0.1033792793750763,0.9399999976158142,0.1458519995212555
1257,0.9684908986091614,0.09881283342838287,0.9449999928474426,0.1563190519809723
1258,0.9668325185775757,0.09888949990272522,0.9399999976158142,0.1521831601858139
1259,0.9701492786407471,0.09980691969394684,0.949999988079071,0.1530809849500656
1260,0.9668325185775757,0.10037525743246078,0.9449999928474426,0.15963409841060638
1261,0.9751243591308594,0.09631141275167465,0.9449999928474426,0.15623928606510162
1262,0.9684908986091614,0.10225185006856918,0.9449999928474426,0.1696939915418625
1263,0.9668325185775757,0.10001576691865921,0.9350000023841858,0.17411279678344727
1264,0.9601989984512329,0.10254790633916855,0.949999988079071,0.14943809807300568
1265,0.9668325185775757,0.1032220795750618,0.949999988079071,0.14486883580684662
1266,0.9684908986091614,0.09880772233009338,0.9449999928474426,0.13862189650535583
1267,0.96517413854599,0.09703977406024933,0.949999988079071,0.13941621780395508
1268,0.9684908986091614,0.10410131514072418,0.9399999976158142,0.15756703913211823
1269,0.9684908986091614,0.0975908637046814,0.9399999976158142,0.14318358898162842
1270,0.9684908986091614,0.09752458333969116,0.9449999928474426,0.1797872930765152
1271,0.9668325185775757,0.09729859977960587,0.9449999928474426,0.14870363473892212
1272,0.9601989984512329,0.09955514967441559,0.949999988079071,0.13247039914131165
1273,0.9668325185775757,0.09932749718427658,0.9399999976158142,0.1736099123954773
1274,0.9668325185775757,0.09950301051139832,0.9399999976158142,0.15493714809417725
1275,0.9668325185775757,0.10281495749950409,0.9399999976158142,0.1513262391090393
1276,0.9701492786407471,0.09675952047109604,0.9350000023841858,0.14803124964237213
1277,0.9668325185775757,0.0981692299246788,0.9350000023841858,0.16660663485527039
1278,0.96517413854599,0.10457883030176163,0.9449999928474426,0.15168453752994537
1279,0.9701492786407471,0.0973433256149292,0.9449999928474426,0.16653433442115784
1280,0.9668325185775757,0.10438857972621918,0.9350000023841858,0.13850905001163483
1281,0.9684908986091614,0.100255087018013,0.9549999833106995,0.15171277523040771
1282,0.9701492786407471,0.10003892332315445,0.9399999976158142,0.14777638018131256
1283,0.9668325185775757,0.1062919944524765,0.9449999928474426,0.1610109508037567
1284,0.9618573784828186,0.10228070616722107,0.949999988079071,0.13434606790542603
1285,0.9701492786407471,0.09871046990156174,0.9350000023841858,0.20622439682483673
1286,0.9635157585144043,0.10171055793762207,0.949999988079071,0.14301073551177979
1287,0.9635157585144043,0.09619662165641785,0.9399999976158142,0.147050678730011
1288,0.971807599067688,0.0980229377746582,0.9399999976158142,0.156863734126091
1289,0.9668325185775757,0.09788413345813751,0.9399999976158142,0.15278401970863342
1290,0.9668325185775757,0.09990836679935455,0.9399999976158142,0.15122511982917786
1291,0.9618573784828186,0.09961387515068054,0.9399999976158142,0.175027996301651
1292,0.9684908986091614,0.09975974261760712,0.9350000023841858,0.18624991178512573
1293,0.96517413854599,0.09890389442443848,0.9449999928474426,0.14161844551563263
1294,0.9668325185775757,0.10242876410484314,0.949999988079071,0.16161099076271057
1295,0.96517413854599,0.09969203174114227,0.949999988079071,0.1637355089187622
1296,0.9701492786407471,0.09786674380302429,0.9399999976158142,0.16166573762893677
1297,0.9668325185775757,0.0993090569972992,0.9449999928474426,0.146628737449646
1298,0.9668325185775757,0.10302577167749405,0.9449999928474426,0.13794492185115814
1299,0.9701492786407471,0.09668856114149094,0.9350000023841858,0.14828255772590637
1300,0.9668325185775757,0.09742323309183121,0.9350000023841858,0.16424861550331116
1301,0.9684908986091614,0.09534063935279846,0.9399999976158142,0.1669599562883377
1302,0.9668325185775757,0.09861535578966141,0.9449999928474426,0.16555194556713104
1303,0.9684908986091614,0.09863586723804474,0.9449999928474426,0.17556597292423248
1304,0.9701492786407471,0.0961359441280365,0.9350000023841858,0.15927152335643768
1305,0.9701492786407471,0.09857027232646942,0.9399999976158142,0.13628147542476654
1306,0.971807599067688,0.09700027108192444,0.9449999928474426,0.1464798003435135
1307,0.9751243591308594,0.0975857526063919,0.9350000023841858,0.1561196744441986
1308,0.971807599067688,0.10003731399774551,0.949999988079071,0.15870440006256104
1309,0.971807599067688,0.09880470484495163,0.9399999976158142,0.15353167057037354
1310,0.9684908986091614,0.1057564839720726,0.949999988079071,0.16880227625370026
1311,0.9618573784828186,0.10247558355331421,0.9549999833106995,0.15604183077812195
1312,0.9668325185775757,0.09741702675819397,0.9399999976158142,0.1468445211648941
1313,0.971807599067688,0.09488298743963242,0.9399999976158142,0.16330154240131378
1314,0.96517413854599,0.09797824174165726,0.9399999976158142,0.1409674733877182
1315,0.9701492786407471,0.09656522423028946,0.9300000071525574,0.16064999997615814
1316,0.96517413854599,0.09872622787952423,0.9399999976158142,0.17085465788841248
1317,0.9684908986091614,0.09691143035888672,0.9549999833106995,0.14060333371162415
1318,0.971807599067688,0.09452090412378311,0.9350000023841858,0.17336179316043854
1319,0.9684908986091614,0.09864930063486099,0.9399999976158142,0.17340998351573944
1320,0.96517413854599,0.10579406470060349,0.9350000023841858,0.16040651500225067
1321,0.9635157585144043,0.09775903075933456,0.9549999833106995,0.14110156893730164
1322,0.9635157585144043,0.10253406316041946,0.949999988079071,0.1435345560312271
1323,0.9701492786407471,0.10003383457660675,0.9350000023841858,0.17496900260448456
1324,0.96517413854599,0.09895536303520203,0.9350000023841858,0.177179753780365
1325,0.9684908986091614,0.09616196155548096,0.9399999976158142,0.13801263272762299
1326,0.9684908986091614,0.09638745337724686,0.9399999976158142,0.15310333669185638
1327,0.96517413854599,0.10214129835367203,0.9300000071525574,0.1730136275291443
1328,0.9684908986091614,0.10008455812931061,0.9449999928474426,0.16404619812965393
1329,0.9668325185775757,0.09693648666143417,0.9449999928474426,0.15720561146736145
1330,0.9684908986091614,0.09987787902355194,0.9350000023841858,0.1975742131471634
1331,0.96517413854599,0.10079935938119888,0.9449999928474426,0.15115106105804443
1332,0.971807599067688,0.09972721338272095,0.9399999976158142,0.1489056497812271
1333,0.9668325185775757,0.09968161582946777,0.949999988079071,0.14927470684051514
1334,0.9751243591308594,0.09362731128931046,0.949999988079071,0.1334785521030426
1335,0.96517413854599,0.1019982323050499,0.9399999976158142,0.15494106709957123
1336,0.9701492786407471,0.09706173837184906,0.949999988079071,0.13585816323757172
1337,0.971807599067688,0.09451225399971008,0.9449999928474426,0.14474648237228394
1338,0.971807599067688,0.09475243091583252,0.9449999928474426,0.14152316749095917
1339,0.9684908986091614,0.10294214636087418,0.9300000071525574,0.23322917520999908
1340,0.9668325185775757,0.09687451273202896,0.9449999928474426,0.16966520249843597
1341,0.9684908986091614,0.0963810458779335,0.9599999785423279,0.15913066267967224
1342,0.971807599067688,0.09644029289484024,0.9449999928474426,0.1514436900615692
1343,0.9701492786407471,0.09600343555212021,0.9449999928474426,0.16694805026054382
1344,0.9701492786407471,0.09651045501232147,0.9399999976158142,0.13418620824813843
1345,0.9701492786407471,0.09662937372922897,0.9399999976158142,0.16887035965919495
1346,0.971807599067688,0.09914049506187439,0.9399999976158142,0.18602001667022705
1347,0.9701492786407471,0.09755626320838928,0.9399999976158142,0.15988922119140625
1348,0.9635157585144043,0.10008133947849274,0.9449999928474426,0.16054128110408783
1349,0.9635157585144043,0.09684477746486664,0.9449999928474426,0.15586674213409424
1350,0.9668325185775757,0.1002902239561081,0.949999988079071,0.1333206593990326
1351,0.9668325185775757,0.09755993634462357,0.949999988079071,0.13324755430221558
1352,0.9684908986091614,0.10215858370065689,0.9549999833106995,0.16910682618618011
1353,0.9734659790992737,0.09975117444992065,0.9449999928474426,0.17154361307621002
1354,0.9701492786407471,0.09670519828796387,0.9449999928474426,0.13819031417369843
1355,0.9668325185775757,0.09652375429868698,0.9399999976158142,0.15823844075202942
1356,0.9618573784828186,0.10089482367038727,0.9449999928474426,0.14553430676460266
1357,0.9701492786407471,0.09820353239774704,0.9449999928474426,0.13903115689754486
1358,0.9684908986091614,0.09950888156890869,0.9399999976158142,0.1397118866443634
1359,0.9668325185775757,0.0952475368976593,0.949999988079071,0.15780436992645264
1360,0.9701492786407471,0.09747461974620819,0.9449999928474426,0.14378440380096436
1361,0.96517413854599,0.09723979979753494,0.9399999976158142,0.14781910181045532
1362,0.9701492786407471,0.09526575356721878,0.9350000023841858,0.17348788678646088
1363,0.9684908986091614,0.0939163863658905,0.949999988079071,0.137155681848526
1364,0.9701492786407471,0.09751814603805542,0.9449999928474426,0.16485799849033356
1365,0.971807599067688,0.09404174238443375,0.9300000071525574,0.18394877016544342
1366,0.9684908986091614,0.09376142174005508,0.949999988079071,0.13715168833732605
1367,0.9618573784828186,0.09753414988517761,0.9399999976158142,0.14302898943424225
1368,0.9618573784828186,0.10150311142206192,0.9449999928474426,0.15124006569385529
1369,0.9684908986091614,0.09624826908111572,0.949999988079071,0.14697587490081787
1370,0.9684908986091614,0.09477793425321579,0.9449999928474426,0.1444307416677475
1371,0.9618573784828186,0.09839744120836258,0.9449999928474426,0.1444513350725174
1372,0.9684908986091614,0.09660801291465759,0.949999988079071,0.16261392831802368
1373,0.9684908986091614,0.0942646712064743,0.9399999976158142,0.1438126266002655
1374,0.971807599067688,0.09585355222225189,0.9449999928474426,0.14073744416236877
1375,0.9684908986091614,0.09639550745487213,0.9449999928474426,0.15422828495502472
1376,0.96517413854599,0.10163635015487671,0.9350000023841858,0.16224528849124908
1377,0.9734659790992737,0.10193663835525513,0.9399999976158142,0.14991571009159088
1378,0.9684908986091614,0.0945035070180893,0.9599999785423279,0.16578710079193115
1379,0.9668325185775757,0.0991603434085846,0.949999988079071,0.13847559690475464
1380,0.9701492786407471,0.0974566638469696,0.949999988079071,0.15331265330314636
1381,0.9668325185775757,0.09636376053094864,0.9399999976158142,0.1734502762556076
1382,0.971807599067688,0.09561339020729065,0.949999988079071,0.19215910136699677
1383,0.9635157585144043,0.09861903637647629,0.9350000023841858,0.1680368036031723
1384,0.9734659790992737,0.09154941141605377,0.9350000023841858,0.2017543464899063
1385,0.9635157585144043,0.09820631891489029,0.9300000071525574,0.2310577780008316
1386,0.971807599067688,0.10397082567214966,0.949999988079071,0.17163963615894318
1387,0.9684908986091614,0.09590313583612442,0.9350000023841858,0.1857181191444397
1388,0.9601989984512329,0.10009776055812836,0.949999988079071,0.15644744038581848
1389,0.9668325185775757,0.09545919299125671,0.949999988079071,0.15644782781600952
1390,0.9734659790992737,0.0983520969748497,0.949999988079071,0.15195520222187042
1391,0.971807599067688,0.0929560512304306,0.9449999928474426,0.16122806072235107
1392,0.9668325185775757,0.0989316776394844,0.949999988079071,0.1559138000011444
1393,0.9668325185775757,0.09775243699550629,0.9449999928474426,0.1535554975271225
1394,0.9684908986091614,0.10038885474205017,0.9449999928474426,0.15077269077301025
1395,0.9701492786407471,0.09388630092144012,0.925000011920929,0.1795598566532135
1396,0.9668325185775757,0.09701763838529587,0.9350000023841858,0.1499004065990448
1397,0.9701492786407471,0.09482249617576599,0.9549999833106995,0.18018817901611328
1398,0.96517413854599,0.09567002952098846,0.9449999928474426,0.1391030102968216
1399,0.971807599067688,0.09349845349788666,0.9449999928474426,0.13596667349338531
1400,0.9701492786407471,0.09445083886384964,0.9350000023841858,0.16122232377529144
1401,0.9734659790992737,0.09543101489543915,0.9449999928474426,0.16369980573654175
1402,0.96517413854599,0.09997186809778214,0.9399999976158142,0.16230902075767517
1403,0.971807599067688,0.09600663930177689,0.9350000023841858,0.1843384951353073
1404,0.9668325185775757,0.09806398302316666,0.9399999976158142,0.1603473275899887
1405,0.9635157585144043,0.09666751325130463,0.9449999928474426,0.16799795627593994
1406,0.9701492786407471,0.09624811261892319,0.9449999928474426,0.14422258734703064
1407,0.9684908986091614,0.09476029127836227,0.9350000023841858,0.1698720008134842
1408,0.9635157585144043,0.09680696576833725,0.9549999833106995,0.16102607548236847
1409,0.9684908986091614,0.09601058810949326,0.9399999976158142,0.15169554948806763
1410,0.9701492786407471,0.09487124532461166,0.9350000023841858,0.14927221834659576
1411,0.971807599067688,0.09438737481832504,0.9399999976158142,0.15539078414440155
1412,0.9668325185775757,0.09733789414167404,0.949999988079071,0.1432795226573944
1413,0.9684908986091614,0.09699517488479614,0.9399999976158142,0.18189600110054016
1414,0.9668325185775757,0.09646935760974884,0.9449999928474426,0.13785353302955627
1415,0.9684908986091614,0.09615104645490646,0.9449999928474426,0.1692146509885788
1416,0.9701492786407471,0.09875709563493729,0.9449999928474426,0.12993095815181732
1417,0.96517413854599,0.10084103047847748,0.949999988079071,0.14780564606189728
1418,0.9668325185775757,0.09557529538869858,0.9350000023841858,0.1572185456752777
1419,0.9684908986091614,0.09607968479394913,0.9300000071525574,0.19059346616268158
1420,0.9635157585144043,0.10298129171133041,0.9350000023841858,0.17878293991088867
1421,0.9701492786407471,0.09626474976539612,0.9449999928474426,0.14744555950164795
1422,0.9635157585144043,0.098067507147789,0.9449999928474426,0.13177533447742462
1423,0.9668325185775757,0.09584668278694153,0.9449999928474426,0.14239691197872162
1424,0.96517413854599,0.09507014602422714,0.9399999976158142,0.1555013358592987
1425,0.9668325185775757,0.09364181011915207,0.949999988079071,0.13874602317810059
1426,0.9734659790992737,0.0930279791355133,0.9399999976158142,0.14636245369911194
1427,0.9684908986091614,0.09314970672130585,0.9399999976158142,0.17817601561546326
1428,0.9684908986091614,0.09960868209600449,0.9449999928474426,0.15821781754493713
1429,0.9734659790992737,0.09669409692287445,0.9549999833106995,0.13753391802310944
1430,0.96517413854599,0.09366538375616074,0.9549999833106995,0.1573614478111267
1431,0.9668325185775757,0.09399619698524475,0.9449999928474426,0.14680305123329163
1432,0.9701492786407471,0.09801852703094482,0.9350000023841858,0.1809927225112915
1433,0.971807599067688,0.09129952639341354,0.9449999928474426,0.16474312543869019
1434,0.9684908986091614,0.09697263687849045,0.9399999976158142,0.15209993720054626
1435,0.96517413854599,0.09618435055017471,0.9399999976158142,0.16227763891220093
1436,0.9684908986091614,0.09623304754495621,0.949999988079071,0.14845910668373108
1437,0.9701492786407471,0.09641212970018387,0.9399999976158142,0.1676006317138672
1438,0.96517413854599,0.09875277429819107,0.9449999928474426,0.14704348146915436
1439,0.9684908986091614,0.09703468531370163,0.9549999833106995,0.16862575709819794
1440,0.9684908986091614,0.09553061425685883,0.949999988079071,0.1510094702243805
1441,0.971807599067688,0.09095869213342667,0.9300000071525574,0.16973929107189178
1442,0.96517413854599,0.09532222151756287,0.9449999928474426,0.1392197608947754
1443,0.9668325185775757,0.09786475449800491,0.9449999928474426,0.14870692789554596
1444,0.971807599067688,0.09078233689069748,0.949999988079071,0.16430525481700897
1445,0.9684908986091614,0.09430690109729767,0.9449999928474426,0.16033615171909332
1446,0.9635157585144043,0.09584338217973709,0.9449999928474426,0.1427944004535675
1447,0.9684908986091614,0.09418734908103943,0.9449999928474426,0.1606958955526352
1448,0.971807599067688,0.09516916424036026,0.9350000023841858,0.151014506816864
1449,0.971807599067688,0.09213284403085709,0.949999988079071,0.17508144676685333
1450,0.96517413854599,0.09811190515756607,0.9449999928474426,0.141299307346344
1451,0.96517413854599,0.1000891700387001,0.9599999785423279,0.13551737368106842
1452,0.9668325185775757,0.09304769337177277,0.9350000023841858,0.1516799032688141
1453,0.96517413854599,0.09641418606042862,0.949999988079071,0.13501706719398499
1454,0.9684908986091614,0.09554719179868698,0.9449999928474426,0.17165891826152802
1455,0.9635157585144043,0.10314537584781647,0.9649999737739563,0.13499487936496735
1456,0.9668325185775757,0.09225809574127197,0.9300000071525574,0.1965438723564148
1457,0.9684908986091614,0.09546392410993576,0.9399999976158142,0.17768892645835876
1458,0.9734659790992737,0.09203243255615234,0.9449999928474426,0.16911929845809937
1459,0.9668325185775757,0.09502539038658142,0.9449999928474426,0.15961746871471405
1460,0.9684908986091614,0.09394320845603943,0.949999988079071,0.1690884530544281
1461,0.9684908986091614,0.0939808189868927,0.9549999833106995,0.12729790806770325
1462,0.96517413854599,0.09256085753440857,0.9599999785423279,0.15349441766738892
1463,0.9684908986091614,0.09409359842538834,0.9449999928474426,0.1468622386455536
1464,0.96517413854599,0.09650205075740814,0.9399999976158142,0.14377455413341522
1465,0.9684908986091614,0.09192217141389847,0.949999988079071,0.1348903328180313
1466,0.96517413854599,0.09410311281681061,0.9549999833106995,0.1498163342475891
1467,0.9684908986091614,0.09380412846803665,0.9449999928474426,0.16258852183818817
1468,0.9684908986091614,0.0951966792345047,0.9449999928474426,0.1813284307718277
1469,0.9668325185775757,0.0939536914229393,0.9549999833106995,0.13311071693897247
1470,0.9701492786407471,0.09584817290306091,0.9449999928474426,0.13896949589252472
1471,0.9684908986091614,0.09379079937934875,0.949999988079071,0.1645376980304718
1472,0.971807599067688,0.09366602450609207,0.9449999928474426,0.15477614104747772
1473,0.971807599067688,0.09503039717674255,0.9449999928474426,0.17159177362918854
1474,0.96517413854599,0.09400574862957001,0.9449999928474426,0.16783714294433594
1475,0.9635157585144043,0.09786903113126755,0.9449999928474426,0.14100347459316254
1476,0.9684908986091614,0.09322107583284378,0.9449999928474426,0.13678483664989471
1477,0.9668325185775757,0.09333176165819168,0.9399999976158142,0.14483843743801117
1478,0.9701492786407471,0.09555806964635849,0.9449999928474426,0.16439314186573029
1479,0.9684908986091614,0.09327065199613571,0.9399999976158142,0.14968380331993103
1480,0.9668325185775757,0.09729687869548798,0.9549999833106995,0.15163642168045044
1481,0.9734659790992737,0.09403084218502045,0.9449999928474426,0.15647435188293457
1482,0.9701492786407471,0.09443720430135727,0.9549999833106995,0.15198194980621338
1483,0.9684908986091614,0.09262686967849731,0.9399999976158142,0.17953622341156006
1484,0.9585406184196472,0.09920103847980499,0.9399999976158142,0.15403077006340027
1485,0.971807599067688,0.09445775300264359,0.949999988079071,0.16457714140415192
1486,0.96517413854599,0.09627030789852142,0.9449999928474426,0.1451202929019928
1487,0.9701492786407471,0.09338381886482239,0.9449999928474426,0.16968601942062378
1488,0.9668325185775757,0.09533365070819855,0.9449999928474426,0.18788407742977142
1489,0.9668325185775757,0.09252972155809402,0.949999988079071,0.14269496500492096
1490,0.9668325185775757,0.09698773920536041,0.9449999928474426,0.16900435090065002
1491,0.9668325185775757,0.09621250629425049,0.9449999928474426,0.16234928369522095
1492,0.9635157585144043,0.09437099099159241,0.9350000023841858,0.15756891667842865
1493,0.9701492786407471,0.09199467301368713,0.9549999833106995,0.1522471010684967
1494,0.9684908986091614,0.09573482722043991,0.9350000023841858,0.19662632048130035
1495,0.9701492786407471,0.09458322077989578,0.9399999976158142,0.1471748650074005
1496,0.9668325185775757,0.09292163699865341,0.9549999833106995,0.16572809219360352
1497,0.9635157585144043,0.09153437614440918,0.9399999976158142,0.14854778349399567
1498,0.9701492786407471,0.0945904329419136,0.9449999928474426,0.15278548002243042
1499,0.9684908986091614,0.0939960926771164,0.9399999976158142,0.1660611927509308
1500,0.9701492786407471,0.09514980763196945,0.9449999928474426,0.16336475312709808
1501,0.9668325185775757,0.091548390686512,0.9449999928474426,0.15922439098358154
1502,0.971807599067688,0.09173303842544556,0.9399999976158142,0.14747393131256104
1503,0.9684908986091614,0.09261400997638702,0.9399999976158142,0.14434853196144104
1504,0.9701492786407471,0.0950358659029007,0.9449999928474426,0.15360626578330994
1505,0.9734659790992737,0.09245317429304123,0.9399999976158142,0.16432449221611023
1506,0.9684908986091614,0.093963623046875,0.9449999928474426,0.14995741844177246
1507,0.96517413854599,0.0967501774430275,0.9399999976158142,0.14642371237277985
1508,0.9751243591308594,0.09271829575300217,0.9300000071525574,0.1664283573627472
1509,0.9635157585144043,0.09788034111261368,0.9350000023841858,0.17072072625160217
1510,0.9684908986091614,0.09195694327354431,0.949999988079071,0.13923758268356323
1511,0.971807599067688,0.0926099643111229,0.949999988079071,0.14182384312152863
1512,0.9684908986091614,0.09294002503156662,0.949999988079071,0.1354214996099472
1513,0.9701492786407471,0.09521865844726562,0.9399999976158142,0.1754714548587799
1514,0.96517413854599,0.09729037433862686,0.9549999833106995,0.14287333190441132
1515,0.9668325185775757,0.09314433485269547,0.949999988079071,0.13566944003105164
1516,0.9701492786407471,0.09080503135919571,0.9449999928474426,0.16697093844413757
1517,0.9701492786407471,0.09500175714492798,0.9549999833106995,0.1414652019739151
1518,0.971807599067688,0.09144578874111176,0.9449999928474426,0.16436970233917236
1519,0.96517413854599,0.09090469777584076,0.9399999976158142,0.1513078659772873
1520,0.96517413854599,0.09412866085767746,0.9399999976158142,0.1684519201517105
1521,0.9618573784828186,0.09853925555944443,0.9549999833106995,0.1538870930671692
1522,0.971807599067688,0.0927901417016983,0.9599999785423279,0.14141197502613068
1523,0.96517413854599,0.09539415687322617,0.9300000071525574,0.17054784297943115
1524,0.9635157585144043,0.09317192435264587,0.9350000023841858,0.1696600466966629
1525,0.9684908986091614,0.09403432160615921,0.9449999928474426,0.15260978043079376
1526,0.9668325185775757,0.09437450021505356,0.949999988079071,0.15170520544052124
1527,0.9684908986091614,0.09293054044246674,0.949999988079071,0.14761370420455933
1528,0.9701492786407471,0.0919049009680748,0.9449999928474426,0.1504073590040207
1529,0.9701492786407471,0.09407910704612732,0.9399999976158142,0.14293932914733887
1530,0.96517413854599,0.09280116856098175,0.9549999833106995,0.13875652849674225
1531,0.9684908986091614,0.0922456830739975,0.949999988079071,0.16591855883598328
1532,0.9684908986091614,0.09035629779100418,0.949999988079071,0.14851658046245575
1533,0.9701492786407471,0.09349006414413452,0.9449999928474426,0.1665041744709015
1534,0.9734659790992737,0.09332204610109329,0.949999988079071,0.1820901334285736
1535,0.96517413854599,0.09339936822652817,0.9449999928474426,0.1536415070295334
1536,0.9684908986091614,0.09945455938577652,0.949999988079071,0.13993164896965027
1537,0.9734659790992737,0.09369363635778427,0.9449999928474426,0.18663032352924347
1538,0.9668325185775757,0.09463632851839066,0.9399999976158142,0.15333449840545654
1539,0.9701492786407471,0.08864467591047287,0.949999988079071,0.1378152221441269
1540,0.9684908986091614,0.09467074275016785,0.9449999928474426,0.1664159893989563
1541,0.971807599067688,0.09456139802932739,0.9449999928474426,0.13890290260314941
1542,0.971807599067688,0.0919417291879654,0.9599999785423279,0.17050540447235107
1543,0.96517413854599,0.09635500609874725,0.949999988079071,0.14118552207946777
1544,0.9668325185775757,0.09836935997009277,0.9449999928474426,0.14052340388298035
1545,0.9684908986091614,0.08960302919149399,0.9350000023841858,0.1690642535686493
1546,0.96517413854599,0.10180091857910156,0.9399999976158142,0.15395937860012054
1547,0.9668325185775757,0.09356099367141724,0.9449999928474426,0.1686582714319229
1548,0.96517413854599,0.09459558129310608,0.9350000023841858,0.1547691971063614
1549,0.9668325185775757,0.09246326982975006,0.949999988079071,0.16660654544830322
1550,0.9701492786407471,0.0911635309457779,0.949999988079071,0.16523054242134094
1551,0.971807599067688,0.09298455715179443,0.949999988079071,0.17421090602874756
1552,0.971807599067688,0.09298678487539291,0.9449999928474426,0.1711978167295456
1553,0.9635157585144043,0.0951923131942749,0.9549999833106995,0.15120817720890045
1554,0.9635157585144043,0.09188781678676605,0.9449999928474426,0.14633864164352417
1555,0.9701492786407471,0.088898204267025,0.9300000071525574,0.16745540499687195
1556,0.9635157585144043,0.0932813286781311,0.9549999833106995,0.14042618870735168
1557,0.9668325185775757,0.09749755263328552,0.949999988079071,0.14410167932510376
1558,0.9751243591308594,0.08954921364784241,0.949999988079071,0.16740503907203674
1559,0.9701492786407471,0.09367657452821732,0.9350000023841858,0.1540466547012329
1560,0.9668325185775757,0.09738058596849442,0.949999988079071,0.15960313379764557
1561,0.971807599067688,0.09120839834213257,0.9399999976158142,0.1461428999900818
1562,0.971807599067688,0.09066715091466904,0.9350000023841858,0.1769031137228012
1563,0.96517413854599,0.09400802105665207,0.9399999976158142,0.14071431756019592
1564,0.9701492786407471,0.09517734497785568,0.9350000023841858,0.19075128436088562
1565,0.9635157585144043,0.09424895793199539,0.9300000071525574,0.1676865816116333
1566,0.9684908986091614,0.09220625460147858,0.9449999928474426,0.1563684344291687
1567,0.9618573784828186,0.0931161418557167,0.949999988079071,0.13287703692913055
1568,0.9734659790992737,0.09086217731237411,0.9449999928474426,0.19676826894283295
1569,0.9668325185775757,0.09127464145421982,0.9449999928474426,0.1543809026479721
1570,0.971807599067688,0.09253062307834625,0.9350000023841858,0.15420721471309662
1571,0.9635157585144043,0.09309674054384232,0.9449999928474426,0.14766784012317657
1572,0.9734659790992737,0.09059702605009079,0.9350000023841858,0.17644287645816803
1573,0.96517413854599,0.09089150279760361,0.949999988079071,0.17459523677825928
1574,0.9684908986091614,0.09476594626903534,0.949999988079071,0.17714758217334747
1575,0.9618573784828186,0.09728904813528061,0.9449999928474426,0.14426645636558533
1576,0.9668325185775757,0.0984567254781723,0.949999988079071,0.16710621118545532
1577,0.96517413854599,0.09531792253255844,0.9399999976158142,0.1550958752632141
1578,0.971807599067688,0.08928176015615463,0.9549999833106995,0.14714086055755615
1579,0.971807599067688,0.09381011128425598,0.9549999833106995,0.162048801779747
1580,0.971807599067688,0.09400702267885208,0.949999988079071,0.1381458342075348
1581,0.971807599067688,0.09339448064565659,0.9399999976158142,0.1542453169822693
1582,0.9635157585144043,0.09257160127162933,0.9449999928474426,0.14263564348220825
1583,0.9701492786407471,0.08874301612377167,0.9449999928474426,0.15292951464653015
1584,0.9701492786407471,0.09431085735559464,0.949999988079071,0.16177061200141907
1585,0.9701492786407471,0.09506186842918396,0.9449999928474426,0.139539435505867
1586,0.9684908986091614,0.09303858131170273,0.9350000023841858,0.1845843642950058
1587,0.9635157585144043,0.09183734655380249,0.9399999976158142,0.1521734595298767
1588,0.9701492786407471,0.09299198538064957,0.9399999976158142,0.16705921292304993
1589,0.9668325185775757,0.09106417745351791,0.9449999928474426,0.1578991860151291
1590,0.96517413854599,0.09889732301235199,0.9399999976158142,0.1950838416814804
1591,0.96517413854599,0.08635260164737701,0.9449999928474426,0.14205051958560944
1592,0.9684908986091614,0.09142548590898514,0.9350000023841858,0.15725144743919373
1593,0.9668325185775757,0.09111741930246353,0.949999988079071,0.15927720069885254
1594,0.9635157585144043,0.09339877963066101,0.9399999976158142,0.16265562176704407
1595,0.9751243591308594,0.08905631303787231,0.9549999833106995,0.16113251447677612
1596,0.971807599067688,0.09123526513576508,0.9449999928474426,0.15784475207328796
1597,0.9767827391624451,0.09175007790327072,0.9350000023841858,0.16970190405845642
1598,0.9701492786407471,0.09185925871133804,0.9549999833106995,0.15269310772418976
1599,0.9635157585144043,0.09437036514282227,0.9549999833106995,0.15736909210681915
1600,0.9701492786407471,0.09017380326986313,0.9399999976158142,0.14560140669345856
1601,0.971807599067688,0.09208270907402039,0.9399999976158142,0.15992002189159393
1602,0.971807599067688,0.08838437497615814,0.9350000023841858,0.1894894242286682
1603,0.9734659790992737,0.09309744834899902,0.9449999928474426,0.15990310907363892
1604,0.9668325185775757,0.08867298066616058,0.9399999976158142,0.1519179493188858
1605,0.9684908986091614,0.09322307258844376,0.9449999928474426,0.15503422915935516
1606,0.9701492786407471,0.09081302583217621,0.949999988079071,0.16107696294784546
1607,0.9701492786407471,0.08875300735235214,0.9350000023841858,0.16511930525302887
1608,0.9734659790992737,0.08897452056407928,0.9350000023841858,0.16625668108463287
1609,0.971807599067688,0.09045587480068207,0.9449999928474426,0.18656224012374878
1610,0.9668325185775757,0.09292320162057877,0.9399999976158142,0.16033561527729034
1611,0.9701492786407471,0.08957000076770782,0.9350000023841858,0.18278920650482178
1612,0.9701492786407471,0.09320496022701263,0.9350000023841858,0.1996719241142273
1613,0.9668325185775757,0.09333163499832153,0.949999988079071,0.1628984659910202
1614,0.9684908986091614,0.09175325185060501,0.949999988079071,0.1838565468788147
1615,0.9701492786407471,0.09647835791110992,0.9399999976158142,0.15717200934886932
1616,0.9668325185775757,0.09125366061925888,0.9399999976158142,0.15591759979724884
1617,0.9668325185775757,0.0915737971663475,0.9399999976158142,0.16756120324134827
1618,0.9635157585144043,0.09458886086940765,0.9449999928474426,0.1397755742073059
1619,0.9701492786407471,0.0922052189707756,0.9399999976158142,0.1789543479681015
1620,0.9668325185775757,0.08864200860261917,0.949999988079071,0.13279365003108978
1621,0.9701492786407471,0.09189575165510178,0.949999988079071,0.17233680188655853
1622,0.9668325185775757,0.09096592664718628,0.9399999976158142,0.17847642302513123
1623,0.9684908986091614,0.09289098531007767,0.9449999928474426,0.14014355838298798
1624,0.9684908986091614,0.09448772668838501,0.9449999928474426,0.1302124559879303
1625,0.9618573784828186,0.09287476539611816,0.9350000023841858,0.1386764943599701
1626,0.96517413854599,0.08903956413269043,0.9399999976158142,0.1525271087884903
1627,0.9701492786407471,0.0940319374203682,0.949999988079071,0.17565183341503143
1628,0.9701492786407471,0.09477492421865463,0.9300000071525574,0.16637542843818665
1629,0.9734659790992737,0.08834543079137802,0.949999988079071,0.1558198481798172
1630,0.9684908986091614,0.09405768662691116,0.9399999976158142,0.1625593900680542
1631,0.96517413854599,0.08963635563850403,0.9300000071525574,0.17159678041934967
1632,0.9684908986091614,0.09401373565196991,0.9399999976158142,0.1445852518081665
1633,0.9701492786407471,0.09007946401834488,0.949999988079071,0.16691455245018005
1634,0.9701492786407471,0.09009239077568054,0.9549999833106995,0.17013153433799744
1635,0.9684908986091614,0.08878767490386963,0.9599999785423279,0.1478038728237152
1636,0.9668325185775757,0.08957656472921371,0.9399999976158142,0.19164356589317322
1637,0.96517413854599,0.09261050820350647,0.9449999928474426,0.17122440040111542
1638,0.9684908986091614,0.08849121630191803,0.949999988079071,0.16132459044456482
1639,0.9734659790992737,0.08899227529764175,0.949999988079071,0.15731878578662872
1640,0.96517413854599,0.0949179008603096,0.9449999928474426,0.14320573210716248
1641,0.9701492786407471,0.08835475146770477,0.949999988079071,0.1658405065536499
1642,0.9701492786407471,0.08811511844396591,0.9449999928474426,0.14837417006492615
1643,0.9701492786407471,0.09295948594808578,0.949999988079071,0.14720194041728973
1644,0.9635157585144043,0.09351769089698792,0.9399999976158142,0.20751798152923584
1645,0.9701492786407471,0.09292574971914291,0.9350000023841858,0.1668923944234848
1646,0.971807599067688,0.09013054519891739,0.9549999833106995,0.17528824508190155
1647,0.9684908986091614,0.09266845881938934,0.9399999976158142,0.15556344389915466
1648,0.9635157585144043,0.09034005552530289,0.9399999976158142,0.1433367133140564
1649,0.9701492786407471,0.09481212496757507,0.9399999976158142,0.1406908631324768
1650,0.9684908986091614,0.08892294019460678,0.9449999928474426,0.16342075169086456
1651,0.971807599067688,0.0926901251077652,0.9399999976158142,0.14909732341766357
1652,0.9668325185775757,0.08885039389133453,0.9449999928474426,0.1524152308702469
1653,0.9701492786407471,0.09089083969593048,0.9399999976158142,0.1496489942073822
1654,0.96517413854599,0.09009658545255661,0.9399999976158142,0.1387924998998642
1655,0.971807599067688,0.09048104286193848,0.949999988079071,0.14849811792373657
1656,0.971807599067688,0.09186354279518127,0.9350000023841858,0.15884391963481903
1657,0.9701492786407471,0.09055937826633453,0.9449999928474426,0.15897966921329498
1658,0.971807599067688,0.08812373876571655,0.9449999928474426,0.14963805675506592
1659,0.971807599067688,0.08771613240242004,0.9449999928474426,0.13704626262187958
1660,0.9701492786407471,0.08930804580450058,0.9449999928474426,0.13579291105270386
1661,0.9734659790992737,0.08777491003274918,0.9399999976158142,0.1794605851173401
1662,0.96517413854599,0.09089422225952148,0.9399999976158142,0.14532628655433655
1663,0.971807599067688,0.089291051030159,0.9300000071525574,0.16318081319332123
1664,0.971807599067688,0.08829374611377716,0.9350000023841858,0.17169307172298431
1665,0.9734659790992737,0.09175115823745728,0.9549999833106995,0.17111879587173462
1666,0.9684908986091614,0.08497271686792374,0.949999988079071,0.13119249045848846
1667,0.971807599067688,0.08797917515039444,0.9549999833106995,0.14522695541381836
1668,0.96517413854599,0.0888921320438385,0.9350000023841858,0.16612204909324646
1669,0.96517413854599,0.08916601538658142,0.9350000023841858,0.1834898144006729
1670,0.9684908986091614,0.08971747010946274,0.9599999785423279,0.11847569793462753
1671,0.971807599067688,0.0937698557972908,0.9399999976158142,0.14448986947536469
1672,0.9734659790992737,0.08969207108020782,0.9449999928474426,0.17898200452327728
1673,0.9668325185775757,0.08797132968902588,0.9449999928474426,0.14122501015663147
1674,0.9668325185775757,0.08939589560031891,0.9449999928474426,0.13550104200839996
1675,0.9701492786407471,0.09358781576156616,0.9350000023841858,0.17295151948928833
1676,0.9668325185775757,0.09225782006978989,0.9549999833106995,0.15437215566635132
1677,0.9701492786407471,0.08968619257211685,0.9399999976158142,0.15793471038341522
1678,0.96517413854599,0.08912134915590286,0.9449999928474426,0.1521509289741516
1679,0.9668325185775757,0.08750428259372711,0.9549999833106995,0.1423378437757492
1680,0.9684908986091614,0.09053393453359604,0.949999988079071,0.1501522660255432
1681,0.9684908986091614,0.08912649750709534,0.949999988079071,0.14726793766021729
1682,0.9701492786407471,0.08509203791618347,0.9449999928474426,0.1800938844680786
1683,0.9635157585144043,0.0912599116563797,0.949999988079071,0.1754361391067505
1684,0.9618573784828186,0.08843337744474411,0.949999988079071,0.16138742864131927
1685,0.9684908986091614,0.08621872216463089,0.9549999833106995,0.16831298172473907
1686,0.96517413854599,0.09473953396081924,0.9399999976158142,0.16074500977993011
1687,0.9701492786407471,0.0855884924530983,0.949999988079071,0.16834549605846405
1688,0.96517413854599,0.08838705718517303,0.9449999928474426,0.1590672880411148
1689,0.9684908986091614,0.09024238586425781,0.9449999928474426,0.1321287900209427
1690,0.96517413854599,0.09221983700990677,0.949999988079071,0.1650657057762146
1691,0.9684908986091614,0.09261935949325562,0.9399999976158142,0.17696550488471985
1692,0.96517413854599,0.09237214177846909,0.949999988079071,0.14840394258499146
1693,0.9668325185775757,0.09035210311412811,0.949999988079071,0.146294504404068
1694,0.96517413854599,0.09001264721155167,0.9549999833106995,0.14569395780563354
1695,0.9734659790992737,0.08788818120956421,0.9549999833106995,0.17602278292179108
1696,0.9635157585144043,0.09271181374788284,0.9350000023841858,0.1586959958076477
1697,0.9751243591308594,0.08985982090234756,0.9300000071525574,0.1751992106437683
1698,0.9684908986091614,0.08885404467582703,0.9399999976158142,0.16971179842948914
1699,0.9751243591308594,0.08961387723684311,0.9399999976158142,0.15090638399124146
1700,0.9701492786407471,0.0901302918791771,0.949999988079071,0.1525844931602478
1701,0.9701492786407471,0.0885249525308609,0.9449999928474426,0.1644330471754074
1702,0.9701492786407471,0.08952128142118454,0.949999988079071,0.13877682387828827
1703,0.9701492786407471,0.09239467233419418,0.9399999976158142,0.15034380555152893
1704,0.9635157585144043,0.09266036748886108,0.9549999833106995,0.15442420542240143
1705,0.971807599067688,0.09064856916666031,0.9449999928474426,0.1550394594669342
1706,0.9684908986091614,0.08794441819190979,0.9449999928474426,0.14314231276512146
1707,0.9701492786407471,0.09156721830368042,0.9449999928474426,0.19292622804641724
1708,0.9701492786407471,0.0875868946313858,0.9449999928474426,0.13608436286449432
1709,0.9701492786407471,0.09076689183712006,0.9449999928474426,0.1438431292772293
1710,0.971807599067688,0.0885227620601654,0.9449999928474426,0.15394575893878937
1711,0.9684908986091614,0.09039139747619629,0.9350000023841858,0.15727446973323822
1712,0.9734659790992737,0.08893988281488419,0.9399999976158142,0.17458835244178772
1713,0.9684908986091614,0.09133017063140869,0.949999988079071,0.15875081717967987
1714,0.9684908986091614,0.08677192032337189,0.9549999833106995,0.14287112653255463
1715,0.9668325185775757,0.09017468243837357,0.9449999928474426,0.1722860187292099
1716,0.9701492786407471,0.0866396352648735,0.949999988079071,0.15581336617469788
1717,0.971807599067688,0.08812011778354645,0.949999988079071,0.1674887239933014
1718,0.9618573784828186,0.09365355223417282,0.949999988079071,0.1726221889257431
1719,0.9684908986091614,0.08805910497903824,0.9449999928474426,0.1426020860671997
1720,0.9701492786407471,0.08900529891252518,0.9549999833106995,0.15924082696437836
1721,0.9684908986091614,0.09094253927469254,0.949999988079071,0.14788369834423065
1722,0.9734659790992737,0.08677755296230316,0.9399999976158142,0.1365235149860382
1723,0.9734659790992737,0.08778587728738785,0.949999988079071,0.15282203257083893
1724,0.9668325185775757,0.09313912689685822,0.9350000023841858,0.16707172989845276
1725,0.9684908986091614,0.08899329602718353,0.9399999976158142,0.14898504316806793
1726,0.9701492786407471,0.09078782051801682,0.9350000023841858,0.16519050300121307
1727,0.9701492786407471,0.08812523633241653,0.9549999833106995,0.14995703101158142
1728,0.9668325185775757,0.09230899065732956,0.949999988079071,0.12904401123523712
1729,0.9684908986091614,0.09202253818511963,0.949999988079071,0.14593857526779175
1730,0.9701492786407471,0.0873427540063858,0.9300000071525574,0.20305632054805756
1731,0.971807599067688,0.09031309187412262,0.9350000023841858,0.15589827299118042
1732,0.9751243591308594,0.08854791522026062,0.9549999833106995,0.1743299514055252
1733,0.9701492786407471,0.08924121409654617,0.9399999976158142,0.14760573208332062
1734,0.9751243591308594,0.09063907712697983,0.949999988079071,0.18305177986621857
1735,0.9684908986091614,0.08606428653001785,0.949999988079071,0.15349067747592926
1736,0.9734659790992737,0.08838995546102524,0.9350000023841858,0.17990799248218536
1737,0.9734659790992737,0.08803761750459671,0.925000011920929,0.20373336970806122
1738,0.971807599067688,0.08875305950641632,0.9399999976158142,0.1670285016298294
1739,0.9734659790992737,0.08609924465417862,0.9399999976158142,0.1433851569890976
1740,0.9668325185775757,0.08769115060567856,0.9449999928474426,0.1417730450630188
1741,0.9734659790992737,0.089024618268013,0.9399999976158142,0.16674219071865082
1742,0.9734659790992737,0.08634230494499207,0.9399999976158142,0.14286090433597565
1743,0.9701492786407471,0.08894950896501541,0.9300000071525574,0.1903010755777359
1744,0.9734659790992737,0.08803361654281616,0.9449999928474426,0.16090352833271027
1745,0.971807599067688,0.08670902252197266,0.9449999928474426,0.1407148689031601
1746,0.971807599067688,0.08788798749446869,0.9449999928474426,0.13405808806419373
1747,0.96517413854599,0.09616489708423615,0.9399999976158142,0.22354727983474731
1748,0.9635157585144043,0.09170588850975037,0.9350000023841858,0.1753450334072113
1749,0.96517413854599,0.09188728034496307,0.949999988079071,0.15542729198932648
1750,0.9734659790992737,0.08330147713422775,0.9399999976158142,0.20652152597904205
1751,0.9684908986091614,0.08854304999113083,0.9449999928474426,0.16033145785331726
1752,0.9684908986091614,0.08635575324296951,0.9449999928474426,0.14903084933757782
1753,0.9734659790992737,0.08939149975776672,0.9399999976158142,0.14865748584270477
1754,0.9701492786407471,0.08600277453660965,0.9449999928474426,0.13504911959171295
1755,0.9684908986091614,0.09022817760705948,0.949999988079071,0.1890968382358551
1756,0.971807599067688,0.09010534733533859,0.9449999928474426,0.16076494753360748
1757,0.971807599067688,0.09081998467445374,0.9449999928474426,0.13105565309524536
1758,0.9618573784828186,0.08877836167812347,0.9599999785423279,0.16660301387310028
1759,0.9684908986091614,0.08621703833341599,0.9449999928474426,0.14092865586280823
1760,0.9734659790992737,0.08748666197061539,0.9399999976158142,0.16804634034633636
1761,0.9701492786407471,0.08828996121883392,0.9549999833106995,0.1753738820552826
1762,0.9684908986091614,0.08874339610338211,0.9449999928474426,0.1560290902853012
1763,0.9701492786407471,0.09034575521945953,0.9399999976158142,0.15260925889015198
1764,0.9751243591308594,0.08744031190872192,0.9399999976158142,0.1438293159008026
1765,0.971807599067688,0.08957821130752563,0.9449999928474426,0.17655174434185028
1766,0.96517413854599,0.0892658680677414,0.9549999833106995,0.14158210158348083
1767,0.9684908986091614,0.08832769840955734,0.9449999928474426,0.15449628233909607
1768,0.9668325185775757,0.08959868550300598,0.9449999928474426,0.14585186541080475
1769,0.96517413854599,0.0934676006436348,0.9449999928474426,0.12971681356430054
1770,0.9684908986091614,0.08866678178310394,0.9449999928474426,0.14964929223060608
1771,0.9635157585144043,0.08872684091329575,0.9399999976158142,0.1419723778963089
1772,0.9734659790992737,0.08518870174884796,0.9449999928474426,0.13359013199806213
1773,0.9668325185775757,0.08965155482292175,0.9449999928474426,0.16251984238624573
1774,0.9734659790992737,0.08628366142511368,0.949999988079071,0.1572827398777008
1775,0.9684908986091614,0.08454088121652603,0.949999988079071,0.18491247296333313
1776,0.9701492786407471,0.08681844919919968,0.9449999928474426,0.12744970619678497
1777,0.96517413854599,0.08832493424415588,0.9449999928474426,0.1696925014257431
1778,0.971807599067688,0.08504194766283035,0.9449999928474426,0.138939768075943
1779,0.96517413854599,0.0913449302315712,0.9300000071525574,0.17373253405094147
1780,0.9701492786407471,0.08706270903348923,0.949999988079071,0.15814490616321564
1781,0.9767827391624451,0.08657640963792801,0.9399999976158142,0.14575153589248657
1782,0.9701492786407471,0.08626712113618851,0.9449999928474426,0.15660253167152405
1783,0.9668325185775757,0.08525196462869644,0.949999988079071,0.14195334911346436
1784,0.971807599067688,0.08646967262029648,0.9399999976158142,0.18003004789352417
1785,0.9668325185775757,0.08835089951753616,0.949999988079071,0.17011767625808716
1786,0.9668325185775757,0.08751296997070312,0.949999988079071,0.1582660675048828
1787,0.971807599067688,0.08465079218149185,0.949999988079071,0.16476385295391083
1788,0.9701492786407471,0.08594305068254471,0.9449999928474426,0.16314323246479034
1789,0.9734659790992737,0.086793452501297,0.9399999976158142,0.16417565941810608
1790,0.9701492786407471,0.0853288322687149,0.9449999928474426,0.1571635752916336
1791,0.9601989984512329,0.09133050590753555,0.9549999833106995,0.12891872227191925
1792,0.9734659790992737,0.08667576313018799,0.949999988079071,0.1547829806804657
1793,0.9684908986091614,0.08202128112316132,0.9350000023841858,0.16538402438163757
1794,0.9701492786407471,0.0915863886475563,0.949999988079071,0.1692284643650055
1795,0.9701492786407471,0.09069732576608658,0.9449999928474426,0.15407124161720276
1796,0.9751243591308594,0.08449375629425049,0.949999988079071,0.17385441064834595
1797,0.9601989984512329,0.09103930741548538,0.9449999928474426,0.1456594169139862
1798,0.971807599067688,0.09139878302812576,0.9350000023841858,0.15666449069976807
1799,0.9751243591308594,0.08529592305421829,0.9350000023841858,0.200431689620018
1800,0.9701492786407471,0.08872547000646591,0.9399999976158142,0.15837031602859497
1801,0.9734659790992737,0.08672589063644409,0.9399999976158142,0.154107928276062
1802,0.971807599067688,0.08675868064165115,0.9399999976158142,0.15509819984436035
1803,0.9734659790992737,0.08707245439291,0.9449999928474426,0.16916152834892273
1804,0.971807599067688,0.08640197664499283,0.9399999976158142,0.14981693029403687
1805,0.9701492786407471,0.08600149303674698,0.9449999928474426,0.13761399686336517
1806,0.9684908986091614,0.08570434898138046,0.9350000023841858,0.15923726558685303
1807,0.9751243591308594,0.08614622056484222,0.949999988079071,0.13577422499656677
1808,0.971807599067688,0.08632546663284302,0.9449999928474426,0.15309399366378784
1809,0.9668325185775757,0.08820516616106033,0.9350000023841858,0.16924946010112762
1810,0.9701492786407471,0.08437921851873398,0.9399999976158142,0.1412251889705658
1811,0.9701492786407471,0.08946165442466736,0.949999988079071,0.15695533156394958
1812,0.9701492786407471,0.0875198021531105,0.9200000166893005,0.21602052450180054
1813,0.9668325185775757,0.08769796788692474,0.925000011920929,0.22409582138061523
1814,0.9684908986091614,0.09359806030988693,0.9549999833106995,0.15389640629291534
1815,0.9668325185775757,0.08992638438940048,0.9549999833106995,0.13667942583560944
1816,0.9684908986091614,0.08707460761070251,0.9399999976158142,0.13212460279464722
1817,0.9684908986091614,0.0900569036602974,0.949999988079071,0.13969944417476654
1818,0.9635157585144043,0.08910077065229416,0.9449999928474426,0.18083907663822174
1819,0.9734659790992737,0.08512771129608154,0.9350000023841858,0.18125490844249725
1820,0.9701492786407471,0.08720113337039948,0.9449999928474426,0.16646568477153778
1821,0.9668325185775757,0.08697210997343063,0.9599999785423279,0.15605996549129486
1822,0.9601989984512329,0.08635766059160233,0.9350000023841858,0.17702819406986237
1823,0.9751243591308594,0.08707308769226074,0.9399999976158142,0.15324373543262482
1824,0.9701492786407471,0.08960611373186111,0.9449999928474426,0.16069583594799042
1825,0.9734659790992737,0.08406388014554977,0.949999988079071,0.14675943553447723
1826,0.971807599067688,0.08238685131072998,0.949999988079071,0.17779827117919922
1827,0.9684908986091614,0.08431870490312576,0.949999988079071,0.16336818039417267
1828,0.9635157585144043,0.08982262760400772,0.9449999928474426,0.1656627506017685
1829,0.9734659790992737,0.08460620045661926,0.9449999928474426,0.15199744701385498
1830,0.9701492786407471,0.08309444785118103,0.9549999833106995,0.1805810034275055
1831,0.9684908986091614,0.08481775969266891,0.9449999928474426,0.15013986825942993
1832,0.971807599067688,0.0856897160410881,0.9399999976158142,0.1788031905889511
1833,0.9751243591308594,0.08965428173542023,0.9449999928474426,0.18259002268314362
1834,0.971807599067688,0.0855708122253418,0.9449999928474426,0.15210814774036407
1835,0.9684908986091614,0.08843398094177246,0.949999988079071,0.13135461509227753
1836,0.96517413854599,0.09156668186187744,0.949999988079071,0.1590651273727417
1837,0.9684908986091614,0.08507368713617325,0.9399999976158142,0.15628288686275482
1838,0.9734659790992737,0.08629658073186874,0.9599999785423279,0.1547994464635849
1839,0.9668325185775757,0.08794068545103073,0.9399999976158142,0.16806070506572723
1840,0.9734659790992737,0.08676639944314957,0.9449999928474426,0.16639064252376556
1841,0.9668325185775757,0.08334193378686905,0.949999988079071,0.12926656007766724
1842,0.971807599067688,0.08629849553108215,0.9399999976158142,0.1547752022743225
1843,0.971807599067688,0.08566631376743317,0.9449999928474426,0.1777336448431015
1844,0.971807599067688,0.08461864292621613,0.9399999976158142,0.22899559140205383
1845,0.9635157585144043,0.08973610401153564,0.949999988079071,0.14814607799053192
1846,0.971807599067688,0.08747159689664841,0.949999988079071,0.13401620090007782
1847,0.9701492786407471,0.09064016491174698,0.9549999833106995,0.13645035028457642
1848,0.971807599067688,0.08445826172828674,0.9549999833106995,0.15684404969215393
1849,0.9684908986091614,0.08552110940217972,0.9399999976158142,0.14200039207935333
1850,0.9767827391624451,0.08455664664506912,0.9549999833106995,0.1640511304140091
1851,0.9701492786407471,0.08745833486318588,0.9399999976158142,0.18626439571380615
1852,0.9635157585144043,0.08981894701719284,0.9399999976158142,0.1550145149230957
1853,0.9701492786407471,0.08930187672376633,0.9399999976158142,0.1508905291557312
1854,0.971807599067688,0.08550985902547836,0.9449999928474426,0.1426687389612198
1855,0.9701492786407471,0.08857322484254837,0.9549999833106995,0.1649566888809204
1856,0.96517413854599,0.08698020130395889,0.949999988079071,0.1458340883255005
1857,0.971807599067688,0.0877290591597557,0.949999988079071,0.17172756791114807
1858,0.9684908986091614,0.08778659999370575,0.9449999928474426,0.15512216091156006
1859,0.9751243591308594,0.08233627676963806,0.9399999976158142,0.14667408168315887
1860,0.9684908986091614,0.08730486780405045,0.9399999976158142,0.15948902070522308
1861,0.971807599067688,0.08347902446985245,0.9549999833106995,0.14871089160442352
1862,0.9734659790992737,0.0834011510014534,0.9449999928474426,0.14514921605587006
1863,0.9751243591308594,0.08571383357048035,0.9449999928474426,0.1689109057188034
1864,0.971807599067688,0.08624621480703354,0.9399999976158142,0.16005559265613556
1865,0.9701492786407471,0.08417916297912598,0.9549999833106995,0.1438334882259369
1866,0.9635157585144043,0.0940217450261116,0.9350000023841858,0.18830996751785278
1867,0.9668325185775757,0.0844026505947113,0.9449999928474426,0.17795448005199432
1868,0.9684908986091614,0.0889345332980156,0.9399999976158142,0.15491902828216553
1869,0.9684908986091614,0.0885089635848999,0.949999988079071,0.16679614782333374
1870,0.9734659790992737,0.08430320024490356,0.9449999928474426,0.166504368185997
1871,0.9701492786407471,0.08293936401605606,0.925000011920929,0.1866401880979538
1872,0.9684908986091614,0.0836908221244812,0.9350000023841858,0.19225084781646729
1873,0.9668325185775757,0.09061308205127716,0.9449999928474426,0.14485198259353638
1874,0.9684908986091614,0.08914356678724289,0.949999988079071,0.15588346123695374
1875,0.9684908986091614,0.08426781743764877,0.9449999928474426,0.15817128121852875
1876,0.971807599067688,0.08580564707517624,0.9350000023841858,0.20192964375019073
1877,0.9668325185775757,0.0882478803396225,0.9449999928474426,0.14374707639217377
1878,0.9751243591308594,0.08366844803094864,0.9399999976158142,0.16500461101531982
1879,0.9701492786407471,0.08418751507997513,0.9449999928474426,0.14669771492481232
1880,0.971807599067688,0.08840494602918625,0.9399999976158142,0.15787139534950256
1881,0.9701492786407471,0.0859786793589592,0.9399999976158142,0.1500064879655838
1882,0.971807599067688,0.08795426785945892,0.9350000023841858,0.18216527998447418
1883,0.96517413854599,0.08683028817176819,0.9350000023841858,0.1819792538881302
1884,0.9701492786407471,0.0874018743634224,0.9449999928474426,0.1706894040107727
1885,0.96517413854599,0.08263455331325531,0.949999988079071,0.1701374053955078
1886,0.9668325185775757,0.08661022782325745,0.9549999833106995,0.17863434553146362
1887,0.971807599067688,0.08539478480815887,0.9399999976158142,0.17052839696407318
1888,0.9734659790992737,0.084193155169487,0.9399999976158142,0.15748685598373413
1889,0.971807599067688,0.08562524616718292,0.9399999976158142,0.16467668116092682
1890,0.9734659790992737,0.08435353636741638,0.9449999928474426,0.18787528574466705
1891,0.9734659790992737,0.08340217918157578,0.9399999976158142,0.16631540656089783
1892,0.9751243591308594,0.08609660714864731,0.9449999928474426,0.16059570014476776
1893,0.9684908986091614,0.0833066999912262,0.9549999833106995,0.16333384811878204
1894,0.9767827391624451,0.08159713447093964,0.9350000023841858,0.15997733175754547
1895,0.9734659790992737,0.08423519134521484,0.9399999976158142,0.14543992280960083
1896,0.9618573784828186,0.08769306540489197,0.949999988079071,0.138688862323761
1897,0.9767827391624451,0.08217421174049377,0.9449999928474426,0.16027259826660156
1898,0.971807599067688,0.08275090903043747,0.949999988079071,0.17236854135990143
1899,0.9751243591308594,0.08646243810653687,0.949999988079071,0.17184244096279144
1900,0.9668325185775757,0.08586877584457397,0.9449999928474426,0.16974717378616333
1901,0.971807599067688,0.08519139885902405,0.949999988079071,0.1585814505815506
1902,0.971807599067688,0.08292120695114136,0.9350000023841858,0.16512109339237213
1903,0.9684908986091614,0.0860750675201416,0.9399999976158142,0.1402740329504013
1904,0.9701492786407471,0.08631616085767746,0.9549999833106995,0.1528497189283371
1905,0.9684908986091614,0.08424079418182373,0.9399999976158142,0.16143889725208282
1906,0.971807599067688,0.08630649000406265,0.9449999928474426,0.173405721783638
1907,0.971807599067688,0.08212459087371826,0.9549999833106995,0.12722225487232208
1908,0.9734659790992737,0.08987079560756683,0.9549999833106995,0.1838511824607849
1909,0.96517413854599,0.08407674729824066,0.9350000023841858,0.17662686109542847
1910,0.9684908986091614,0.08770716190338135,0.9549999833106995,0.1365046352148056
1911,0.9684908986091614,0.0871916338801384,0.9350000023841858,0.16296368837356567
1912,0.9668325185775757,0.08683233708143234,0.9599999785423279,0.1530495434999466
1913,0.9734659790992737,0.08482898771762848,0.9399999976158142,0.1548645943403244
1914,0.9734659790992737,0.0849606990814209,0.9449999928474426,0.1684318482875824
1915,0.96517413854599,0.08646901696920395,0.9399999976158142,0.13675731420516968
1916,0.9684908986091614,0.08669475466012955,0.9449999928474426,0.14513622224330902
1917,0.9684908986091614,0.0829775258898735,0.9449999928474426,0.19147735834121704
1918,0.9734659790992737,0.08316689729690552,0.9399999976158142,0.18957029283046722
1919,0.9684908986091614,0.08622873574495316,0.9350000023841858,0.1667122095823288
1920,0.971807599067688,0.08341596275568008,0.949999988079071,0.1768435835838318
1921,0.971807599067688,0.08363968133926392,0.9449999928474426,0.1716461181640625
1922,0.971807599067688,0.0813804641366005,0.9399999976158142,0.16734708845615387
1923,0.9684908986091614,0.08560138195753098,0.9449999928474426,0.13866658508777618
1924,0.9751243591308594,0.08286165446043015,0.9449999928474426,0.12823837995529175
1925,0.971807599067688,0.08503268659114838,0.949999988079071,0.16572071611881256
1926,0.9767827391624451,0.08276702463626862,0.9599999785423279,0.1627797931432724
1927,0.971807599067688,0.08129716664552689,0.9449999928474426,0.1700034737586975
1928,0.9668325185775757,0.08322536200284958,0.9549999833106995,0.1505587249994278
1929,0.971807599067688,0.08583113551139832,0.9350000023841858,0.15215325355529785
1930,0.9701492786407471,0.08382293581962585,0.9549999833106995,0.18766126036643982
1931,0.96517413854599,0.08956541121006012,0.9449999928474426,0.1734306514263153
1932,0.9701492786407471,0.08538269251585007,0.949999988079071,0.19746370613574982
1933,0.9767827391624451,0.08265619724988937,0.9549999833106995,0.16700316965579987
1934,0.9668325185775757,0.08774115890264511,0.949999988079071,0.17375518381595612
1935,0.9734659790992737,0.08357090502977371,0.9449999928474426,0.14830058813095093
1936,0.9684908986091614,0.08666352927684784,0.949999988079071,0.17767873406410217
1937,0.9668325185775757,0.08493813872337341,0.9449999928474426,0.1995784044265747
1938,0.9684908986091614,0.08419245481491089,0.9399999976158142,0.1612396240234375
1939,0.9701492786407471,0.08358593285083771,0.9399999976158142,0.17233026027679443
1940,0.971807599067688,0.07919754087924957,0.949999988079071,0.1551961451768875
1941,0.9734659790992737,0.08136280626058578,0.9399999976158142,0.1642153561115265
1942,0.9701492786407471,0.08367164433002472,0.949999988079071,0.14424186944961548
1943,0.9701492786407471,0.08153235167264938,0.9399999976158142,0.1821843385696411
1944,0.9684908986091614,0.08403986692428589,0.9399999976158142,0.150122731924057
1945,0.9734659790992737,0.0798904299736023,0.949999988079071,0.14503800868988037
1946,0.9734659790992737,0.08408999443054199,0.9449999928474426,0.16378702223300934
1947,0.9684908986091614,0.0823446661233902,0.9350000023841858,0.15131506323814392
1948,0.971807599067688,0.08349504321813583,0.9549999833106995,0.16212543845176697
1949,0.96517413854599,0.08900038152933121,0.949999988079071,0.1531088501214981
1950,0.9751243591308594,0.08390031009912491,0.9449999928474426,0.15950588881969452
1951,0.9767827391624451,0.08132175356149673,0.9449999928474426,0.1592993438243866
1952,0.96517413854599,0.08397512137889862,0.9599999785423279,0.15119868516921997
1953,0.971807599067688,0.08458840101957321,0.9549999833106995,0.1444585919380188
1954,0.9684908986091614,0.08226405084133148,0.9300000071525574,0.18032251298427582
1955,0.9701492786407471,0.0839838758111,0.9549999833106995,0.16653099656105042
1956,0.971807599067688,0.07982556521892548,0.949999988079071,0.14857995510101318
1957,0.9668325185775757,0.08612042665481567,0.9449999928474426,0.14672306180000305
1958,0.9751243591308594,0.07911529392004013,0.9399999976158142,0.19080115854740143
1959,0.971807599067688,0.08492390811443329,0.9549999833106995,0.17739252746105194
1960,0.971807599067688,0.08409476280212402,0.9449999928474426,0.16326282918453217
1961,0.9751243591308594,0.0848362073302269,0.925000011920929,0.22070978581905365
1962,0.9668325185775757,0.08545004576444626,0.949999988079071,0.17903049290180206
1963,0.9684908986091614,0.08512048423290253,0.9449999928474426,0.1635192632675171
1964,0.9701492786407471,0.08159630745649338,0.9449999928474426,0.1653723269701004
1965,0.9684908986091614,0.0852930024266243,0.9549999833106995,0.1652384251356125
1966,0.9701492786407471,0.08126205950975418,0.9350000023841858,0.18566763401031494
1967,0.9734659790992737,0.07945383340120316,0.9399999976158142,0.16468042135238647
1968,0.9684908986091614,0.08444210886955261,0.949999988079071,0.13655082881450653
1969,0.971807599067688,0.08384769409894943,0.9549999833106995,0.1921059936285019
1970,0.9701492786407471,0.08022478222846985,0.9449999928474426,0.1579020768404007
1971,0.9684908986091614,0.08470170944929123,0.949999988079071,0.14709287881851196
1972,0.971807599067688,0.08291783183813095,0.9549999833106995,0.17750684916973114
1973,0.971807599067688,0.08078021556138992,0.949999988079071,0.15103954076766968
1974,0.971807599067688,0.08145089447498322,0.9449999928474426,0.13286055624485016
1975,0.971807599067688,0.08273531496524811,0.9399999976158142,0.15721069276332855
1976,0.971807599067688,0.08024842292070389,0.9399999976158142,0.17952273786067963
1977,0.9734659790992737,0.07780393958091736,0.9300000071525574,0.1880062073469162
1978,0.971807599067688,0.08952821046113968,0.9399999976158142,0.15005990862846375
1979,0.9701492786407471,0.08251532167196274,0.9449999928474426,0.18395675718784332
1980,0.9668325185775757,0.08527601510286331,0.9449999928474426,0.1600499153137207
1981,0.9751243591308594,0.08358730375766754,0.949999988079071,0.1651984006166458
1982,0.9734659790992737,0.08203406631946564,0.9549999833106995,0.14256207644939423
1983,0.971807599067688,0.08431383967399597,0.9399999976158142,0.15166008472442627
1984,0.9701492786407471,0.08568217605352402,0.949999988079071,0.1488669514656067
1985,0.9734659790992737,0.0845450609922409,0.949999988079071,0.18514399230480194
1986,0.9734659790992737,0.08182531595230103,0.949999988079071,0.17022758722305298
1987,0.9701492786407471,0.0826374888420105,0.9449999928474426,0.16141065955162048
1988,0.9734659790992737,0.08163296431303024,0.9449999928474426,0.186846062541008
1989,0.9734659790992737,0.08578768372535706,0.9449999928474426,0.18841762840747833
1990,0.9701492786407471,0.08167323470115662,0.949999988079071,0.16101525723934174
1991,0.9734659790992737,0.07893326133489609,0.9449999928474426,0.17266111075878143
1992,0.9684908986091614,0.08695844560861588,0.949999988079071,0.18771813809871674
1993,0.9734659790992737,0.08051126450300217,0.9549999833106995,0.1487959772348404
1994,0.9701492786407471,0.08365123718976974,0.949999988079071,0.14701099693775177
1995,0.9668325185775757,0.08063124120235443,0.949999988079071,0.14174681901931763
1996,0.9684908986091614,0.08329195529222488,0.9399999976158142,0.1533668041229248
1997,0.9701492786407471,0.0816987156867981,0.949999988079071,0.18075254559516907
1998,0.9734659790992737,0.08077198266983032,0.9449999928474426,0.15062515437602997
1999,0.971807599067688,0.08196242153644562,0.949999988079071,0.16722500324249268
2000,0.9751243591308594,0.08140247315168381,0.9549999833106995,0.15716877579689026
